image_id,relative_path,foreground_density
20230831-0430-37dd-ddff-1ed424056878_05edc809-c2b0-4fb1-ba37-9eedfa9285c9_2分,20230831-0430-37dd-ddff-1ed424056878_05edc809-c2b0-4fb1-ba37-9eedfa9285c9_2分.jpg,0.0730216770202615
20230831-0430-37dd-ddff-1ed424056878_0dad6d03-9661-49de-8595-bc1d0317609b_5分,20230831-0430-37dd-ddff-1ed424056878_0dad6d03-9661-49de-8595-bc1d0317609b_5分.jpg,0.0921705853057587
20230831-0430-37dd-ddff-1ed424056878_2f121b0b-14e2-4e5a-b3b0-d579786526ea_1分,20230831-0430-37dd-ddff-1ed424056878_2f121b0b-14e2-4e5a-b3b0-d579786526ea_1分.jpg,0.0249325050457393
20230831-0430-37dd-ddff-1ed424056878_454bef8d-bb5c-49ea-b673-f07724079310_5分,20230831-0430-37dd-ddff-1ed424056878_454bef8d-bb5c-49ea-b673-f07724079310_5分.jpg,0.0844040785300516
20230831-0430-37dd-ddff-1ed424056878_798201d1-cfc1-4066-abbf-9f8745d71cbe_1分,20230831-0430-37dd-ddff-1ed424056878_798201d1-cfc1-4066-abbf-9f8745d71cbe_1分.jpg,0.0331013603837383
20230831-0430-37dd-ddff-1ed424056878_9c0730e9-96af-4272-824a-01a2a579f994_2分,20230831-0430-37dd-ddff-1ed424056878_9c0730e9-96af-4272-824a-01a2a579f994_2分.jpg,0.041439280752798
20230831-0430-37dd-ddff-1ed424056878_c57336f2-d4dc-43a2-a64c-e3f9d28db2df_5分,20230831-0430-37dd-ddff-1ed424056878_c57336f2-d4dc-43a2-a64c-e3f9d28db2df_5分.jpg,0.081155146654085
20230831-0430-37dd-ddff-1ed424056878_f737f28c-6a6c-465e-8560-404817211cd3_5分,20230831-0430-37dd-ddff-1ed424056878_f737f28c-6a6c-465e-8560-404817211cd3_5分.jpg,0.0287187753925192
20230903-0945-29e6-4d7c-bec327316269_00d3fd10-1351-47ad-8ce4-526a3227e509_9分,20230903-0945-29e6-4d7c-bec327316269_00d3fd10-1351-47ad-8ce4-526a3227e509_9分.jpg,0.0707947735533942
20230903-0945-29e6-4d7c-bec327316269_37e63f3b-8b72-4124-9dac-728a72b38170_8分,20230903-0945-29e6-4d7c-bec327316269_37e63f3b-8b72-4124-9dac-728a72b38170_8分.jpg,0.1122477650063857
20230903-0945-29e6-4d7c-bec327316269_bcf6ad1f-9880-4d06-af84-b174c224f721_12分,20230903-0945-29e6-4d7c-bec327316269_bcf6ad1f-9880-4d06-af84-b174c224f721_12分.jpg,0.0760271146478043
20230903-0945-29e6-4d7c-bec327316269_cc987b76-c0a1-4e9c-9590-b2bc9c1a298e_3分,20230903-0945-29e6-4d7c-bec327316269_cc987b76-c0a1-4e9c-9590-b2bc9c1a298e_3分.jpg,0.04137439827095
20230912-0245-1398-cd8b-4e2c05304969_604c8c50-8c83-42e6-9ce9-b7ceaa808ad1_12分,20230912-0245-1398-cd8b-4e2c05304969_604c8c50-8c83-42e6-9ce9-b7ceaa808ad1_12分.jpg,0.0800342302404534
20230912-0245-1398-cd8b-4e2c05304969_80f532b4-05ab-480f-8bad-5f96e01c96b7_6分,20230912-0245-1398-cd8b-4e2c05304969_80f532b4-05ab-480f-8bad-5f96e01c96b7_6分.jpg,0.0924535328311877
20230912-0245-1398-cd8b-4e2c05304969_a171636e-772e-4314-b6db-742c89a8b666_2分,20230912-0245-1398-cd8b-4e2c05304969_a171636e-772e-4314-b6db-742c89a8b666_2分.jpg,0.051619559700141
20230912-0245-1398-cd8b-4e2c05304969_fb08316c-9f26-43df-bede-82bf42edd689_8分,20230912-0245-1398-cd8b-4e2c05304969_fb08316c-9f26-43df-bede-82bf42edd689_8分.jpg,0.1218897541391298
20230912-0245-3420-2125-55fe5c827388_35d3ce18-67c5-4e40-9d37-b86facb66c2f_3分,20230912-0245-3420-2125-55fe5c827388_35d3ce18-67c5-4e40-9d37-b86facb66c2f_3分.jpg,0.1522691903722319
20230912-0245-3420-2125-55fe5c827388_39df62da-3669-4e16-834a-4600156b5a1d_10分,20230912-0245-3420-2125-55fe5c827388_39df62da-3669-4e16-834a-4600156b5a1d_10分.jpg,0.0962749313991278
20230912-0245-3420-2125-55fe5c827388_a50c9304-a144-4b5a-b111-0f1d443a647b_10分,20230912-0245-3420-2125-55fe5c827388_a50c9304-a144-4b5a-b111-0f1d443a647b_10分.jpg,0.1270697116838695
20230912-0245-3420-2125-55fe5c827388_c74f1370-7f66-4eeb-a1d2-1556170704db_1分,20230912-0245-3420-2125-55fe5c827388_c74f1370-7f66-4eeb-a1d2-1556170704db_1分.jpg,0.0614905773471396
20230912-0250-05fd-d06e-f6dc69741748_1246c1e7-54b6-4797-87bb-a64ff099d089_12分,20230912-0250-05fd-d06e-f6dc69741748_1246c1e7-54b6-4797-87bb-a64ff099d089_12分.jpg,0.0675702059161035
20230912-0250-05fd-d06e-f6dc69741748_1d10b9d3-0fb7-4260-b599-1af36e6e965b_2分,20230912-0250-05fd-d06e-f6dc69741748_1d10b9d3-0fb7-4260-b599-1af36e6e965b_2分.jpg,0.0242941556164732
20230912-0250-05fd-d06e-f6dc69741748_3f469e3f-1386-4200-a7a4-38f7d7775f05_5分,20230912-0250-05fd-d06e-f6dc69741748_3f469e3f-1386-4200-a7a4-38f7d7775f05_5分.jpg,0.0594877597857962
20230912-0250-05fd-d06e-f6dc69741748_7a2c95e8-28f8-42ec-b2be-253044eeb765_12分,20230912-0250-05fd-d06e-f6dc69741748_7a2c95e8-28f8-42ec-b2be-253044eeb765_12分.jpg,0.0395824700369756
20230917-0538-1942-cd94-0c58e2411477_589d9eea-bc24-4f4a-81cd-2083ed339ccb_12分,20230917-0538-1942-cd94-0c58e2411477_589d9eea-bc24-4f4a-81cd-2083ed339ccb_12分.jpg,0.0515703647013805
20230917-0538-1942-cd94-0c58e2411477_8a1c00af-7286-44c2-a760-495acbeec758_8分,20230917-0538-1942-cd94-0c58e2411477_8a1c00af-7286-44c2-a760-495acbeec758_8分.jpg,0.0589637791948969
20230917-0538-1942-cd94-0c58e2411477_8fc27896-8dc1-40a9-91ac-4c9e6583541e_5分,20230917-0538-1942-cd94-0c58e2411477_8fc27896-8dc1-40a9-91ac-4c9e6583541e_5分.jpg,0.0256310807371251
20230917-0538-1942-cd94-0c58e2411477_d043419d-a417-427f-8bc8-25e0a053ef02_12分,20230917-0538-1942-cd94-0c58e2411477_d043419d-a417-427f-8bc8-25e0a053ef02_12分.jpg,0.0884300854831085
20230924-0127-2334-8f24-59c13b970885_0a6d028b-0f86-4eaa-b277-71c4571b51c0_1分,20230924-0127-2334-8f24-59c13b970885_0a6d028b-0f86-4eaa-b277-71c4571b51c0_1分.jpg,0.0324698904557283
20230924-0127-2334-8f24-59c13b970885_2b8b60c0-9db0-4c5d-875f-46f471da4f2b_10分,20230924-0127-2334-8f24-59c13b970885_2b8b60c0-9db0-4c5d-875f-46f471da4f2b_10分.jpg,0.0877968084891767
20230924-0127-2334-8f24-59c13b970885_5ca6e4df-a48f-474e-b2f1-59b083b39071_7分,20230924-0127-2334-8f24-59c13b970885_5ca6e4df-a48f-474e-b2f1-59b083b39071_7分.jpg,0.0825587997106486
20230924-0127-2334-8f24-59c13b970885_6c8e5258-43cd-418d-8a35-53951b18349d_10分,20230924-0127-2334-8f24-59c13b970885_6c8e5258-43cd-418d-8a35-53951b18349d_10分.jpg,0.060556280855258
20230924-1413-11b2-ff08-839a9d835523_30183b9a-023c-4048-9778-be841461dc39_3分,20230924-1413-11b2-ff08-839a9d835523_30183b9a-023c-4048-9778-be841461dc39_3分.jpg,0.044478378764093
20230924-1413-11b2-ff08-839a9d835523_8787a6ea-0a1d-4e75-a37f-630e7b6da80f_8分,20230924-1413-11b2-ff08-839a9d835523_8787a6ea-0a1d-4e75-a37f-630e7b6da80f_8分.jpg,0.1157670900528043
20230924-1413-11b2-ff08-839a9d835523_8c258664-693f-4484-b74e-b09e31bb2044_12分,20230924-1413-11b2-ff08-839a9d835523_8c258664-693f-4484-b74e-b09e31bb2044_12分.jpg,0.1171285857000142
20230924-1413-11b2-ff08-839a9d835523_978231d7-b577-4509-ba7a-e14381df23c5_8分,20230924-1413-11b2-ff08-839a9d835523_978231d7-b577-4509-ba7a-e14381df23c5_8分.jpg,0.0952076494933637
20230925-0001-284c-7216-e4ecee732608_3b3ea2d4-e32e-4219-b2d6-46aeacc03563_11分,20230925-0001-284c-7216-e4ecee732608_3b3ea2d4-e32e-4219-b2d6-46aeacc03563_11分.jpg,0.0732601555322396
20230925-0001-284c-7216-e4ecee732608_9c317004-3f3e-4f62-a1a3-ae05f3619b59_4分,20230925-0001-284c-7216-e4ecee732608_9c317004-3f3e-4f62-a1a3-ae05f3619b59_4分.jpg,0.0427900828143399
20230925-0001-284c-7216-e4ecee732608_bb455d02-251a-42f9-a120-dbccb7f00cae_10分,20230925-0001-284c-7216-e4ecee732608_bb455d02-251a-42f9-a120-dbccb7f00cae_10分.jpg,0.0700772099599671
20230925-0001-284c-7216-e4ecee732608_f5e29639-fadc-43a0-bccd-8ada38ab0b5a_10分,20230925-0001-284c-7216-e4ecee732608_f5e29639-fadc-43a0-bccd-8ada38ab0b5a_10分.jpg,0.1019195001406442
20230925-1310-3713-634c-9ceb32915374_47f61eed-6205-48d8-aabb-4152ffcd9cea_12分,20230925-1310-3713-634c-9ceb32915374_47f61eed-6205-48d8-aabb-4152ffcd9cea_12分.jpg,0.0766267317799333
20230925-1310-3713-634c-9ceb32915374_5bfd986f-1be3-41d5-b675-72433734de4e_4分,20230925-1310-3713-634c-9ceb32915374_5bfd986f-1be3-41d5-b675-72433734de4e_4分.jpg,0.0120789148558211
20230925-1310-3713-634c-9ceb32915374_5ea6df8c-8560-42ce-9cfd-853856f2668b_4分,20230925-1310-3713-634c-9ceb32915374_5ea6df8c-8560-42ce-9cfd-853856f2668b_4分.jpg,0.0194160577624202
20230925-1310-3713-634c-9ceb32915374_643f7443-d838-4c00-a48e-c2f4746ac326_4分,20230925-1310-3713-634c-9ceb32915374_643f7443-d838-4c00-a48e-c2f4746ac326_4分.jpg,0.0176309964536782
20230925-1310-3713-634c-9ceb32915374_6e6ac957-04f7-480e-8436-53a41d78841f_6分,20230925-1310-3713-634c-9ceb32915374_6e6ac957-04f7-480e-8436-53a41d78841f_6分.jpg,0.0346983462759293
20230925-1310-3713-634c-9ceb32915374_701fa9d7-55c0-4c7e-a46f-85e84a7f6f68_6分,20230925-1310-3713-634c-9ceb32915374_701fa9d7-55c0-4c7e-a46f-85e84a7f6f68_6分.jpg,0.0475551151202265
20230925-1310-3713-634c-9ceb32915374_72a0a303-8316-4440-8100-c6583b51efde_4分,20230925-1310-3713-634c-9ceb32915374_72a0a303-8316-4440-8100-c6583b51efde_4分.jpg,0.0428230798690522
20230925-1310-3713-634c-9ceb32915374_a7c35943-6372-44de-8454-663748978961_2分,20230925-1310-3713-634c-9ceb32915374_a7c35943-6372-44de-8454-663748978961_2分.jpg,0.0223089389379209
20230926-0321-2868-70bc-c3e9ad379167_386138a1-91b0-480d-8b6d-9b94336083fe_9分,20230926-0321-2868-70bc-c3e9ad379167_386138a1-91b0-480d-8b6d-9b94336083fe_9分.jpg,0.0400168075535122
20230926-0321-2868-70bc-c3e9ad379167_4c2d8757-4e35-4897-bd7e-b178c2b14ef2_5分,20230926-0321-2868-70bc-c3e9ad379167_4c2d8757-4e35-4897-bd7e-b178c2b14ef2_5分.jpg,0.0636820900687132
20230926-0321-2868-70bc-c3e9ad379167_8764c71b-54ef-40ef-a844-caa32d75fcf7_9分,20230926-0321-2868-70bc-c3e9ad379167_8764c71b-54ef-40ef-a844-caa32d75fcf7_9分.jpg,0.1247824904839586
20230926-0321-2868-70bc-c3e9ad379167_a0e55c5f-c8fa-4633-88b9-48d5793cba94_2分,20230926-0321-2868-70bc-c3e9ad379167_a0e55c5f-c8fa-4633-88b9-48d5793cba94_2分.jpg,0.017663997231697
20230928-0706-101d-2d23-2fcd1b957952_2c99e457-fa46-4cfd-ac32-a23c9ec6bfde_8分,20230928-0706-101d-2d23-2fcd1b957952_2c99e457-fa46-4cfd-ac32-a23c9ec6bfde_8分.jpg,0.1237912658853862
20230928-0706-101d-2d23-2fcd1b957952_39131571-da72-41a6-81a7-ce244f756311_2分,20230928-0706-101d-2d23-2fcd1b957952_39131571-da72-41a6-81a7-ce244f756311_2分.jpg,0.0310445040869966
20230928-0706-101d-2d23-2fcd1b957952_6144516d-4944-4287-b184-03f6e0bdab2d_8分,20230928-0706-101d-2d23-2fcd1b957952_6144516d-4944-4287-b184-03f6e0bdab2d_8分.jpg,0.0835925561649468
20230928-0706-101d-2d23-2fcd1b957952_ab1ef8dc-466d-4b52-b2d4-2047957aa5a1_8分,20230928-0706-101d-2d23-2fcd1b957952_ab1ef8dc-466d-4b52-b2d4-2047957aa5a1_8分.jpg,0.1303282377848534
20231002-0409-56f6-b409-d13d52524918_14592208-e6a9-4c50-80b4-3800393d3397_10分,20231002-0409-56f6-b409-d13d52524918_14592208-e6a9-4c50-80b4-3800393d3397_10分.jpg,0.0672274302017525
20231002-0409-56f6-b409-d13d52524918_42c2f627-92ac-4ccc-8306-524bf260bfa5_1分,20231002-0409-56f6-b409-d13d52524918_42c2f627-92ac-4ccc-8306-524bf260bfa5_1分.jpg,0.0298410434073772
20231002-0409-56f6-b409-d13d52524918_48d4b601-51c1-4efb-bd99-3b5379e97467_6分,20231002-0409-56f6-b409-d13d52524918_48d4b601-51c1-4efb-bd99-3b5379e97467_6分.jpg,0.0595363766048502
20231002-0409-56f6-b409-d13d52524918_585e5886-51f9-45ed-9aa0-51f0bdd4c1f0_9分,20231002-0409-56f6-b409-d13d52524918_585e5886-51f9-45ed-9aa0-51f0bdd4c1f0_9分.jpg,0.0691145302628897
20231002-0409-56f6-b409-d13d52524918_7774aa73-0953-402f-a9e7-973d461f2057_8分,20231002-0409-56f6-b409-d13d52524918_7774aa73-0953-402f-a9e7-973d461f2057_8分.jpg,0.0576085184430405
20231002-0409-56f6-b409-d13d52524918_7b83992d-d9d3-4e80-9c7a-38685add677f_10分,20231002-0409-56f6-b409-d13d52524918_7b83992d-d9d3-4e80-9c7a-38685add677f_10分.jpg,0.0878928061952313
20231002-0409-56f6-b409-d13d52524918_84f31227-a0eb-4296-90dc-cf6d5d078593_12分,20231002-0409-56f6-b409-d13d52524918_84f31227-a0eb-4296-90dc-cf6d5d078593_12分.jpg,0.0617383329936825
20231002-0409-56f6-b409-d13d52524918_8cf8d4de-9b64-4417-9dca-0fd4d4d336d2_8分,20231002-0409-56f6-b409-d13d52524918_8cf8d4de-9b64-4417-9dca-0fd4d4d336d2_8分.jpg,0.0712655390258814
20231005-0822-0843-e73c-78feab697903_0e8492fe-2f51-4c33-abfd-c8e0481993a2_8分,20231005-0822-0843-e73c-78feab697903_0e8492fe-2f51-4c33-abfd-c8e0481993a2_8分.jpg,0.0625932303881027
20231005-0822-0843-e73c-78feab697903_645289b7-c7e7-46d0-977d-aa2d7cf9930f_4分,20231005-0822-0843-e73c-78feab697903_645289b7-c7e7-46d0-977d-aa2d7cf9930f_4分.jpg,0.0293578951741118
20231005-0822-0843-e73c-78feab697903_8768ba30-f2cc-4f45-9cb0-e9fd529dcc6a_4分,20231005-0822-0843-e73c-78feab697903_8768ba30-f2cc-4f45-9cb0-e9fd529dcc6a_4分.jpg,0.0367700650677301
20231005-0822-0843-e73c-78feab697903_ab4bfd07-b59d-487e-918b-94b9f72dd4e1_12分,20231005-0822-0843-e73c-78feab697903_ab4bfd07-b59d-487e-918b-94b9f72dd4e1_12分.jpg,0.0457418967451029
20231011-0527-43a1-7adb-7d1efd377690_59960b6a-a187-4f3d-b9f8-a05171aec69d_12分,20231011-0527-43a1-7adb-7d1efd377690_59960b6a-a187-4f3d-b9f8-a05171aec69d_12分.jpg,0.0916757666599431
20231011-0527-43a1-7adb-7d1efd377690_61606850-c66a-4e82-acc3-08a44f86957a_2分,20231011-0527-43a1-7adb-7d1efd377690_61606850-c66a-4e82-acc3-08a44f86957a_2分.jpg,0.0303000795235081
20231011-0527-43a1-7adb-7d1efd377690_8d89f7bc-86a3-4cb6-9971-91186ea07998_5分,20231011-0527-43a1-7adb-7d1efd377690_8d89f7bc-86a3-4cb6-9971-91186ea07998_5分.jpg,0.0361762407869813
20231011-0527-43a1-7adb-7d1efd377690_afe9c0f2-8396-4eb8-bdb3-1ac3f20ecde1_6分,20231011-0527-43a1-7adb-7d1efd377690_afe9c0f2-8396-4eb8-bdb3-1ac3f20ecde1_6分.jpg,0.0727257551835184
20231011-0527-43a1-7adb-7d1efd377690_ba9131a3-e47c-46e8-8f72-f3fe70bad66e_6分,20231011-0527-43a1-7adb-7d1efd377690_ba9131a3-e47c-46e8-8f72-f3fe70bad66e_6分.jpg,0.0583153072320023
20231011-0527-43a1-7adb-7d1efd377690_e035e2ef-5f5c-4793-9801-182bfd3cf85b_9分,20231011-0527-43a1-7adb-7d1efd377690_e035e2ef-5f5c-4793-9801-182bfd3cf85b_9分.jpg,0.0708443170831797
20231011-0527-43a1-7adb-7d1efd377690_ed34f512-3172-46d5-83ba-b112cbf11332_9分,20231011-0527-43a1-7adb-7d1efd377690_ed34f512-3172-46d5-83ba-b112cbf11332_9分.jpg,0.0529932602088013
20231011-0527-43a1-7adb-7d1efd377690_f79c3969-0a37-423a-9b21-a4a57fe61c2a_3分,20231011-0527-43a1-7adb-7d1efd377690_f79c3969-0a37-423a-9b21-a4a57fe61c2a_3分.jpg,0.0411910905849267
20231012-0444-57a3-1ada-7918f3305178_2f63f1d7-3752-404e-968a-81b81d20cbff_3分,20231012-0444-57a3-1ada-7918f3305178_2f63f1d7-3752-404e-968a-81b81d20cbff_3分.jpg,0.0173830617914257
20231012-0444-57a3-1ada-7918f3305178_32f6dcf7-e07e-466b-af46-532ff95a13b8_12分,20231012-0444-57a3-1ada-7918f3305178_32f6dcf7-e07e-466b-af46-532ff95a13b8_12分.jpg,0.0744913281777911
20231012-0444-57a3-1ada-7918f3305178_a25ac8bb-b56f-45f4-88e7-ef245076f684_7分,20231012-0444-57a3-1ada-7918f3305178_a25ac8bb-b56f-45f4-88e7-ef245076f684_7分.jpg,0.0869922666866881
20231012-0444-57a3-1ada-7918f3305178_c81f14d0-4c41-473b-b08a-87d6df0f62cf_12分,20231012-0444-57a3-1ada-7918f3305178_c81f14d0-4c41-473b-b08a-87d6df0f62cf_12分.jpg,0.0606802312485922
20231016-0054-551b-17d1-34fa2a790459_1fee0761-64a8-40f4-bc80-6c357b71da50_8分,20231016-0054-551b-17d1-34fa2a790459_1fee0761-64a8-40f4-bc80-6c357b71da50_8分.jpg,0.0247304205439514
20231016-0054-551b-17d1-34fa2a790459_4c0f9d25-02a5-4e8f-acb5-b051e69847e4_7分,20231016-0054-551b-17d1-34fa2a790459_4c0f9d25-02a5-4e8f-acb5-b051e69847e4_7分.jpg,0.0416689963656695
20231016-0054-551b-17d1-34fa2a790459_603221ec-5f7d-4518-b842-57bec0ffc30e_6分,20231016-0054-551b-17d1-34fa2a790459_603221ec-5f7d-4518-b842-57bec0ffc30e_6分.jpg,0.0618535085266983
20231016-0054-551b-17d1-34fa2a790459_89af856f-ddfa-4ae8-9dc3-491fa64c1625_2分,20231016-0054-551b-17d1-34fa2a790459_89af856f-ddfa-4ae8-9dc3-491fa64c1625_2分.jpg,0.0305383601581532
20231016-0054-551b-17d1-34fa2a790459_91a063e6-8dc6-42bf-9b3b-e2bd099583e3_6分,20231016-0054-551b-17d1-34fa2a790459_91a063e6-8dc6-42bf-9b3b-e2bd099583e3_6分.jpg,0.0241992491712927
20231016-0054-551b-17d1-34fa2a790459_9b9d588c-f7b2-47f7-ab11-5fcf29e18523_7分,20231016-0054-551b-17d1-34fa2a790459_9b9d588c-f7b2-47f7-ab11-5fcf29e18523_7分.jpg,0.0385708295059706
20231016-0054-551b-17d1-34fa2a790459_9f73bb29-2539-4b08-bee8-b38cd32ea063_11分,20231016-0054-551b-17d1-34fa2a790459_9f73bb29-2539-4b08-bee8-b38cd32ea063_11分.jpg,0.0372958185231039
20231016-0054-551b-17d1-34fa2a790459_e5cec842-3fbf-445e-a3d9-d153fab3fcd4_7分,20231016-0054-551b-17d1-34fa2a790459_e5cec842-3fbf-445e-a3d9-d153fab3fcd4_7分.jpg,0.0218359359399337
20231017-0130-01b5-a24c-eefa96473598_1d7a2572-bb1f-4a60-bfa2-c848aff5fd3c_1分,20231017-0130-01b5-a24c-eefa96473598_1d7a2572-bb1f-4a60-bfa2-c848aff5fd3c_1分.jpg,0.0598019670388091
20231017-0130-01b5-a24c-eefa96473598_449c31db-1b5c-47f7-b368-20ffe4771a1d_7分,20231017-0130-01b5-a24c-eefa96473598_449c31db-1b5c-47f7-b368-20ffe4771a1d_7分.jpg,0.1028159888357256
20231017-0130-01b5-a24c-eefa96473598_4f9f8fd2-4871-40b1-80c3-d4612afe09bf_8分,20231017-0130-01b5-a24c-eefa96473598_4f9f8fd2-4871-40b1-80c3-d4612afe09bf_8分.jpg,0.0712519936204146
20231017-0130-01b5-a24c-eefa96473598_98841a3f-dd14-416c-8eb8-cbc365a72e56_6分,20231017-0130-01b5-a24c-eefa96473598_98841a3f-dd14-416c-8eb8-cbc365a72e56_6分.jpg,0.0885848617756512
20231017-0130-01b5-a24c-eefa96473598_b0b7b3c3-c38e-4580-b938-f5270879bbdc_5分,20231017-0130-01b5-a24c-eefa96473598_b0b7b3c3-c38e-4580-b938-f5270879bbdc_5分.jpg,0.155364500265816
20231017-0130-01b5-a24c-eefa96473598_d6ab895c-219b-458a-8021-9bf0e3b8e46f_5分,20231017-0130-01b5-a24c-eefa96473598_d6ab895c-219b-458a-8021-9bf0e3b8e46f_5分.jpg,0.0954512227538543
20231017-0130-01b5-a24c-eefa96473598_eae3d12c-b46d-458e-a932-81b663bd38d5_5分,20231017-0130-01b5-a24c-eefa96473598_eae3d12c-b46d-458e-a932-81b663bd38d5_5分.jpg,0.0462802365762892
20231017-0130-01b5-a24c-eefa96473598_f88758ca-0fb0-4347-9433-985b6c6a3a18_3分,20231017-0130-01b5-a24c-eefa96473598_f88758ca-0fb0-4347-9433-985b6c6a3a18_3分.jpg,0.1178728070175438
20231025-0110-57b2-5fd7-e64e8a782916_158041de-5d4c-4f26-8e00-6fd96f230801_4分,20231025-0110-57b2-5fd7-e64e8a782916_158041de-5d4c-4f26-8e00-6fd96f230801_4分.jpg,0.041558608058608
20231025-0110-57b2-5fd7-e64e8a782916_1e1487c7-9ffa-452c-8dca-2f6f5a509ae6_10分,20231025-0110-57b2-5fd7-e64e8a782916_1e1487c7-9ffa-452c-8dca-2f6f5a509ae6_10分.jpg,0.0620970695970696
20231025-0110-57b2-5fd7-e64e8a782916_a8f8f0aa-ccb0-48aa-bfc1-5c887d5d1f4f_8分,20231025-0110-57b2-5fd7-e64e8a782916_a8f8f0aa-ccb0-48aa-bfc1-5c887d5d1f4f_8分.jpg,0.0832893772893772
20231025-0110-57b2-5fd7-e64e8a782916_ca1d9d06-c57a-47fd-8663-4518ec2c7b55_10分,20231025-0110-57b2-5fd7-e64e8a782916_ca1d9d06-c57a-47fd-8663-4518ec2c7b55_10分.jpg,0.085518315018315
20231025-0336-4028-0ac4-4f2bf6409251_007646ac-7b54-43e2-bf1c-012dc6033419_2分,20231025-0336-4028-0ac4-4f2bf6409251_007646ac-7b54-43e2-bf1c-012dc6033419_2分.jpg,0.0209078762690952
20231025-0336-4028-0ac4-4f2bf6409251_15f189d5-c0c8-4cc6-b3d8-747dc7689dc5_6分,20231025-0336-4028-0ac4-4f2bf6409251_15f189d5-c0c8-4cc6-b3d8-747dc7689dc5_6分.jpg,0.0333014327360595
20231025-0336-4028-0ac4-4f2bf6409251_168c2fd3-6437-4d84-8879-65fb5d07329a_6分,20231025-0336-4028-0ac4-4f2bf6409251_168c2fd3-6437-4d84-8879-65fb5d07329a_6分.jpg,0.0486776756674415
20231025-0336-4028-0ac4-4f2bf6409251_2c96bd9d-bc8f-460a-8abd-c92c7157fe70_4分,20231025-0336-4028-0ac4-4f2bf6409251_2c96bd9d-bc8f-460a-8abd-c92c7157fe70_4分.jpg,0.0726519629332889
20231025-0336-4028-0ac4-4f2bf6409251_35308f9a-0e9a-41fe-917f-8891e41d8564_10分,20231025-0336-4028-0ac4-4f2bf6409251_35308f9a-0e9a-41fe-917f-8891e41d8564_10分.jpg,0.039972649986104
20231025-0336-4028-0ac4-4f2bf6409251_39942599-d8c9-41ee-a082-97fe379e939c_12分,20231025-0336-4028-0ac4-4f2bf6409251_39942599-d8c9-41ee-a082-97fe379e939c_12分.jpg,0.0213334759751291
20231025-0336-4028-0ac4-4f2bf6409251_c5e72bba-1ff3-4a12-8d74-0778d7077b67_12分,20231025-0336-4028-0ac4-4f2bf6409251_c5e72bba-1ff3-4a12-8d74-0778d7077b67_12分.jpg,0.0208183375331264
20231025-0336-4028-0ac4-4f2bf6409251_f58510da-e156-48d3-897a-74b6be900ff6_12分,20231025-0336-4028-0ac4-4f2bf6409251_f58510da-e156-48d3-897a-74b6be900ff6_12分.jpg,0.028416338842485
20231026-0253-38b8-003b-ae1ecf959563_1e49c05f-a65f-4243-8251-c551ada132cb_6分,20231026-0253-38b8-003b-ae1ecf959563_1e49c05f-a65f-4243-8251-c551ada132cb_6分.jpg,0.0461512752490965
20231026-0253-38b8-003b-ae1ecf959563_242df9e8-2cc3-4dc3-8fc4-9346b4d99a17_5分,20231026-0253-38b8-003b-ae1ecf959563_242df9e8-2cc3-4dc3-8fc4-9346b4d99a17_5分.jpg,0.0634080448965666
20231026-0253-38b8-003b-ae1ecf959563_3b4ab821-f6c0-4f34-ae89-08f035d1b326_2分,20231026-0253-38b8-003b-ae1ecf959563_3b4ab821-f6c0-4f34-ae89-08f035d1b326_2分.jpg,0.0256414541251505
20231026-0253-38b8-003b-ae1ecf959563_e487aea0-8ca0-45f8-9955-2d3c1ebe33bf_5分,20231026-0253-38b8-003b-ae1ecf959563_e487aea0-8ca0-45f8-9955-2d3c1ebe33bf_5分.jpg,0.0974926715824507
20231029-0503-5032-51e8-8827cf205680_30d0ec1a-50fb-4300-a586-0e1e57675014_8分,20231029-0503-5032-51e8-8827cf205680_30d0ec1a-50fb-4300-a586-0e1e57675014_8分.jpg,0.0644848875332343
20231029-0503-5032-51e8-8827cf205680_874afe63-65b8-4290-9568-9c69298eba04_2分,20231029-0503-5032-51e8-8827cf205680_874afe63-65b8-4290-9568-9c69298eba04_2分.jpg,0.104824897646272
20231029-0503-5032-51e8-8827cf205680_8a8562fa-fafa-4dc3-a2cb-9668d237c230_8分,20231029-0503-5032-51e8-8827cf205680_8a8562fa-fafa-4dc3-a2cb-9668d237c230_8分.jpg,0.0602765589573784
20231029-0503-5032-51e8-8827cf205680_8bbe5be7-6eac-4145-af34-59da898bfc54_6分,20231029-0503-5032-51e8-8827cf205680_8bbe5be7-6eac-4145-af34-59da898bfc54_6分.jpg,0.038719069600535
20231029-0503-5032-51e8-8827cf205680_8f42a590-5b29-4739-af53-5c57ee0e6bbe_6分,20231029-0503-5032-51e8-8827cf205680_8f42a590-5b29-4739-af53-5c57ee0e6bbe_6分.jpg,0.1403917986526824
20231029-0503-5032-51e8-8827cf205680_ab789f7f-5503-47e4-a9bb-8775e9da072e_3分,20231029-0503-5032-51e8-8827cf205680_ab789f7f-5503-47e4-a9bb-8775e9da072e_3分.jpg,0.0840462753029833
20231029-0503-5032-51e8-8827cf205680_bdbd172b-1af0-4e7f-b836-b9cce01ad778_6分,20231029-0503-5032-51e8-8827cf205680_bdbd172b-1af0-4e7f-b836-b9cce01ad778_6分.jpg,0.0742778149314107
20231029-0503-5032-51e8-8827cf205680_f99a930d-f82c-4f49-9878-254213046a52_8分,20231029-0503-5032-51e8-8827cf205680_f99a930d-f82c-4f49-9878-254213046a52_8分.jpg,0.0972482750746244
20231030-0713-4336-5802-771f83764357_2a7e5271-da3a-4f75-b0ea-03c79ec16fd0_7分,20231030-0713-4336-5802-771f83764357_2a7e5271-da3a-4f75-b0ea-03c79ec16fd0_7分.jpg,0.0267393811262733
20231030-0713-4336-5802-771f83764357_3bd7a171-c84d-4e56-a96d-983cefaee109_4分,20231030-0713-4336-5802-771f83764357_3bd7a171-c84d-4e56-a96d-983cefaee109_4分.jpg,0.0261094026950263
20231030-0713-4336-5802-771f83764357_833eaa41-f901-4f1a-8d29-ef5eaee5d8d7_5分,20231030-0713-4336-5802-771f83764357_833eaa41-f901-4f1a-8d29-ef5eaee5d8d7_5分.jpg,0.0305179170136886
20231030-0713-4336-5802-771f83764357_8b085afb-a9b7-45c2-b6e3-d238e66f844b_12分,20231030-0713-4336-5802-771f83764357_8b085afb-a9b7-45c2-b6e3-d238e66f844b_12分.jpg,0.0311158626433467
20231030-0713-4336-5802-771f83764357_b22c46ed-915c-46e2-bdba-5450bfd9787e_7分,20231030-0713-4336-5802-771f83764357_b22c46ed-915c-46e2-bdba-5450bfd9787e_7分.jpg,0.0515287654558267
20231030-0713-4336-5802-771f83764357_b64201f2-50d9-4740-b026-220fefaf113c_11分,20231030-0713-4336-5802-771f83764357_b64201f2-50d9-4740-b026-220fefaf113c_11分.jpg,0.0664987613983385
20231030-0713-4336-5802-771f83764357_cb8a520e-5098-40bc-bc79-6a0bc9baa7b8_4分,20231030-0713-4336-5802-771f83764357_cb8a520e-5098-40bc-bc79-6a0bc9baa7b8_4分.jpg,0.03331411365238
20231030-0713-4336-5802-771f83764357_f65ecb54-4a84-4655-a512-fbfbccc29964_4分,20231030-0713-4336-5802-771f83764357_f65ecb54-4a84-4655-a512-fbfbccc29964_4分.jpg,0.0148565464368847
20231111-0334-45d3-339f-5d4aae988586_5e60982c-718c-4ad1-90b9-7473bf87d666_8分,20231111-0334-45d3-339f-5d4aae988586_5e60982c-718c-4ad1-90b9-7473bf87d666_8分.jpg,0.0429582178479174
20231111-0334-45d3-339f-5d4aae988586_901e8bf2-d1d6-4c56-8d23-d9599289a151_4分,20231111-0334-45d3-339f-5d4aae988586_901e8bf2-d1d6-4c56-8d23-d9599289a151_4分.jpg,0.0631740577332805
20231111-0334-45d3-339f-5d4aae988586_aede076a-7fdc-4cf6-95c7-c6dc0fc7194a_4分,20231111-0334-45d3-339f-5d4aae988586_aede076a-7fdc-4cf6-95c7-c6dc0fc7194a_4分.jpg,0.0208321549107227
20231111-0334-45d3-339f-5d4aae988586_e3944857-7208-4e51-9ad3-76eccf8a7c44_8分,20231111-0334-45d3-339f-5d4aae988586_e3944857-7208-4e51-9ad3-76eccf8a7c44_8分.jpg,0.0842807851122801
20231111-0340-0456-4348-ee2b0c818453_34c529c2-a722-4249-97b4-6d9d15a258fb_6分,20231111-0340-0456-4348-ee2b0c818453_34c529c2-a722-4249-97b4-6d9d15a258fb_6分.jpg,0.024261095408298
20231111-0340-0456-4348-ee2b0c818453_4a472746-ebcd-4f3a-b01e-b08f3ff00b0c_5分,20231111-0340-0456-4348-ee2b0c818453_4a472746-ebcd-4f3a-b01e-b08f3ff00b0c_5分.jpg,0.0349988285202965
20231111-0340-0456-4348-ee2b0c818453_6c14b751-3ebb-40aa-9da2-cd6e1af2eede_6分,20231111-0340-0456-4348-ee2b0c818453_6c14b751-3ebb-40aa-9da2-cd6e1af2eede_6分.jpg,0.0318393228348811
20231111-0340-0456-4348-ee2b0c818453_eb40a65c-33d2-4731-a6c4-66542e022910_7分,20231111-0340-0456-4348-ee2b0c818453_eb40a65c-33d2-4731-a6c4-66542e022910_7分.jpg,0.066516119062218
20231114-0147-09d6-3d33-b1e7ec699247_29dbb98a-a82e-49f4-8557-1a0f8ef6dd3c_1分,20231114-0147-09d6-3d33-b1e7ec699247_29dbb98a-a82e-49f4-8557-1a0f8ef6dd3c_1分.jpg,0.0192039130648364
20231114-0147-09d6-3d33-b1e7ec699247_46a97626-4aff-4cb3-93e7-0f9d50c58866_5分,20231114-0147-09d6-3d33-b1e7ec699247_46a97626-4aff-4cb3-93e7-0f9d50c58866_5分.jpg,0.0316375081580664
20231114-0147-09d6-3d33-b1e7ec699247_7cdc6df6-8948-4d0d-b8c7-68c4430885bf_4分,20231114-0147-09d6-3d33-b1e7ec699247_7cdc6df6-8948-4d0d-b8c7-68c4430885bf_4分.jpg,0.0205179758170347
20231114-0147-09d6-3d33-b1e7ec699247_7ce547c7-dfa8-4385-8d37-ab96348633b9_12分,20231114-0147-09d6-3d33-b1e7ec699247_7ce547c7-dfa8-4385-8d37-ab96348633b9_12分.jpg,0.0396701334063173
20231114-0147-09d6-3d33-b1e7ec699247_a12a87c5-feba-4b0b-b01f-ee11342ee9e4_5分,20231114-0147-09d6-3d33-b1e7ec699247_a12a87c5-feba-4b0b-b01f-ee11342ee9e4_5分.jpg,0.0474939823294525
20231114-0147-09d6-3d33-b1e7ec699247_b779d607-c80e-4b84-9234-418f5c849925_2分,20231114-0147-09d6-3d33-b1e7ec699247_b779d607-c80e-4b84-9234-418f5c849925_2分.jpg,0.0099984561078478
20231114-0147-09d6-3d33-b1e7ec699247_da83db98-7be0-4ec6-86b7-e5bb4babcc9b_5分,20231114-0147-09d6-3d33-b1e7ec699247_da83db98-7be0-4ec6-86b7-e5bb4babcc9b_5分.jpg,0.0265768753026379
20231114-0147-09d6-3d33-b1e7ec699247_e79a0f44-ef16-4ed5-b019-124d833b0406_5分,20231114-0147-09d6-3d33-b1e7ec699247_e79a0f44-ef16-4ed5-b019-124d833b0406_5分.jpg,0.0106274167175449
20231119-0345-2894-6d5a-236859098761_482b3cec-33f9-4df1-8791-9bd2f0bbd5a3_12分,20231119-0345-2894-6d5a-236859098761_482b3cec-33f9-4df1-8791-9bd2f0bbd5a3_12分.jpg,0.0353354461156664
20231119-0345-2894-6d5a-236859098761_70819bc0-83c3-44fa-94c0-10c6f0995e4a_12分,20231119-0345-2894-6d5a-236859098761_70819bc0-83c3-44fa-94c0-10c6f0995e4a_12分.jpg,0.0628779113637506
20231119-0345-2894-6d5a-236859098761_7b4d2214-8f62-4a4b-b814-ae889e8de213_3分,20231119-0345-2894-6d5a-236859098761_7b4d2214-8f62-4a4b-b814-ae889e8de213_3分.jpg,0.0279088485336284
20231119-0345-2894-6d5a-236859098761_96b3e53e-2534-4220-b84e-5b7f6c023eef_2分,20231119-0345-2894-6d5a-236859098761_96b3e53e-2534-4220-b84e-5b7f6c023eef_2分.jpg,0.0224743028656706
20231119-0345-2894-6d5a-236859098761_b7aa88df-211d-4aae-93fa-2809405a66b9_2分,20231119-0345-2894-6d5a-236859098761_b7aa88df-211d-4aae-93fa-2809405a66b9_2分.jpg,0.0187828026225329
20231119-0345-2894-6d5a-236859098761_c62d86ed-a8d2-4e34-92bc-e95f09bdc69a_7分,20231119-0345-2894-6d5a-236859098761_c62d86ed-a8d2-4e34-92bc-e95f09bdc69a_7分.jpg,0.0579162265036806
20231119-0345-2894-6d5a-236859098761_eb5b666d-9e30-44f3-ba4a-0ae42fc84225_3分,20231119-0345-2894-6d5a-236859098761_eb5b666d-9e30-44f3-ba4a-0ae42fc84225_3分.jpg,0.0188817344936868
20231119-0345-2894-6d5a-236859098761_f2f34fd6-813f-4709-b0ac-19ccc51fcca6_12分,20231119-0345-2894-6d5a-236859098761_f2f34fd6-813f-4709-b0ac-19ccc51fcca6_12分.jpg,0.0386848768382044
20231120-0122-45d4-af92-a44d64336936_1b07962d-80c5-4453-a79d-17d52966bc46_5分,20231120-0122-45d4-af92-a44d64336936_1b07962d-80c5-4453-a79d-17d52966bc46_5分.jpg,0.0512709269089424
20231120-0122-45d4-af92-a44d64336936_56237655-083a-4dc7-b8aa-361d5957618b_4分,20231120-0122-45d4-af92-a44d64336936_56237655-083a-4dc7-b8aa-361d5957618b_4分.jpg,0.0938648427929767
20231120-0122-45d4-af92-a44d64336936_b34b3e7b-3c62-44b5-aa47-a134de071c38_12分,20231120-0122-45d4-af92-a44d64336936_b34b3e7b-3c62-44b5-aa47-a134de071c38_12分.jpg,0.0526142395783065
20231120-0122-45d4-af92-a44d64336936_b684f285-e31a-4607-bada-7c1ad529fc4c_12分,20231120-0122-45d4-af92-a44d64336936_b684f285-e31a-4607-bada-7c1ad529fc4c_12分.jpg,0.0559713612235049
20231120-0125-3299-92bf-645c70198824_2991b79c-9bf1-4d30-80df-afd3c48db4e4_1分,20231120-0125-3299-92bf-645c70198824_2991b79c-9bf1-4d30-80df-afd3c48db4e4_1分.jpg,0.090149743478182
20231120-0125-3299-92bf-645c70198824_424683d8-9414-4d7f-b02d-03556987962f_1分,20231120-0125-3299-92bf-645c70198824_424683d8-9414-4d7f-b02d-03556987962f_1分.jpg,0.1431672739798045
20231120-0125-3299-92bf-645c70198824_57abca36-16c5-4969-959b-88e28cd24530_1分,20231120-0125-3299-92bf-645c70198824_57abca36-16c5-4969-959b-88e28cd24530_1分.jpg,0.0436755588187306
20231120-0125-3299-92bf-645c70198824_63c112aa-1085-4c6a-bc19-0bed4c63f7fe_1分,20231120-0125-3299-92bf-645c70198824_63c112aa-1085-4c6a-bc19-0bed4c63f7fe_1分.jpg,0.0432619967005674
20231120-0125-3299-92bf-645c70198824_650b5e20-830c-4714-98c0-ebd5bce995aa_1分,20231120-0125-3299-92bf-645c70198824_650b5e20-830c-4714-98c0-ebd5bce995aa_1分.jpg,0.1266667119885426
20231120-0125-3299-92bf-645c70198824_902793ca-7f68-482a-adba-c61855ea4bdf_1分,20231120-0125-3299-92bf-645c70198824_902793ca-7f68-482a-adba-c61855ea4bdf_1分.jpg,0.0529688094849622
20231120-0125-3299-92bf-645c70198824_b4f5ef4d-0b1f-4411-a53b-999d0bbdcb0f_1分,20231120-0125-3299-92bf-645c70198824_b4f5ef4d-0b1f-4411-a53b-999d0bbdcb0f_1分.jpg,0.1144411359474991
20231120-0125-3299-92bf-645c70198824_ba504bd8-6a04-4863-9407-dc25cac065c0_3分,20231120-0125-3299-92bf-645c70198824_ba504bd8-6a04-4863-9407-dc25cac065c0_3分.jpg,0.0522991787676075
20231121-1532-081b-3ee7-19645c758844_58e55ad3-9434-4475-ac05-5014010bebd1_11分,20231121-1532-081b-3ee7-19645c758844_58e55ad3-9434-4475-ac05-5014010bebd1_11分.jpg,0.0975181472519875
20231121-1532-081b-3ee7-19645c758844_aeea187f-ced9-4ebc-becf-93537459f60c_3分,20231121-1532-081b-3ee7-19645c758844_aeea187f-ced9-4ebc-becf-93537459f60c_3分.jpg,0.0434873449322118
20231121-1532-081b-3ee7-19645c758844_d5157826-fea2-4537-84ca-c2464566e325_8分,20231121-1532-081b-3ee7-19645c758844_d5157826-fea2-4537-84ca-c2464566e325_8分.jpg,0.0986580635249836
20231121-1532-081b-3ee7-19645c758844_faece838-844f-4bdc-9fdc-63c9bd506943_4分,20231121-1532-081b-3ee7-19645c758844_faece838-844f-4bdc-9fdc-63c9bd506943_4分.jpg,0.1128179129700042
20231125-0932-0404-02aa-98949f775587_0c719598-1b5e-4bae-8a46-596dcba0de03_3分,20231125-0932-0404-02aa-98949f775587_0c719598-1b5e-4bae-8a46-596dcba0de03_3分.jpg,0.0287491832288098
20231125-0932-0404-02aa-98949f775587_3165477b-a244-45e1-ac47-2a488192dd16_6分,20231125-0932-0404-02aa-98949f775587_3165477b-a244-45e1-ac47-2a488192dd16_6分.jpg,0.0789890407327571
20231125-0932-0404-02aa-98949f775587_7185bd5c-fe4a-4009-b90b-4a4659ccdf16_2分,20231125-0932-0404-02aa-98949f775587_7185bd5c-fe4a-4009-b90b-4a4659ccdf16_2分.jpg,0.0493097266112773
20231125-0932-0404-02aa-98949f775587_77be473a-e970-441e-af32-25944afc55c9_5分,20231125-0932-0404-02aa-98949f775587_77be473a-e970-441e-af32-25944afc55c9_5分.jpg,0.0499736075359204
20231125-0932-0404-02aa-98949f775587_852417a3-9dca-49b2-b850-91749523c7f2_10分,20231125-0932-0404-02aa-98949f775587_852417a3-9dca-49b2-b850-91749523c7f2_10分.jpg,0.0764904766223226
20231125-0932-0404-02aa-98949f775587_8bef04ac-4258-4d54-96b2-abab676089a0_12分,20231125-0932-0404-02aa-98949f775587_8bef04ac-4258-4d54-96b2-abab676089a0_12分.jpg,0.0597864884535876
20231125-0932-0404-02aa-98949f775587_bb6a9666-857b-4648-9725-bd61f585f2d5_6分,20231125-0932-0404-02aa-98949f775587_bb6a9666-857b-4648-9725-bd61f585f2d5_6分.jpg,0.0419151860145518
20231125-0932-0404-02aa-98949f775587_eccbb98e-b8b7-4d0c-bbbf-9c77077687cc_8分,20231125-0932-0404-02aa-98949f775587_eccbb98e-b8b7-4d0c-bbbf-9c77077687cc_8分.jpg,0.0564728971484512
20231127-0122-061b-b107-75200c968235_220601ce-4fde-4aba-a800-9a9c936627b2_4分,20231127-0122-061b-b107-75200c968235_220601ce-4fde-4aba-a800-9a9c936627b2_4分.jpg,0.0048728803626765
20231127-0122-061b-b107-75200c968235_996eb6f0-4f8f-4642-89a2-e38680693ff0_6分,20231127-0122-061b-b107-75200c968235_996eb6f0-4f8f-4642-89a2-e38680693ff0_6分.jpg,0.0234370824601623
20231127-0122-061b-b107-75200c968235_ab29479b-1e12-4d1f-8309-2a63fb584b1d_6分,20231127-0122-061b-b107-75200c968235_ab29479b-1e12-4d1f-8309-2a63fb584b1d_6分.jpg,0.0166054860925537
20231127-0122-061b-b107-75200c968235_bdbc58fb-9b3c-47e2-b010-e11daec16f83_9分,20231127-0122-061b-b107-75200c968235_bdbc58fb-9b3c-47e2-b010-e11daec16f83_9分.jpg,0.0267525538787546
20231127-0122-061b-b107-75200c968235_bf1249ca-0691-4976-a0b9-abc7bd056d58_6分,20231127-0122-061b-b107-75200c968235_bf1249ca-0691-4976-a0b9-abc7bd056d58_6分.jpg,0.0142801554596044
20231127-0122-061b-b107-75200c968235_e3757368-01b7-4cfb-8fd8-3ec0cd766591_10分,20231127-0122-061b-b107-75200c968235_e3757368-01b7-4cfb-8fd8-3ec0cd766591_10分.jpg,0.0493832716839425
20231127-0122-061b-b107-75200c968235_e6f3de28-7eab-43ac-866e-b89df80160a4_4分,20231127-0122-061b-b107-75200c968235_e6f3de28-7eab-43ac-866e-b89df80160a4_4分.jpg,0.0346455511643061
20231127-0122-061b-b107-75200c968235_f6089c5a-04af-4c86-bd9e-2e2406886278_4分,20231127-0122-061b-b107-75200c968235_f6089c5a-04af-4c86-bd9e-2e2406886278_4分.jpg,0.0122173621561815
20231128-1111-10be-c248-ab482b066221_31aeb41c-c862-42cc-9ca6-e9b2b0a69f97_8分,20231128-1111-10be-c248-ab482b066221_31aeb41c-c862-42cc-9ca6-e9b2b0a69f97_8分.jpg,0.0535388399752024
20231128-1111-10be-c248-ab482b066221_38002b4c-85ce-4982-9996-e9ca7f33329b_4分,20231128-1111-10be-c248-ab482b066221_38002b4c-85ce-4982-9996-e9ca7f33329b_4分.jpg,0.0356386161497879
20231128-1111-10be-c248-ab482b066221_90a02e12-2926-4de9-8acb-65e18d26efaa_2分,20231128-1111-10be-c248-ab482b066221_90a02e12-2926-4de9-8acb-65e18d26efaa_2分.jpg,0.0492000959370334
20231128-1111-10be-c248-ab482b066221_9c2e19b2-e940-4941-b112-35d391a4ae56_12分,20231128-1111-10be-c248-ab482b066221_9c2e19b2-e940-4941-b112-35d391a4ae56_12分.jpg,0.0843963726506423
20231128-1111-10be-c248-ab482b066221_a104af22-1872-4304-92de-4f4582f237e8_3分,20231128-1111-10be-c248-ab482b066221_a104af22-1872-4304-92de-4f4582f237e8_3分.jpg,0.0396769345296139
20231128-1111-10be-c248-ab482b066221_b79277fa-0cee-4ea5-9c6e-e6c172f683d8_4分,20231128-1111-10be-c248-ab482b066221_b79277fa-0cee-4ea5-9c6e-e6c172f683d8_4分.jpg,0.0184794976086283
20231128-1111-10be-c248-ab482b066221_cb52280e-4bb2-44e0-9381-fda9c67e5729_1分,20231128-1111-10be-c248-ab482b066221_cb52280e-4bb2-44e0-9381-fda9c67e5729_1分.jpg,0.0186081329043277
20231128-1111-10be-c248-ab482b066221_dff8f040-b03d-463a-bd34-702b928febc8_6分,20231128-1111-10be-c248-ab482b066221_dff8f040-b03d-463a-bd34-702b928febc8_6分.jpg,0.0453742332713947
20231130-0215-4167-97c3-36404b885771_14f20ecc-7203-4f8b-b15b-fdf7caa09e65_2分,20231130-0215-4167-97c3-36404b885771_14f20ecc-7203-4f8b-b15b-fdf7caa09e65_2分.jpg,0.0183669376201504
20231130-0215-4167-97c3-36404b885771_1d6643c8-9214-4b0a-8fd7-6ebe80683a12_4分,20231130-0215-4167-97c3-36404b885771_1d6643c8-9214-4b0a-8fd7-6ebe80683a12_4分.jpg,0.0418038463285046
20231130-0215-4167-97c3-36404b885771_7576361a-ba1a-4ce4-ac64-a9225f4ad2dd_12分,20231130-0215-4167-97c3-36404b885771_7576361a-ba1a-4ce4-ac64-a9225f4ad2dd_12分.jpg,0.056429090413696
20231130-0215-4167-97c3-36404b885771_79a6ee4e-5120-4ef2-8819-352137372a6f_7分,20231130-0215-4167-97c3-36404b885771_79a6ee4e-5120-4ef2-8819-352137372a6f_7分.jpg,0.0579636104930142
20231205-0229-4877-9f8a-78fcb5217843_02e677cf-c28d-42ca-ba36-aa8a0ea7e1a5_10分,20231205-0229-4877-9f8a-78fcb5217843_02e677cf-c28d-42ca-ba36-aa8a0ea7e1a5_10分.jpg,0.0515464450504711
20231205-0229-4877-9f8a-78fcb5217843_1df5f592-1bd6-4163-95d1-cdc5c574c8f1_10分,20231205-0229-4877-9f8a-78fcb5217843_1df5f592-1bd6-4163-95d1-cdc5c574c8f1_10分.jpg,0.0736658437916015
20231205-0229-4877-9f8a-78fcb5217843_4542b55a-d8c1-4fba-b6e0-17a5503e079b_10分,20231205-0229-4877-9f8a-78fcb5217843_4542b55a-d8c1-4fba-b6e0-17a5503e079b_10分.jpg,0.084086630218902
20231205-0229-4877-9f8a-78fcb5217843_49268585-2282-4fbe-9ce5-10985687e347_1分,20231205-0229-4877-9f8a-78fcb5217843_49268585-2282-4fbe-9ce5-10985687e347_1分.jpg,0.0224933545299056
20231205-0229-4877-9f8a-78fcb5217843_8a6fa3c8-d652-40ed-bab9-bc1135c107f1_9分,20231205-0229-4877-9f8a-78fcb5217843_8a6fa3c8-d652-40ed-bab9-bc1135c107f1_9分.jpg,0.0728395221293077
20231205-0229-4877-9f8a-78fcb5217843_c24a320e-b4a2-40b7-8bd7-7354ce3be8a8_8分,20231205-0229-4877-9f8a-78fcb5217843_c24a320e-b4a2-40b7-8bd7-7354ce3be8a8_8分.jpg,0.0611900238246026
20231205-0229-4877-9f8a-78fcb5217843_dec2b064-f462-4c88-ae3a-c3b74dd8191a_7分,20231205-0229-4877-9f8a-78fcb5217843_dec2b064-f462-4c88-ae3a-c3b74dd8191a_7分.jpg,0.0707698405518002
20231205-0229-4877-9f8a-78fcb5217843_f7356da7-a27c-4505-b003-5506f22d2acc_4分,20231205-0229-4877-9f8a-78fcb5217843_f7356da7-a27c-4505-b003-5506f22d2acc_4分.jpg,0.0283051789430148
20231205-1501-347c-f51f-da815a961649_16e23dda-561e-43a3-9fbf-cf1944f38123_10分,20231205-1501-347c-f51f-da815a961649_16e23dda-561e-43a3-9fbf-cf1944f38123_10分.jpg,0.0310555256585392
20231205-1501-347c-f51f-da815a961649_80568a46-4a79-4b09-a9ae-17d172c57bb0_5分,20231205-1501-347c-f51f-da815a961649_80568a46-4a79-4b09-a9ae-17d172c57bb0_5分.jpg,0.0202330932372949
20231205-1501-347c-f51f-da815a961649_88c6b0b0-82ec-49df-b8fb-fa2645ffb258_4分,20231205-1501-347c-f51f-da815a961649_88c6b0b0-82ec-49df-b8fb-fa2645ffb258_4分.jpg,0.021975169378096
20231205-1501-347c-f51f-da815a961649_8aaad209-e98c-4262-902b-b63bb0ea2d21_7分,20231205-1501-347c-f51f-da815a961649_8aaad209-e98c-4262-902b-b63bb0ea2d21_7分.jpg,0.0312314581004815
20231205-1501-347c-f51f-da815a961649_92430c7f-0f29-4bb5-8a55-4e2ccaba1f05_7分,20231205-1501-347c-f51f-da815a961649_92430c7f-0f29-4bb5-8a55-4e2ccaba1f05_7分.jpg,0.0343680575678547
20231205-1501-347c-f51f-da815a961649_c01bdde4-68bd-47e8-8019-94443859911b_8分,20231205-1501-347c-f51f-da815a961649_c01bdde4-68bd-47e8-8019-94443859911b_8分.jpg,0.0497466227870458
20231205-1501-347c-f51f-da815a961649_c5ecebbf-1e44-440c-b7b5-d26fa77ef386_8分,20231205-1501-347c-f51f-da815a961649_c5ecebbf-1e44-440c-b7b5-d26fa77ef386_8分.jpg,0.0297437940693518
20231205-1501-347c-f51f-da815a961649_fc3af743-7a39-483c-adf7-467db9ee9e32_5分,20231205-1501-347c-f51f-da815a961649_fc3af743-7a39-483c-adf7-467db9ee9e32_5分.jpg,0.0217647403789101
20231207-0644-316b-2102-5e6504528643_090185f2-7651-4903-a42c-e553b4375b49_10分,20231207-0644-316b-2102-5e6504528643_090185f2-7651-4903-a42c-e553b4375b49_10分.jpg,0.0455576169861884
20231207-0644-316b-2102-5e6504528643_469e1182-884d-47f5-88d0-11a5794ab8a3_4分,20231207-0644-316b-2102-5e6504528643_469e1182-884d-47f5-88d0-11a5794ab8a3_4分.jpg,0.0575099503670932
20231207-0644-316b-2102-5e6504528643_5f5a7330-5516-4105-8a99-9590189d44aa_4分,20231207-0644-316b-2102-5e6504528643_5f5a7330-5516-4105-8a99-9590189d44aa_4分.jpg,0.0364199292770721
20231207-0644-316b-2102-5e6504528643_82a383dc-604d-48ce-a9a4-118424942435_7分,20231207-0644-316b-2102-5e6504528643_82a383dc-604d-48ce-a9a4-118424942435_7分.jpg,0.06144252572824
20231207-0644-316b-2102-5e6504528643_8691f9ca-d92b-4e65-961d-e62508ea8a85_10分,20231207-0644-316b-2102-5e6504528643_8691f9ca-d92b-4e65-961d-e62508ea8a85_10分.jpg,0.0769092019092019
20231207-0644-316b-2102-5e6504528643_9ec61260-8ed9-4e26-bc85-a8ce0c700873_10分,20231207-0644-316b-2102-5e6504528643_9ec61260-8ed9-4e26-bc85-a8ce0c700873_10分.jpg,0.0332623725480868
20231207-0644-316b-2102-5e6504528643_c1b0e7fa-a00d-40b2-b6ff-fe1514dce3bc_4分,20231207-0644-316b-2102-5e6504528643_c1b0e7fa-a00d-40b2-b6ff-fe1514dce3bc_4分.jpg,0.0655594405594405
20231207-0644-316b-2102-5e6504528643_c2564c53-39e4-4d67-83a0-145ec3f65a99_1分,20231207-0644-316b-2102-5e6504528643_c2564c53-39e4-4d67-83a0-145ec3f65a99_1分.jpg,0.0371295371295371
20231208-0742-371e-4285-1bfda0264246_252142bb-f102-47d9-a81f-4452a89ef7f5_12分,20231208-0742-371e-4285-1bfda0264246_252142bb-f102-47d9-a81f-4452a89ef7f5_12分.jpg,0.0621407555461757
20231208-0742-371e-4285-1bfda0264246_30c16071-36ef-49d5-8fb8-2382ec889214_5分,20231208-0742-371e-4285-1bfda0264246_30c16071-36ef-49d5-8fb8-2382ec889214_5分.jpg,0.0219443937026586
20231208-0742-371e-4285-1bfda0264246_414b8410-0b0c-4def-9a78-3be72e583612_1分,20231208-0742-371e-4285-1bfda0264246_414b8410-0b0c-4def-9a78-3be72e583612_1分.jpg,0.0259179189049705
20231208-0742-371e-4285-1bfda0264246_b5647faa-e0fb-41dd-9071-4c8f47719688_2分,20231208-0742-371e-4285-1bfda0264246_b5647faa-e0fb-41dd-9071-4c8f47719688_2分.jpg,0.0247234671202095
20231208-0742-371e-4285-1bfda0264246_c6d4e98b-248f-46ad-804f-4eaf7c5dc65e_8分,20231208-0742-371e-4285-1bfda0264246_c6d4e98b-248f-46ad-804f-4eaf7c5dc65e_8分.jpg,0.0411815407097898
20231208-0742-371e-4285-1bfda0264246_d53a590e-9891-48df-a1cd-15581766ce02_12分,20231208-0742-371e-4285-1bfda0264246_d53a590e-9891-48df-a1cd-15581766ce02_12分.jpg,0.0456764747090131
20231208-0742-371e-4285-1bfda0264246_ebe35573-7075-4f3c-bf2c-372715a4023f_2分,20231208-0742-371e-4285-1bfda0264246_ebe35573-7075-4f3c-bf2c-372715a4023f_2分.jpg,0.0345282580512434
20231208-0742-371e-4285-1bfda0264246_fe99a8b8-122a-4a22-8770-e514c3e6eb9f_10分,20231208-0742-371e-4285-1bfda0264246_fe99a8b8-122a-4a22-8770-e514c3e6eb9f_10分.jpg,0.0692675625202844
20231212-1120-210a-5156-527b68800424_151790c4-8af3-4714-aa3b-449d5cfba710_12分,20231212-1120-210a-5156-527b68800424_151790c4-8af3-4714-aa3b-449d5cfba710_12分.jpg,0.051307246176858
20231212-1120-210a-5156-527b68800424_2f6f8c40-3cdd-4a0b-a112-0604a25e362f_8分,20231212-1120-210a-5156-527b68800424_2f6f8c40-3cdd-4a0b-a112-0604a25e362f_8分.jpg,0.0430846938037254
20231212-1120-210a-5156-527b68800424_3c6615ee-82e5-46bb-a31e-aac81c6ac50f_7分,20231212-1120-210a-5156-527b68800424_3c6615ee-82e5-46bb-a31e-aac81c6ac50f_7分.jpg,0.0291238531415466
20231212-1120-210a-5156-527b68800424_40050076-ac44-403f-91eb-0be15e1a85b5_1分,20231212-1120-210a-5156-527b68800424_40050076-ac44-403f-91eb-0be15e1a85b5_1分.jpg,0.0223045356117111
20231212-1120-210a-5156-527b68800424_85dc4731-c570-4f7a-b67a-e93f78cb2270_1分,20231212-1120-210a-5156-527b68800424_85dc4731-c570-4f7a-b67a-e93f78cb2270_1分.jpg,0.0168598498168559
20231212-1120-210a-5156-527b68800424_a6e02a11-81d3-4d7f-add0-484131b57363_12分,20231212-1120-210a-5156-527b68800424_a6e02a11-81d3-4d7f-add0-484131b57363_12分.jpg,0.033531255625979
20231212-1120-210a-5156-527b68800424_aba655f7-25f4-42e8-98d7-b84d36f5ef0d_12分,20231212-1120-210a-5156-527b68800424_aba655f7-25f4-42e8-98d7-b84d36f5ef0d_12分.jpg,0.0582266745858017
20231212-1120-210a-5156-527b68800424_bb63e902-1eba-4628-ac22-cce104b87331_6分,20231212-1120-210a-5156-527b68800424_bb63e902-1eba-4628-ac22-cce104b87331_6分.jpg,0.048181935959323
20231218-0741-365d-de78-625e63118266_0c7eb6d2-004f-480a-b406-0024fa39a830_8分,20231218-0741-365d-de78-625e63118266_0c7eb6d2-004f-480a-b406-0024fa39a830_8分.jpg,0.0713527740733498
20231218-0741-365d-de78-625e63118266_2a3c03e5-b062-4c77-8323-f5c337f1fa1a_12分,20231218-0741-365d-de78-625e63118266_2a3c03e5-b062-4c77-8323-f5c337f1fa1a_12分.jpg,0.0756325783623816
20231218-0741-365d-de78-625e63118266_559b10bb-d268-43e9-852d-42d29dec9926_4分,20231218-0741-365d-de78-625e63118266_559b10bb-d268-43e9-852d-42d29dec9926_4分.jpg,0.0362454164570338
20231218-0741-365d-de78-625e63118266_b35ab7d0-adfd-463b-84d3-fee6bceb6502_12分,20231218-0741-365d-de78-625e63118266_b35ab7d0-adfd-463b-84d3-fee6bceb6502_12分.jpg,0.0687108517645404
20231225-0234-4027-9b95-636a76761139_363f13d2-ca69-46ed-8259-ebe0d40cb2cd_1分,20231225-0234-4027-9b95-636a76761139_363f13d2-ca69-46ed-8259-ebe0d40cb2cd_1分.jpg,0.088045874292523
20231225-0234-4027-9b95-636a76761139_536f3811-63e4-47f4-b98c-1ae9af4070d9_8分,20231225-0234-4027-9b95-636a76761139_536f3811-63e4-47f4-b98c-1ae9af4070d9_8分.jpg,0.092974381888591
20231225-0234-4027-9b95-636a76761139_54999db4-b885-4621-91ff-827184f76fe1_12分,20231225-0234-4027-9b95-636a76761139_54999db4-b885-4621-91ff-827184f76fe1_12分.jpg,0.1534897229669347
20231225-0234-4027-9b95-636a76761139_ce406b69-2b2e-4b3d-a24e-6a5f896d14e3_6分,20231225-0234-4027-9b95-636a76761139_ce406b69-2b2e-4b3d-a24e-6a5f896d14e3_6分.jpg,0.0299508489722966
20231225-0641-0984-ef8e-291ed5375413_34c4305a-ce59-4464-a6a3-ce20493c109e_2分,20231225-0641-0984-ef8e-291ed5375413_34c4305a-ce59-4464-a6a3-ce20493c109e_2分.jpg,0.0373689487009566
20231225-0641-0984-ef8e-291ed5375413_6c02740d-9f68-4fe6-b6ae-b3fe7d80dbcc_3分,20231225-0641-0984-ef8e-291ed5375413_6c02740d-9f68-4fe6-b6ae-b3fe7d80dbcc_3分.jpg,0.0351744235442048
20231225-0641-0984-ef8e-291ed5375413_7e7ca6d7-e162-43ab-82cf-6d0d2966b6d8_6分,20231225-0641-0984-ef8e-291ed5375413_7e7ca6d7-e162-43ab-82cf-6d0d2966b6d8_6分.jpg,0.0579200013593651
20231225-0641-0984-ef8e-291ed5375413_b9c8883c-72c9-455e-b63a-b2e7673f3bfb_7分,20231225-0641-0984-ef8e-291ed5375413_b9c8883c-72c9-455e-b63a-b2e7673f3bfb_7分.jpg,0.0529081918743946
20231225-0641-0984-ef8e-291ed5375413_c7130e10-add2-4cd5-80f8-4dca4cb9ed5d_7分,20231225-0641-0984-ef8e-291ed5375413_c7130e10-add2-4cd5-80f8-4dca4cb9ed5d_7分.jpg,0.0512735552496983
20231225-0641-0984-ef8e-291ed5375413_d4ba69de-f51b-4d32-85ea-39ee07254f29_10分,20231225-0641-0984-ef8e-291ed5375413_d4ba69de-f51b-4d32-85ea-39ee07254f29_10分.jpg,0.0766418582521962
20231225-0641-0984-ef8e-291ed5375413_dfef6b2e-cc2a-4faf-bef2-98175992e7c3_8分,20231225-0641-0984-ef8e-291ed5375413_dfef6b2e-cc2a-4faf-bef2-98175992e7c3_8分.jpg,0.03549812237685
20231225-0641-0984-ef8e-291ed5375413_f2c8d755-7dab-4421-91a2-dd0736e38b64_5分,20231225-0641-0984-ef8e-291ed5375413_f2c8d755-7dab-4421-91a2-dd0736e38b64_5分.jpg,0.046168289408846
20231225-1132-338e-913e-9b5dc1007485_031b3856-d37f-4024-b072-3a6c2d4f74cd_1分,20231225-1132-338e-913e-9b5dc1007485_031b3856-d37f-4024-b072-3a6c2d4f74cd_1分.jpg,0.0848533601474778
20231225-1132-338e-913e-9b5dc1007485_0fc96510-1017-4359-9737-27f34e6fa8a3_2分,20231225-1132-338e-913e-9b5dc1007485_0fc96510-1017-4359-9737-27f34e6fa8a3_2分.jpg,0.0334227138148706
20231225-1132-338e-913e-9b5dc1007485_3aa761b0-91f0-4e62-89c5-1be4ac1eb410_7分,20231225-1132-338e-913e-9b5dc1007485_3aa761b0-91f0-4e62-89c5-1be4ac1eb410_7分.jpg,0.0770024021004413
20231225-1132-338e-913e-9b5dc1007485_8d00f389-f4e3-4717-8df4-64a226ab7bcf_7分,20231225-1132-338e-913e-9b5dc1007485_8d00f389-f4e3-4717-8df4-64a226ab7bcf_7分.jpg,0.0758393385844366
20231225-2354-0128-3f45-dd26ef682175_0e75d780-107b-4a34-a677-081f1b5852b0_4分,20231225-2354-0128-3f45-dd26ef682175_0e75d780-107b-4a34-a677-081f1b5852b0_4分.jpg,0.022833595239754
20231225-2354-0128-3f45-dd26ef682175_35ad9cb7-8532-4fbf-a118-ed09a91642ab_8分,20231225-2354-0128-3f45-dd26ef682175_35ad9cb7-8532-4fbf-a118-ed09a91642ab_8分.jpg,0.0463234617405896
20231225-2354-0128-3f45-dd26ef682175_65e44016-2e75-4dbd-807a-86d5554f86cd_5分,20231225-2354-0128-3f45-dd26ef682175_65e44016-2e75-4dbd-807a-86d5554f86cd_5分.jpg,0.0195660008480779
20231225-2354-0128-3f45-dd26ef682175_6aa62668-a958-4766-8ab7-59669046aebf_6分,20231225-2354-0128-3f45-dd26ef682175_6aa62668-a958-4766-8ab7-59669046aebf_6分.jpg,0.0317504552183026
20231225-2354-0128-3f45-dd26ef682175_8783164a-f5d2-454c-96db-aa362f100aa4_4分,20231225-2354-0128-3f45-dd26ef682175_8783164a-f5d2-454c-96db-aa362f100aa4_4分.jpg,0.0542477436912377
20231225-2354-0128-3f45-dd26ef682175_9e4ba4f9-1bd1-4d52-8b43-4f1a98061c7d_4分,20231225-2354-0128-3f45-dd26ef682175_9e4ba4f9-1bd1-4d52-8b43-4f1a98061c7d_4分.jpg,0.0398063354690103
20231225-2354-0128-3f45-dd26ef682175_a42e729e-e0c7-45fe-a197-d25f6320f389_6分,20231225-2354-0128-3f45-dd26ef682175_a42e729e-e0c7-45fe-a197-d25f6320f389_6分.jpg,0.0673654278363949
20231225-2354-0128-3f45-dd26ef682175_b1a5fafe-7fa1-4b47-b1ee-02da12879429_2分,20231225-2354-0128-3f45-dd26ef682175_b1a5fafe-7fa1-4b47-b1ee-02da12879429_2分.jpg,0.0363400534478324
20231226-1051-189b-f0f0-a4e5bb351310_22e41647-bb49-4fe3-9a85-57d5d49c3eaf_1分,20231226-1051-189b-f0f0-a4e5bb351310_22e41647-bb49-4fe3-9a85-57d5d49c3eaf_1分.jpg,0.0369562653728225
20231226-1051-189b-f0f0-a4e5bb351310_281eaa7f-de18-4db8-91fb-7b38a2a8b98c_10分,20231226-1051-189b-f0f0-a4e5bb351310_281eaa7f-de18-4db8-91fb-7b38a2a8b98c_10分.jpg,0.0616580747329761
20231226-1051-189b-f0f0-a4e5bb351310_5e4be1b5-3abc-46a4-954e-3050daa1a404_10分,20231226-1051-189b-f0f0-a4e5bb351310_5e4be1b5-3abc-46a4-954e-3050daa1a404_10分.jpg,0.0354787897166346
20231226-1051-189b-f0f0-a4e5bb351310_5faf5a4e-21b9-44fa-a964-197aac1b86be_12分,20231226-1051-189b-f0f0-a4e5bb351310_5faf5a4e-21b9-44fa-a964-197aac1b86be_12分.jpg,0.0658470635803093
20231226-1051-189b-f0f0-a4e5bb351310_5fdf4770-b64c-4f51-bd17-88ee05efdeeb_12分,20231226-1051-189b-f0f0-a4e5bb351310_5fdf4770-b64c-4f51-bd17-88ee05efdeeb_12分.jpg,0.0410071094039556
20231226-1051-189b-f0f0-a4e5bb351310_7dd6ffec-7906-40cb-8329-9d88cc96377f_4分,20231226-1051-189b-f0f0-a4e5bb351310_7dd6ffec-7906-40cb-8329-9d88cc96377f_4分.jpg,0.053922807372216
20231226-1051-189b-f0f0-a4e5bb351310_8f3c7fc2-6a38-49cf-af2c-bddfee9405f4_1分,20231226-1051-189b-f0f0-a4e5bb351310_8f3c7fc2-6a38-49cf-af2c-bddfee9405f4_1分.jpg,0.0275169311634489
20231226-1051-189b-f0f0-a4e5bb351310_f2ca9c71-13cd-4c75-8c24-33827e5339ad_4分,20231226-1051-189b-f0f0-a4e5bb351310_f2ca9c71-13cd-4c75-8c24-33827e5339ad_4分.jpg,0.0285850264496782
20231227-0150-137b-bd60-513cf3771089_583c5098-eba4-4be4-8dc6-3d7c9f2c6c5c_4分,20231227-0150-137b-bd60-513cf3771089_583c5098-eba4-4be4-8dc6-3d7c9f2c6c5c_4分.jpg,0.0346361458303264
20231227-0150-137b-bd60-513cf3771089_9b08531c-eca0-4453-bea9-7d329bc01ba1_4分,20231227-0150-137b-bd60-513cf3771089_9b08531c-eca0-4453-bea9-7d329bc01ba1_4分.jpg,0.0489334064601795
20231227-0150-137b-bd60-513cf3771089_9b1205a0-75f4-4e6d-94e5-7617d50e7208_12分,20231227-0150-137b-bd60-513cf3771089_9b1205a0-75f4-4e6d-94e5-7617d50e7208_12分.jpg,0.0422855988222728
20231227-0150-137b-bd60-513cf3771089_b5eb9fab-a40f-46f7-9c97-fe3d70d81df6_1分,20231227-0150-137b-bd60-513cf3771089_b5eb9fab-a40f-46f7-9c97-fe3d70d81df6_1分.jpg,0.0128395346823312
20231227-0150-137b-bd60-513cf3771089_c037b384-fc41-4c3d-a63a-a74f64b8f234_3分,20231227-0150-137b-bd60-513cf3771089_c037b384-fc41-4c3d-a63a-a74f64b8f234_3分.jpg,0.0197456917703432
20231227-0150-137b-bd60-513cf3771089_d134f856-0b30-4bfd-b098-eb2144400ecb_6分,20231227-0150-137b-bd60-513cf3771089_d134f856-0b30-4bfd-b098-eb2144400ecb_6分.jpg,0.0408047801864734
20231227-0150-137b-bd60-513cf3771089_d189c302-a805-48a4-96bc-e056ecd215d8_3分,20231227-0150-137b-bd60-513cf3771089_d189c302-a805-48a4-96bc-e056ecd215d8_3分.jpg,0.0574704846577952
20231227-0150-137b-bd60-513cf3771089_d6720e93-5121-4195-8239-08c6ee129016_5分,20231227-0150-137b-bd60-513cf3771089_d6720e93-5121-4195-8239-08c6ee129016_5分.jpg,0.0731056779147302
20231227-0748-102b-34dd-f08402366800_20b5c14b-bc0d-4c1b-9b3d-5bad2e22ba13_8分,20231227-0748-102b-34dd-f08402366800_20b5c14b-bc0d-4c1b-9b3d-5bad2e22ba13_8分.jpg,0.0704316686024003
20231227-0748-102b-34dd-f08402366800_65acd126-a7d4-477e-8dd8-d227bdea453e_4分,20231227-0748-102b-34dd-f08402366800_65acd126-a7d4-477e-8dd8-d227bdea453e_4分.jpg,0.0328958575300038
20231227-0748-102b-34dd-f08402366800_6de37041-4673-48ac-a7a5-056cd404c3ce_12分,20231227-0748-102b-34dd-f08402366800_6de37041-4673-48ac-a7a5-056cd404c3ce_12分.jpg,0.0443205574912892
20231227-0748-102b-34dd-f08402366800_85d46503-5808-49f6-ad3e-d2ab257a787f_12分,20231227-0748-102b-34dd-f08402366800_85d46503-5808-49f6-ad3e-d2ab257a787f_12分.jpg,0.0662969415408439
20231227-0748-102b-34dd-f08402366800_bb36e556-5afc-41fd-8b34-dab454ba8ec6_6分,20231227-0748-102b-34dd-f08402366800_bb36e556-5afc-41fd-8b34-dab454ba8ec6_6分.jpg,0.0288056523422377
20231227-0748-102b-34dd-f08402366800_be595183-4b6c-4bbe-b111-8c92e848146e_12分,20231227-0748-102b-34dd-f08402366800_be595183-4b6c-4bbe-b111-8c92e848146e_12分.jpg,0.0813492063492063
20231227-0748-102b-34dd-f08402366800_dcac46e2-129c-470c-965d-aea1919d9f48_4分,20231227-0748-102b-34dd-f08402366800_dcac46e2-129c-470c-965d-aea1919d9f48_4分.jpg,0.0396651180797522
20231227-0748-102b-34dd-f08402366800_f744a3ae-7e85-450c-b933-947cabcedd30_8分,20231227-0748-102b-34dd-f08402366800_f744a3ae-7e85-450c-b933-947cabcedd30_8分.jpg,0.0605013550135501
20231229-0319-17b6-1c26-6d4fd0686454_2defc94f-dddf-496f-a0df-6c70f103d395_6分,20231229-0319-17b6-1c26-6d4fd0686454_2defc94f-dddf-496f-a0df-6c70f103d395_6分.jpg,0.0161181672834606
20231229-0319-17b6-1c26-6d4fd0686454_a44a3cab-28e7-4ce3-96d7-3c75bff470b7_12分,20231229-0319-17b6-1c26-6d4fd0686454_a44a3cab-28e7-4ce3-96d7-3c75bff470b7_12分.jpg,0.0641540233226372
20231229-0319-17b6-1c26-6d4fd0686454_d3926e49-b53e-416a-bc18-65ba6fe6a4aa_12分,20231229-0319-17b6-1c26-6d4fd0686454_d3926e49-b53e-416a-bc18-65ba6fe6a4aa_12分.jpg,0.0282299691044002
20231229-0319-17b6-1c26-6d4fd0686454_f1db7594-d0c2-4aa4-b33f-c6629bd6366e_6分,20231229-0319-17b6-1c26-6d4fd0686454_f1db7594-d0c2-4aa4-b33f-c6629bd6366e_6分.jpg,0.1037448336519791
20240102-0721-2177-3a5a-d03ba8192762_04a89dca-6e5e-4279-b798-20238673de8a_8分,20240102-0721-2177-3a5a-d03ba8192762_04a89dca-6e5e-4279-b798-20238673de8a_8分.jpg,0.0784724610270518
20240102-0721-2177-3a5a-d03ba8192762_1482e240-8252-4e4c-8cf2-baf365dd440f_9分,20240102-0721-2177-3a5a-d03ba8192762_1482e240-8252-4e4c-8cf2-baf365dd440f_9分.jpg,0.0452084407955066
20240102-0721-2177-3a5a-d03ba8192762_56c115a7-43eb-43aa-b559-b302dc17dcd0_4分,20240102-0721-2177-3a5a-d03ba8192762_56c115a7-43eb-43aa-b559-b302dc17dcd0_4分.jpg,0.0215219867606602
20240102-0721-2177-3a5a-d03ba8192762_86011708-a2b9-448d-a961-8053942c03aa_3分,20240102-0721-2177-3a5a-d03ba8192762_86011708-a2b9-448d-a961-8053942c03aa_3分.jpg,0.0273518096629986
20240102-0721-2177-3a5a-d03ba8192762_9298eda9-81f7-4764-b34e-941d8b8ec6c9_2分,20240102-0721-2177-3a5a-d03ba8192762_9298eda9-81f7-4764-b34e-941d8b8ec6c9_2分.jpg,0.0241118251375515
20240102-0721-2177-3a5a-d03ba8192762_961f808f-7a9b-489f-9419-f73f9de4f46a_10分,20240102-0721-2177-3a5a-d03ba8192762_961f808f-7a9b-489f-9419-f73f9de4f46a_10分.jpg,0.0569433101215038
20240102-0721-2177-3a5a-d03ba8192762_bf904037-e1b1-470b-8854-a49eb6bb9979_7分,20240102-0721-2177-3a5a-d03ba8192762_bf904037-e1b1-470b-8854-a49eb6bb9979_7分.jpg,0.0655456570953691
20240102-0721-2177-3a5a-d03ba8192762_e96f3db0-3f00-472e-ac7b-fe98eaadc152_7分,20240102-0721-2177-3a5a-d03ba8192762_e96f3db0-3f00-472e-ac7b-fe98eaadc152_7分.jpg,0.0345293873223292
20240102-1250-120e-73c5-c67ce5672198_11166a87-7602-4d07-a028-875c89276a9c_1分,20240102-1250-120e-73c5-c67ce5672198_11166a87-7602-4d07-a028-875c89276a9c_1分.jpg,0.0258162153436377
20240102-1250-120e-73c5-c67ce5672198_225a2fb8-b121-4b93-a765-567386d47b2e_8分,20240102-1250-120e-73c5-c67ce5672198_225a2fb8-b121-4b93-a765-567386d47b2e_8分.jpg,0.0669185600710278
20240102-1250-120e-73c5-c67ce5672198_241d5cbf-db1d-4512-854f-d5559b545fc6_10分,20240102-1250-120e-73c5-c67ce5672198_241d5cbf-db1d-4512-854f-d5559b545fc6_10分.jpg,0.0820553694660801
20240102-1250-120e-73c5-c67ce5672198_2f2953bc-abcb-4fb6-a13a-803ce45e0965_5分,20240102-1250-120e-73c5-c67ce5672198_2f2953bc-abcb-4fb6-a13a-803ce45e0965_5分.jpg,0.0608690826909883
20240102-1250-120e-73c5-c67ce5672198_3ba6bc8d-af3c-4cf7-a8fc-24d0f090ad4a_1分,20240102-1250-120e-73c5-c67ce5672198_3ba6bc8d-af3c-4cf7-a8fc-24d0f090ad4a_1分.jpg,0.0254671294241091
20240102-1250-120e-73c5-c67ce5672198_3ca24b63-1c53-47f2-86b1-c74a8102780b_1分,20240102-1250-120e-73c5-c67ce5672198_3ca24b63-1c53-47f2-86b1-c74a8102780b_1分.jpg,0.0270652568707373
20240102-1250-120e-73c5-c67ce5672198_8afc51a8-9635-4674-bddd-40b078767411_5分,20240102-1250-120e-73c5-c67ce5672198_8afc51a8-9635-4674-bddd-40b078767411_5分.jpg,0.0665946971225634
20240102-1250-120e-73c5-c67ce5672198_dbf2f9ee-4390-4803-980a-a44fc3dc486e_5分,20240102-1250-120e-73c5-c67ce5672198_dbf2f9ee-4390-4803-980a-a44fc3dc486e_5分.jpg,0.0389483029985068
20240107-0503-47cb-d452-2a239a553311_22988e43-3f18-44ae-aa89-fee1734cf095_2分,20240107-0503-47cb-d452-2a239a553311_22988e43-3f18-44ae-aa89-fee1734cf095_2分.jpg,0.0505299787801969
20240107-0503-47cb-d452-2a239a553311_9f7ecc33-d2c3-4bf8-92d9-2ab5da83f68b_8分,20240107-0503-47cb-d452-2a239a553311_9f7ecc33-d2c3-4bf8-92d9-2ab5da83f68b_8分.jpg,0.0223027358573368
20240107-0503-47cb-d452-2a239a553311_eb218014-43bb-4cf5-8181-aa96da9ac5a8_10分,20240107-0503-47cb-d452-2a239a553311_eb218014-43bb-4cf5-8181-aa96da9ac5a8_10分.jpg,0.0362156468942159
20240107-0503-47cb-d452-2a239a553311_f25224c9-cacd-46db-b858-04feb765496f_8分,20240107-0503-47cb-d452-2a239a553311_f25224c9-cacd-46db-b858-04feb765496f_8分.jpg,0.0481240351701456
20240108-0304-5458-b6c9-ec0c08384229_0f6f6c8a-a955-4d89-97bd-97d0eed9816b_3分,20240108-0304-5458-b6c9-ec0c08384229_0f6f6c8a-a955-4d89-97bd-97d0eed9816b_3分.jpg,0.0348689043340679
20240108-0304-5458-b6c9-ec0c08384229_11633fc9-8429-4ab7-b2c7-cc57defd62ec_4分,20240108-0304-5458-b6c9-ec0c08384229_11633fc9-8429-4ab7-b2c7-cc57defd62ec_4分.jpg,0.0181711589534949
20240108-0304-5458-b6c9-ec0c08384229_3b04259a-8810-4802-9d75-26624894bf00_12分,20240108-0304-5458-b6c9-ec0c08384229_3b04259a-8810-4802-9d75-26624894bf00_12分.jpg,0.0485845058484488
20240108-0304-5458-b6c9-ec0c08384229_58890192-aa78-4b68-a667-750f307ead8c_5分,20240108-0304-5458-b6c9-ec0c08384229_58890192-aa78-4b68-a667-750f307ead8c_5分.jpg,0.0159462055715658
20240108-0304-5458-b6c9-ec0c08384229_98f7a5b9-5e2c-4d4e-8d3e-9afdb032d58a_1分,20240108-0304-5458-b6c9-ec0c08384229_98f7a5b9-5e2c-4d4e-8d3e-9afdb032d58a_1分.jpg,0.0532194722269311
20240108-0304-5458-b6c9-ec0c08384229_b4363865-bd1d-4788-adf5-f443dab92d92_4分,20240108-0304-5458-b6c9-ec0c08384229_b4363865-bd1d-4788-adf5-f443dab92d92_4分.jpg,0.0397906424817765
20240108-0304-5458-b6c9-ec0c08384229_bf95d54d-af0d-4946-9844-278832ed4c6b_12分,20240108-0304-5458-b6c9-ec0c08384229_bf95d54d-af0d-4946-9844-278832ed4c6b_12分.jpg,0.0320223766740125
20240108-0304-5458-b6c9-ec0c08384229_c9dd4c88-ab33-4fce-b97b-72a3cf8622af_5分,20240108-0304-5458-b6c9-ec0c08384229_c9dd4c88-ab33-4fce-b97b-72a3cf8622af_5分.jpg,0.0829250720461095
20240114-1304-2938-a0bd-189ac5244430_7bf41575-c9a2-4336-8cfc-5c04440cfb8f_2分,20240114-1304-2938-a0bd-189ac5244430_7bf41575-c9a2-4336-8cfc-5c04440cfb8f_2分.jpg,0.017168113169342
20240114-1304-2938-a0bd-189ac5244430_928e32c3-7846-47b7-a30b-335b793b2855_10分,20240114-1304-2938-a0bd-189ac5244430_928e32c3-7846-47b7-a30b-335b793b2855_10分.jpg,0.0395687722997646
20240114-1304-2938-a0bd-189ac5244430_9d8cfaaf-4d2b-41a5-96a7-1e8616e24e49_3分,20240114-1304-2938-a0bd-189ac5244430_9d8cfaaf-4d2b-41a5-96a7-1e8616e24e49_3分.jpg,0.0485270809040699
20240114-1304-2938-a0bd-189ac5244430_a89c5edb-e82a-451a-bd0f-29ec0d24ebd6_6分,20240114-1304-2938-a0bd-189ac5244430_a89c5edb-e82a-451a-bd0f-29ec0d24ebd6_6分.jpg,0.0230542037020227
20240114-1304-2938-a0bd-189ac5244430_cad0aee5-0721-45fb-a0cc-64f1ebc7068b_6分,20240114-1304-2938-a0bd-189ac5244430_cad0aee5-0721-45fb-a0cc-64f1ebc7068b_6分.jpg,0.0637136134172142
20240114-1304-2938-a0bd-189ac5244430_e6bfa96b-916c-4456-acd6-ffb87c04d05f_8分,20240114-1304-2938-a0bd-189ac5244430_e6bfa96b-916c-4456-acd6-ffb87c04d05f_8分.jpg,0.037266005208806
20240114-1304-2938-a0bd-189ac5244430_f07f27bf-ba20-4b02-85d0-d1cb9b8be182_12分,20240114-1304-2938-a0bd-189ac5244430_f07f27bf-ba20-4b02-85d0-d1cb9b8be182_12分.jpg,0.0751255070905396
20240114-1304-2938-a0bd-189ac5244430_f9f66a78-eff6-45e2-b42e-60d87ff3cb7a_4分,20240114-1304-2938-a0bd-189ac5244430_f9f66a78-eff6-45e2-b42e-60d87ff3cb7a_4分.jpg,0.0427401392273371
20240126-0852-363c-e92a-bf40bf584458_15682ace-80d8-4097-8950-1da24041e9af_7分,20240126-0852-363c-e92a-bf40bf584458_15682ace-80d8-4097-8950-1da24041e9af_7分.jpg,0.1009941688175126
20240126-0852-363c-e92a-bf40bf584458_2dc3008e-0888-4d86-a6ce-3fd776eb1726_12分,20240126-0852-363c-e92a-bf40bf584458_2dc3008e-0888-4d86-a6ce-3fd776eb1726_12分.jpg,0.0976055562697573
20240126-0852-363c-e92a-bf40bf584458_361eb277-998d-494e-a29d-7d379a2b1995_2分,20240126-0852-363c-e92a-bf40bf584458_361eb277-998d-494e-a29d-7d379a2b1995_2分.jpg,0.0358507296394819
20240126-0852-363c-e92a-bf40bf584458_c2871a5d-2b5e-48ec-819c-162ae3bd6dfe_12分,20240126-0852-363c-e92a-bf40bf584458_c2871a5d-2b5e-48ec-819c-162ae3bd6dfe_12分.jpg,0.0623662931940969
20240128-0622-47ec-5441-ae5456917290_70313140-3094-48cb-a045-47a907370afa_2分,20240128-0622-47ec-5441-ae5456917290_70313140-3094-48cb-a045-47a907370afa_2分.jpg,0.0237651091193108
20240128-0622-47ec-5441-ae5456917290_8f78321c-405b-4374-906c-a934bab2ff24_2分,20240128-0622-47ec-5441-ae5456917290_8f78321c-405b-4374-906c-a934bab2ff24_2分.jpg,0.0341907805935969
20240128-0622-47ec-5441-ae5456917290_c3236745-8293-40ee-9005-e9e67b2b120d_4分,20240128-0622-47ec-5441-ae5456917290_c3236745-8293-40ee-9005-e9e67b2b120d_4分.jpg,0.0588999727012147
20240128-0622-47ec-5441-ae5456917290_e0dfcb46-fdea-46ab-9959-8ed605da1112_8分,20240128-0622-47ec-5441-ae5456917290_e0dfcb46-fdea-46ab-9959-8ed605da1112_8分.jpg,0.0390694905743361
20240130-0218-539a-df87-74f3dd034380_1a97fa1b-0a0f-4208-a2bb-6cca5b4d9949_3分,20240130-0218-539a-df87-74f3dd034380_1a97fa1b-0a0f-4208-a2bb-6cca5b4d9949_3分.jpg,0.0503939069185271
20240130-0218-539a-df87-74f3dd034380_482ae86d-2b79-436e-a4c4-b26621d3be35_8分,20240130-0218-539a-df87-74f3dd034380_482ae86d-2b79-436e-a4c4-b26621d3be35_8分.jpg,0.057948448051281
20240130-0218-539a-df87-74f3dd034380_4ce8c6ca-8770-4d1e-844a-597d691e277e_3分,20240130-0218-539a-df87-74f3dd034380_4ce8c6ca-8770-4d1e-844a-597d691e277e_3分.jpg,0.0219137140691171
20240130-0218-539a-df87-74f3dd034380_549c67fa-eb96-4e6b-aa5c-1535661afda4_12分,20240130-0218-539a-df87-74f3dd034380_549c67fa-eb96-4e6b-aa5c-1535661afda4_12分.jpg,0.0505084385251601
20240130-0218-539a-df87-74f3dd034380_5c19e04b-89cf-45d5-94f4-8e2176b84201_3分,20240130-0218-539a-df87-74f3dd034380_5c19e04b-89cf-45d5-94f4-8e2176b84201_3分.jpg,0.0397524662927118
20240130-0218-539a-df87-74f3dd034380_8aa38922-e3eb-430e-ba52-7776716d5921_12分,20240130-0218-539a-df87-74f3dd034380_8aa38922-e3eb-430e-ba52-7776716d5921_12分.jpg,0.0547751953627425
20240130-0218-539a-df87-74f3dd034380_ca781ed8-afd4-4599-84c5-58e6aa6c4fcf_9分,20240130-0218-539a-df87-74f3dd034380_ca781ed8-afd4-4599-84c5-58e6aa6c4fcf_9分.jpg,0.0812883533172807
20240130-0218-539a-df87-74f3dd034380_dfbfd5b3-a30d-4106-97aa-e53d6102fdc6_6分,20240130-0218-539a-df87-74f3dd034380_dfbfd5b3-a30d-4106-97aa-e53d6102fdc6_6分.jpg,0.061516198496
20240226-0219-20b0-6476-9a4088775643_3649c4a2-333d-42f9-80de-d18fdaf26eb0_10分,20240226-0219-20b0-6476-9a4088775643_3649c4a2-333d-42f9-80de-d18fdaf26eb0_10分.jpg,0.0481498895522652
20240226-0219-20b0-6476-9a4088775643_7c0911d6-db21-444e-9a62-a171ef5f147d_6分,20240226-0219-20b0-6476-9a4088775643_7c0911d6-db21-444e-9a62-a171ef5f147d_6分.jpg,0.03429291271524
20240226-0219-20b0-6476-9a4088775643_8702a922-7717-41c3-8940-e4ff1a9d03cb_8分,20240226-0219-20b0-6476-9a4088775643_8702a922-7717-41c3-8940-e4ff1a9d03cb_8分.jpg,0.0539020430613095
20240226-0219-20b0-6476-9a4088775643_92fb9ba0-02ef-4cb8-839d-a2a9501b4e3c_6分,20240226-0219-20b0-6476-9a4088775643_92fb9ba0-02ef-4cb8-839d-a2a9501b4e3c_6分.jpg,0.0353539206727996
20240226-0219-20b0-6476-9a4088775643_970caa9d-fae1-4f5a-8f2f-35aff9a2e108_12分,20240226-0219-20b0-6476-9a4088775643_970caa9d-fae1-4f5a-8f2f-35aff9a2e108_12分.jpg,0.0667033347231709
20240226-0219-20b0-6476-9a4088775643_c1278940-44f6-4e65-adb7-ecd01437b1d7_10分,20240226-0219-20b0-6476-9a4088775643_c1278940-44f6-4e65-adb7-ecd01437b1d7_10分.jpg,0.0779361798390745
20240226-0219-20b0-6476-9a4088775643_c9815394-6291-434e-a73c-cadb1b5a525a_10分,20240226-0219-20b0-6476-9a4088775643_c9815394-6291-434e-a73c-cadb1b5a525a_10分.jpg,0.0587892444310389
20240226-0219-20b0-6476-9a4088775643_d2f81724-b65c-4e95-8a6a-ab70221a16e4_1分,20240226-0219-20b0-6476-9a4088775643_d2f81724-b65c-4e95-8a6a-ab70221a16e4_1分.jpg,0.0398215093636613
20240228-0137-3868-43cf-8a74c8283747_304265bb-9c27-4fc3-970a-867a4340b576_5分,20240228-0137-3868-43cf-8a74c8283747_304265bb-9c27-4fc3-970a-867a4340b576_5分.jpg,0.0529447899869461
20240228-0137-3868-43cf-8a74c8283747_6851612c-27d4-469a-9350-a49ef1a595b9_11分,20240228-0137-3868-43cf-8a74c8283747_6851612c-27d4-469a-9350-a49ef1a595b9_11分.jpg,0.0509867158104891
20240228-0137-3868-43cf-8a74c8283747_77031825-8f52-4e66-bff9-9095ed028cf7_3分,20240228-0137-3868-43cf-8a74c8283747_77031825-8f52-4e66-bff9-9095ed028cf7_3分.jpg,0.0224428940738546
20240228-0137-3868-43cf-8a74c8283747_7d614bd7-7839-42cd-8dc6-ee34045798eb_7分,20240228-0137-3868-43cf-8a74c8283747_7d614bd7-7839-42cd-8dc6-ee34045798eb_7分.jpg,0.0833781258798535
20240307-0227-5720-d60a-6005ea993541_91a94467-3545-4988-b54d-cba335a92785_12分,20240307-0227-5720-d60a-6005ea993541_91a94467-3545-4988-b54d-cba335a92785_12分.jpg,0.0528796347099906
20240307-0227-5720-d60a-6005ea993541_9da2dcf5-f807-4483-89b3-94b0cf81b5ef_15分,20240307-0227-5720-d60a-6005ea993541_9da2dcf5-f807-4483-89b3-94b0cf81b5ef_15分.jpg,0.05243883159275
20240307-0227-5720-d60a-6005ea993541_9f946f14-3a6f-4532-a69a-d541a0c53677_2分,20240307-0227-5720-d60a-6005ea993541_9f946f14-3a6f-4532-a69a-d541a0c53677_2分.jpg,0.0773256084291971
20240307-0227-5720-d60a-6005ea993541_d450a586-603d-433f-a015-f1a72b6c1c56_1分,20240307-0227-5720-d60a-6005ea993541_d450a586-603d-433f-a015-f1a72b6c1c56_1分.jpg,0.0271010220308562
20240315-0316-531a-a494-dc7837995835_118d3fd7-7565-4986-8275-cd7b8834090b_13分,20240315-0316-531a-a494-dc7837995835_118d3fd7-7565-4986-8275-cd7b8834090b_13分.jpg,0.0441755569321127
20240315-0316-531a-a494-dc7837995835_2e72855d-d1f0-48cf-b7b4-ba2761c7cf0a_4分,20240315-0316-531a-a494-dc7837995835_2e72855d-d1f0-48cf-b7b4-ba2761c7cf0a_4分.jpg,0.0425007456351664
20240315-0316-531a-a494-dc7837995835_50767a87-8a80-4b06-842e-bcb877db16f4_13分,20240315-0316-531a-a494-dc7837995835_50767a87-8a80-4b06-842e-bcb877db16f4_13分.jpg,0.0632518870305366
20240315-0316-531a-a494-dc7837995835_78c91c85-57dd-4b67-be36-566cf5805421_3分,20240315-0316-531a-a494-dc7837995835_78c91c85-57dd-4b67-be36-566cf5805421_3分.jpg,0.0259994952623488
20240315-0316-531a-a494-dc7837995835_8bf76ab7-676c-49f2-8f62-3a49500205c7_4分,20240315-0316-531a-a494-dc7837995835_8bf76ab7-676c-49f2-8f62-3a49500205c7_4分.jpg,0.0286443205542937
20240315-0316-531a-a494-dc7837995835_bc8c3467-a03e-4b54-a88f-e9f479b047a2_3分,20240315-0316-531a-a494-dc7837995835_bc8c3467-a03e-4b54-a88f-e9f479b047a2_3分.jpg,0.0625048753068575
20240315-0316-531a-a494-dc7837995835_cb0fe4cf-25f4-4c56-8b61-5575e942f292_3分,20240315-0316-531a-a494-dc7837995835_cb0fe4cf-25f4-4c56-8b61-5575e942f292_3分.jpg,0.0688737467593548
20240315-0316-531a-a494-dc7837995835_cde30d61-d667-4ba7-9714-717ed8a8d415_10分,20240315-0316-531a-a494-dc7837995835_cde30d61-d667-4ba7-9714-717ed8a8d415_10分.jpg,0.0385362608117099
20240320-0800-50c2-65d8-a16c59045113_0327eeca-591b-4af0-8197-57a0be95e2a7_17分,20240320-0800-50c2-65d8-a16c59045113_0327eeca-591b-4af0-8197-57a0be95e2a7_17分.jpg,0.0423110123260048
20240320-0800-50c2-65d8-a16c59045113_48cc126e-aaad-4a1e-8329-56c815efc300_7分,20240320-0800-50c2-65d8-a16c59045113_48cc126e-aaad-4a1e-8329-56c815efc300_7分.jpg,0.0256418993300552
20240320-0800-50c2-65d8-a16c59045113_57ce7df6-c3dd-4a9a-b821-9c93ab325fca_7分,20240320-0800-50c2-65d8-a16c59045113_57ce7df6-c3dd-4a9a-b821-9c93ab325fca_7分.jpg,0.0446035723397042
20240320-0800-50c2-65d8-a16c59045113_84ba48a1-c4b9-4aaa-b637-23c84c542c9d_17分,20240320-0800-50c2-65d8-a16c59045113_84ba48a1-c4b9-4aaa-b637-23c84c542c9d_17分.jpg,0.0838409466595373
20240320-0800-50c2-65d8-a16c59045113_a02c283b-14c8-4e89-8d9e-2c4ea330d288_3分,20240320-0800-50c2-65d8-a16c59045113_a02c283b-14c8-4e89-8d9e-2c4ea330d288_3分.jpg,0.0334142369374753
20240320-0800-50c2-65d8-a16c59045113_d6fb3de0-2eab-4d7f-87ce-0d947a860c23_2分,20240320-0800-50c2-65d8-a16c59045113_d6fb3de0-2eab-4d7f-87ce-0d947a860c23_2分.jpg,0.0178381089175691
20240320-0800-50c2-65d8-a16c59045113_f2c7a282-3653-40ce-890d-8f1720f3bf88_1分,20240320-0800-50c2-65d8-a16c59045113_f2c7a282-3653-40ce-890d-8f1720f3bf88_1分.jpg,0.0166367865018539
20240320-0800-50c2-65d8-a16c59045113_f6a64b1f-f6d2-40d7-bf21-8908a7304def_17分,20240320-0800-50c2-65d8-a16c59045113_f6a64b1f-f6d2-40d7-bf21-8908a7304def_17分.jpg,0.060641008167245
20240322-0713-384c-3972-9016bd015581_0d6ac8f7-dedf-4190-b4dc-e5534eefc476_2分,20240322-0713-384c-3972-9016bd015581_0d6ac8f7-dedf-4190-b4dc-e5534eefc476_2分.jpg,0.019149181082681
20240322-0713-384c-3972-9016bd015581_4da932e8-2afc-4094-a56a-04feedc3efdd_12分,20240322-0713-384c-3972-9016bd015581_4da932e8-2afc-4094-a56a-04feedc3efdd_12分.jpg,0.0595266970334802
20240322-0713-384c-3972-9016bd015581_9ba1d9e5-a699-4fec-b3b0-0bc363fd69c0_12分,20240322-0713-384c-3972-9016bd015581_9ba1d9e5-a699-4fec-b3b0-0bc363fd69c0_12分.jpg,0.034279829638887
20240322-0713-384c-3972-9016bd015581_acb04367-5e57-45fc-9642-e1eb0c76170b_8分,20240322-0713-384c-3972-9016bd015581_acb04367-5e57-45fc-9642-e1eb0c76170b_8分.jpg,0.1051283052686969
20240325-1338-01c7-4006-b59fe8869615_30dbf5f9-c6f9-4728-a619-c2b86fd557a5_3分,20240325-1338-01c7-4006-b59fe8869615_30dbf5f9-c6f9-4728-a619-c2b86fd557a5_3分.jpg,0.0321008850857541
20240325-1338-01c7-4006-b59fe8869615_4ebde6ac-a995-4a88-97af-804a33c2f0c1_5分,20240325-1338-01c7-4006-b59fe8869615_4ebde6ac-a995-4a88-97af-804a33c2f0c1_5分.jpg,0.0297669763854713
20240325-1338-01c7-4006-b59fe8869615_880de39f-0515-4b48-9f0c-3e4da47ffd6a_5分,20240325-1338-01c7-4006-b59fe8869615_880de39f-0515-4b48-9f0c-3e4da47ffd6a_5分.jpg,0.0313268941202394
20240325-1338-01c7-4006-b59fe8869615_b9e4d971-96d5-4eb9-891c-4aab9e7970c4_4分,20240325-1338-01c7-4006-b59fe8869615_b9e4d971-96d5-4eb9-891c-4aab9e7970c4_4分.jpg,0.0391173014065885
20240325-1338-01c7-4006-b59fe8869615_bc0d6eca-dc6f-4e29-a1b9-9b327f7fe351_11分,20240325-1338-01c7-4006-b59fe8869615_bc0d6eca-dc6f-4e29-a1b9-9b327f7fe351_11分.jpg,0.0669892394138602
20240325-1338-01c7-4006-b59fe8869615_d154674d-4de8-4239-bd14-948656849a1c_9分,20240325-1338-01c7-4006-b59fe8869615_d154674d-4de8-4239-bd14-948656849a1c_9分.jpg,0.0499798009475191
20240325-1338-01c7-4006-b59fe8869615_f7419769-d50a-4a18-ae2b-719d76c58363_12分,20240325-1338-01c7-4006-b59fe8869615_f7419769-d50a-4a18-ae2b-719d76c58363_12分.jpg,0.0572285063718829
20240325-1338-01c7-4006-b59fe8869615_f9229899-fa73-41f5-8220-cd098a2d91a6_12分,20240325-1338-01c7-4006-b59fe8869615_f9229899-fa73-41f5-8220-cd098a2d91a6_12分.jpg,0.0553151052187006
20240326-0844-5208-9989-f91532464431_1574b0c3-a5df-42ba-a15b-a79323b9cc3f_9分,20240326-0844-5208-9989-f91532464431_1574b0c3-a5df-42ba-a15b-a79323b9cc3f_9分.jpg,0.0513721073477485
20240326-0844-5208-9989-f91532464431_19e01982-7318-4548-8743-5f1cb05ca3d5_11分,20240326-0844-5208-9989-f91532464431_19e01982-7318-4548-8743-5f1cb05ca3d5_11分.jpg,0.0807990918271606
20240326-0844-5208-9989-f91532464431_4303528f-3c0c-437c-98e3-d23a5116a8a6_11分,20240326-0844-5208-9989-f91532464431_4303528f-3c0c-437c-98e3-d23a5116a8a6_11分.jpg,0.0567733363892251
20240326-0844-5208-9989-f91532464431_8c11ef07-c460-4ebb-97ad-281d716f6f56_2分,20240326-0844-5208-9989-f91532464431_8c11ef07-c460-4ebb-97ad-281d716f6f56_2分.jpg,0.0346536337656942
20240326-0844-5208-9989-f91532464431_96397bc4-64ec-419b-af7e-446f63b2bef0_2分,20240326-0844-5208-9989-f91532464431_96397bc4-64ec-419b-af7e-446f63b2bef0_2分.jpg,0.0412894550246739
20240326-0844-5208-9989-f91532464431_d2c45d2e-c680-487d-b97d-dc3c9f71e965_6分,20240326-0844-5208-9989-f91532464431_d2c45d2e-c680-487d-b97d-dc3c9f71e965_6分.jpg,0.0370529862986227
20240326-0844-5208-9989-f91532464431_efbcc815-0596-4b17-b370-de41ad26b288_11分,20240326-0844-5208-9989-f91532464431_efbcc815-0596-4b17-b370-de41ad26b288_11分.jpg,0.0481616304137629
20240326-0844-5208-9989-f91532464431_fa441e15-c6fe-40ee-8c2d-f6420796386b_2分,20240326-0844-5208-9989-f91532464431_fa441e15-c6fe-40ee-8c2d-f6420796386b_2分.jpg,0.0396358713947042
20240327-1425-153f-2e3f-92f268369098_056d9061-786f-4748-aeb4-75d87a8adfde_15分,20240327-1425-153f-2e3f-92f268369098_056d9061-786f-4748-aeb4-75d87a8adfde_15分.jpg,0.071089819030292
20240327-1425-153f-2e3f-92f268369098_2ecf1535-4c2d-444e-8f27-7b404e2aae38_8分,20240327-1425-153f-2e3f-92f268369098_2ecf1535-4c2d-444e-8f27-7b404e2aae38_8分.jpg,0.0262956549164362
20240327-1425-153f-2e3f-92f268369098_305958ed-972d-486e-9bc2-2dfd3ff84c23_1分,20240327-1425-153f-2e3f-92f268369098_305958ed-972d-486e-9bc2-2dfd3ff84c23_1分.jpg,0.0411335940169317
20240327-1425-153f-2e3f-92f268369098_4c9a36d3-0dde-4fc3-b02c-0ca911467ff3_8分,20240327-1425-153f-2e3f-92f268369098_4c9a36d3-0dde-4fc3-b02c-0ca911467ff3_8分.jpg,0.0176311862466526
20240327-1425-153f-2e3f-92f268369098_706a80f0-0014-4ba7-b2e1-99928364fcde_1分,20240327-1425-153f-2e3f-92f268369098_706a80f0-0014-4ba7-b2e1-99928364fcde_1分.jpg,0.0277514141452488
20240327-1425-153f-2e3f-92f268369098_9f13e6a3-7939-4c82-8881-7348202c6187_15分,20240327-1425-153f-2e3f-92f268369098_9f13e6a3-7939-4c82-8881-7348202c6187_15分.jpg,0.044093297082933
20240327-1425-153f-2e3f-92f268369098_c181c3b9-e151-4ac0-9584-9eb670ab57d5_8分,20240327-1425-153f-2e3f-92f268369098_c181c3b9-e151-4ac0-9584-9eb670ab57d5_8分.jpg,0.0197746712495583
20240327-1425-153f-2e3f-92f268369098_e688235d-a4bc-42d3-b3e1-4af3dfddb415_10分,20240327-1425-153f-2e3f-92f268369098_e688235d-a4bc-42d3-b3e1-4af3dfddb415_10分.jpg,0.0768237874270295
20240327-1425-39fc-b8b5-18c2c4010817_9ec6e752-54a0-406b-bd88-33e8ec28b798_3分,20240327-1425-39fc-b8b5-18c2c4010817_9ec6e752-54a0-406b-bd88-33e8ec28b798_3分.jpg,0.0429723352161025
20240327-1425-39fc-b8b5-18c2c4010817_a0885876-2da0-409f-a8e5-c69e8ac36da8_15分,20240327-1425-39fc-b8b5-18c2c4010817_a0885876-2da0-409f-a8e5-c69e8ac36da8_15分.jpg,0.0762549252853962
20240327-1425-39fc-b8b5-18c2c4010817_af12661f-39ea-4731-bf4a-514315f36f99_2分,20240327-1425-39fc-b8b5-18c2c4010817_af12661f-39ea-4731-bf4a-514315f36f99_2分.jpg,0.0298109744093123
20240327-1425-39fc-b8b5-18c2c4010817_b57de4ea-a374-4702-a348-d392f9819795_2分,20240327-1425-39fc-b8b5-18c2c4010817_b57de4ea-a374-4702-a348-d392f9819795_2分.jpg,0.064635272391505
20240327-1425-39fc-b8b5-18c2c4010817_b73312f9-cac7-4c82-a7f8-dcacea383365_2分,20240327-1425-39fc-b8b5-18c2c4010817_b73312f9-cac7-4c82-a7f8-dcacea383365_2分.jpg,0.0242333746488871
20240327-1425-39fc-b8b5-18c2c4010817_e35f6495-3caf-47d6-8718-8006fdfd1e3c_1分,20240327-1425-39fc-b8b5-18c2c4010817_e35f6495-3caf-47d6-8718-8006fdfd1e3c_1分.jpg,0.0316271950620981
20240327-1425-39fc-b8b5-18c2c4010817_eb7346d9-53fa-462d-8b48-7b69e136eb00_7分,20240327-1425-39fc-b8b5-18c2c4010817_eb7346d9-53fa-462d-8b48-7b69e136eb00_7分.jpg,0.06752736115617
20240327-1425-39fc-b8b5-18c2c4010817_f7532f75-686d-4325-844a-ec748b7e204c_9分,20240327-1425-39fc-b8b5-18c2c4010817_f7532f75-686d-4325-844a-ec748b7e204c_9分.jpg,0.0517179229090586
20240328-0313-080f-096d-dd3bcb082667_0033b312-8ac1-40cf-bb0d-3bb7eb4fe787_6分,20240328-0313-080f-096d-dd3bcb082667_0033b312-8ac1-40cf-bb0d-3bb7eb4fe787_6分.jpg,0.0334573778784917
20240328-0313-080f-096d-dd3bcb082667_05b3529d-cc08-448a-bc37-19bc1c4a6de8_6分,20240328-0313-080f-096d-dd3bcb082667_05b3529d-cc08-448a-bc37-19bc1c4a6de8_6分.jpg,0.0281401931055784
20240328-0313-080f-096d-dd3bcb082667_0e578918-bfe8-412a-9dc2-7e33d57cd651_6分,20240328-0313-080f-096d-dd3bcb082667_0e578918-bfe8-412a-9dc2-7e33d57cd651_6分.jpg,0.0316150243386683
20240328-0313-080f-096d-dd3bcb082667_132fd6f6-6593-49c6-841e-dfd13229f9cf_6分,20240328-0313-080f-096d-dd3bcb082667_132fd6f6-6593-49c6-841e-dfd13229f9cf_6分.jpg,0.0300548152152068
20240328-0313-080f-096d-dd3bcb082667_3ddef9d9-9f0e-429d-8786-df4f14c6521f_6分,20240328-0313-080f-096d-dd3bcb082667_3ddef9d9-9f0e-429d-8786-df4f14c6521f_6分.jpg,0.0502712051328504
20240328-0313-080f-096d-dd3bcb082667_3e12258c-c738-4357-b7be-29b5433210ae_6分,20240328-0313-080f-096d-dd3bcb082667_3e12258c-c738-4357-b7be-29b5433210ae_6分.jpg,0.0390517571657256
20240328-0313-080f-096d-dd3bcb082667_bca72d69-9e32-4bd7-8d10-533692c8f559_12分,20240328-0313-080f-096d-dd3bcb082667_bca72d69-9e32-4bd7-8d10-533692c8f559_12分.jpg,0.0234556058135609
20240328-0313-080f-096d-dd3bcb082667_fea1df96-1db6-4911-a773-0395451fcaad_12分,20240328-0313-080f-096d-dd3bcb082667_fea1df96-1db6-4911-a773-0395451fcaad_12分.jpg,0.0243287685336707
20240330-0402-4926-fef5-90ef65929954_055e6b35-7747-44a0-92a3-5b1111be6d16_13分,20240330-0402-4926-fef5-90ef65929954_055e6b35-7747-44a0-92a3-5b1111be6d16_13分.jpg,0.0273634153318077
20240330-0402-4926-fef5-90ef65929954_abb952a7-1e99-4427-811f-503ccb173b7b_6分,20240330-0402-4926-fef5-90ef65929954_abb952a7-1e99-4427-811f-503ccb173b7b_6分.jpg,0.0330222635392829
20240330-0402-4926-fef5-90ef65929954_eb1b4699-0cac-4ace-89d2-4a8ac2ff8486_12分,20240330-0402-4926-fef5-90ef65929954_eb1b4699-0cac-4ace-89d2-4a8ac2ff8486_12分.jpg,0.0237902841342486
20240330-0402-4926-fef5-90ef65929954_fbd7baf8-0817-482a-9b72-e51f3e1697ae_6分,20240330-0402-4926-fef5-90ef65929954_fbd7baf8-0817-482a-9b72-e51f3e1697ae_6分.jpg,0.0447439931350114
20240407-1438-1198-d322-6a2bab930559_0bd57b97-9c00-416a-b5ca-a8c402508e7c_15分,20240407-1438-1198-d322-6a2bab930559_0bd57b97-9c00-416a-b5ca-a8c402508e7c_15分.jpg,0.1121725597428475
20240407-1438-1198-d322-6a2bab930559_0dc76f4a-f253-4a9e-b112-73c99050a188_1分,20240407-1438-1198-d322-6a2bab930559_0dc76f4a-f253-4a9e-b112-73c99050a188_1分.jpg,0.0240910699654318
20240407-1438-1198-d322-6a2bab930559_0dffcd5f-f5f9-4bc2-b68f-5cd197d22a38_8分,20240407-1438-1198-d322-6a2bab930559_0dffcd5f-f5f9-4bc2-b68f-5cd197d22a38_8分.jpg,0.0714916682423554
20240407-1438-1198-d322-6a2bab930559_145407e8-097e-44eb-b147-d9bb6597afc2_2分,20240407-1438-1198-d322-6a2bab930559_145407e8-097e-44eb-b147-d9bb6597afc2_2分.jpg,0.0227102817331607
20240407-1438-1198-d322-6a2bab930559_445ca9da-cb26-4c7d-98d5-cd8fc879e16b_9分,20240407-1438-1198-d322-6a2bab930559_445ca9da-cb26-4c7d-98d5-cd8fc879e16b_9分.jpg,0.0605626905977436
20240407-1438-1198-d322-6a2bab930559_5156209a-0c3e-4249-8c26-84458c40d80b_11分,20240407-1438-1198-d322-6a2bab930559_5156209a-0c3e-4249-8c26-84458c40d80b_11分.jpg,0.040769130074324
20240407-1438-1198-d322-6a2bab930559_a3ee7420-7488-4094-a0a3-1076e82feafb_1分,20240407-1438-1198-d322-6a2bab930559_a3ee7420-7488-4094-a0a3-1076e82feafb_1分.jpg,0.0315981363237483
20240407-1438-1198-d322-6a2bab930559_bd7853a6-285f-474c-a386-f930ac1190e4_9分,20240407-1438-1198-d322-6a2bab930559_bd7853a6-285f-474c-a386-f930ac1190e4_9分.jpg,0.0670535588750066
20240408-0105-32cd-85cc-8ba3e7086083_0f8ae618-c9ee-4382-b593-266d60943b21_15分,20240408-0105-32cd-85cc-8ba3e7086083_0f8ae618-c9ee-4382-b593-266d60943b21_15分.jpg,0.0369599688492802
20240408-0105-32cd-85cc-8ba3e7086083_160dc2c3-4b07-4a37-9d01-0dae29c18d7b_15分,20240408-0105-32cd-85cc-8ba3e7086083_160dc2c3-4b07-4a37-9d01-0dae29c18d7b_15分.jpg,0.0594632127780972
20240408-0105-32cd-85cc-8ba3e7086083_1bef9058-90b9-4476-88f1-88c070b11f8e_4分,20240408-0105-32cd-85cc-8ba3e7086083_1bef9058-90b9-4476-88f1-88c070b11f8e_4分.jpg,0.0559576314199123
20240408-0105-32cd-85cc-8ba3e7086083_3eee0aa0-c5e6-40ca-a25b-3a5f6c1762c5_11分,20240408-0105-32cd-85cc-8ba3e7086083_3eee0aa0-c5e6-40ca-a25b-3a5f6c1762c5_11分.jpg,0.0508168623527571
20240408-0105-32cd-85cc-8ba3e7086083_42f7880b-2500-443e-8493-ceea3744e44e_13分,20240408-0105-32cd-85cc-8ba3e7086083_42f7880b-2500-443e-8493-ceea3744e44e_13分.jpg,0.1003665386351078
20240408-0105-32cd-85cc-8ba3e7086083_56a82d63-bbbf-4e3d-92b6-a2e9da8abebc_4分,20240408-0105-32cd-85cc-8ba3e7086083_56a82d63-bbbf-4e3d-92b6-a2e9da8abebc_4分.jpg,0.0859537038183264
20240408-0105-32cd-85cc-8ba3e7086083_5fa4a384-5f30-4882-a165-a6a3ffc02945_6分,20240408-0105-32cd-85cc-8ba3e7086083_5fa4a384-5f30-4882-a165-a6a3ffc02945_6分.jpg,0.0677370600157779
20240408-0105-32cd-85cc-8ba3e7086083_765e2670-5075-4ed9-9e22-58b66fafeb89_13分,20240408-0105-32cd-85cc-8ba3e7086083_765e2670-5075-4ed9-9e22-58b66fafeb89_13分.jpg,0.0888223159794864
20240408-0538-3602-d7fc-c1aa86984501_39fdb32f-3cc8-482f-a0af-1f6b6d9a6dba_2分,20240408-0538-3602-d7fc-c1aa86984501_39fdb32f-3cc8-482f-a0af-1f6b6d9a6dba_2分.jpg,0.0278700926276158
20240408-0538-3602-d7fc-c1aa86984501_3aa849d5-cd09-41f5-aaf4-237e3590551d_6分,20240408-0538-3602-d7fc-c1aa86984501_3aa849d5-cd09-41f5-aaf4-237e3590551d_6分.jpg,0.0688188879408168
20240408-0538-3602-d7fc-c1aa86984501_7f9926f2-9b8e-4123-bc0e-66623163a58c_6分,20240408-0538-3602-d7fc-c1aa86984501_7f9926f2-9b8e-4123-bc0e-66623163a58c_6分.jpg,0.0185193655931949
20240408-0538-3602-d7fc-c1aa86984501_998444e4-74ba-4048-9d7e-fd7d43de4e18_14分,20240408-0538-3602-d7fc-c1aa86984501_998444e4-74ba-4048-9d7e-fd7d43de4e18_14分.jpg,0.0267195045786015
20240408-0538-3602-d7fc-c1aa86984501_9c6ef7fa-8a35-492b-8de6-4500dba772bb_1分,20240408-0538-3602-d7fc-c1aa86984501_9c6ef7fa-8a35-492b-8de6-4500dba772bb_1分.jpg,0.031782795717842
20240408-0538-3602-d7fc-c1aa86984501_bf5dd02f-cd50-4c66-a565-56bcb6366b9a_15分,20240408-0538-3602-d7fc-c1aa86984501_bf5dd02f-cd50-4c66-a565-56bcb6366b9a_15分.jpg,0.0418513208011892
20240408-0538-3602-d7fc-c1aa86984501_e41623c6-72d8-43ff-8288-6e13e397ddce_7分,20240408-0538-3602-d7fc-c1aa86984501_e41623c6-72d8-43ff-8288-6e13e397ddce_7分.jpg,0.0553381831616541
20240408-0538-3602-d7fc-c1aa86984501_fc473fe0-5e28-44c0-82aa-31277bc99066_17分,20240408-0538-3602-d7fc-c1aa86984501_fc473fe0-5e28-44c0-82aa-31277bc99066_17分.jpg,0.0511140823884378
20240409-0448-26cb-84d1-70c5df394134_0907cff6-c6cd-4d9c-af69-2b3f1a8f9b52_11分,20240409-0448-26cb-84d1-70c5df394134_0907cff6-c6cd-4d9c-af69-2b3f1a8f9b52_11分.jpg,0.0644284979846113
20240409-0448-26cb-84d1-70c5df394134_1bef9855-64a0-4926-9d9d-c0bac6e4b86e_12分,20240409-0448-26cb-84d1-70c5df394134_1bef9855-64a0-4926-9d9d-c0bac6e4b86e_12分.jpg,0.0667942575463669
20240409-0448-26cb-84d1-70c5df394134_2f351d7f-9390-418d-8e7b-d0d12d01e5a5_8分,20240409-0448-26cb-84d1-70c5df394134_2f351d7f-9390-418d-8e7b-d0d12d01e5a5_8分.jpg,0.0568922836319334
20240409-0448-26cb-84d1-70c5df394134_357e9166-1ee7-4ca3-af95-59c88aee3cc7_6分,20240409-0448-26cb-84d1-70c5df394134_357e9166-1ee7-4ca3-af95-59c88aee3cc7_6分.jpg,0.0346344434891929
20240409-0448-26cb-84d1-70c5df394134_96181638-3e2c-4555-8bb9-be6e3f7cfd18_10分,20240409-0448-26cb-84d1-70c5df394134_96181638-3e2c-4555-8bb9-be6e3f7cfd18_10分.jpg,0.080029723202675
20240409-0448-26cb-84d1-70c5df394134_c3a0c3ca-b5b2-484c-b7d5-ee652379da5b_8分,20240409-0448-26cb-84d1-70c5df394134_c3a0c3ca-b5b2-484c-b7d5-ee652379da5b_8分.jpg,0.059734132864444
20240409-0448-26cb-84d1-70c5df394134_d14c7484-43c7-48a3-a8a1-64dee7f01ecc_6分,20240409-0448-26cb-84d1-70c5df394134_d14c7484-43c7-48a3-a8a1-64dee7f01ecc_6分.jpg,0.039321896236645
20240409-0448-26cb-84d1-70c5df394134_d257c7ab-f79d-4010-a3bd-f6e1d66e1845_6分,20240409-0448-26cb-84d1-70c5df394134_d257c7ab-f79d-4010-a3bd-f6e1d66e1845_6分.jpg,0.0358968155562947
20240409-0904-4945-eed0-489f57125199_1cf6e590-bf3d-4dba-af65-1f306279ba1f_1分,20240409-0904-4945-eed0-489f57125199_1cf6e590-bf3d-4dba-af65-1f306279ba1f_1分.jpg,0.0959293134598012
20240409-0904-4945-eed0-489f57125199_2f54f82d-f39d-4f8b-af29-3d810827c324_15分,20240409-0904-4945-eed0-489f57125199_2f54f82d-f39d-4f8b-af29-3d810827c324_15分.jpg,0.0673724028906955
20240409-0904-4945-eed0-489f57125199_afd10420-74a9-436d-9364-e0e612b35410_6分,20240409-0904-4945-eed0-489f57125199_afd10420-74a9-436d-9364-e0e612b35410_6分.jpg,0.0314236111111111
20240409-0904-4945-eed0-489f57125199_c175a2b5-e9da-4fc9-95e9-9b268a9d489c_15分,20240409-0904-4945-eed0-489f57125199_c175a2b5-e9da-4fc9-95e9-9b268a9d489c_15分.jpg,0.078443992773261
20240409-2323-05a2-cc59-7e65ed092863_10ca132b-ba62-4e32-8d13-5fcfdbfbcd2f_7分,20240409-2323-05a2-cc59-7e65ed092863_10ca132b-ba62-4e32-8d13-5fcfdbfbcd2f_7分.jpg,0.0525933102203049
20240409-2323-05a2-cc59-7e65ed092863_512363e6-0a50-4965-ab49-680e0b331a30_7分,20240409-2323-05a2-cc59-7e65ed092863_512363e6-0a50-4965-ab49-680e0b331a30_7分.jpg,0.0440508324142959
20240409-2323-05a2-cc59-7e65ed092863_75a771e7-b0da-4096-8fe6-f60914ed98a4_2分,20240409-2323-05a2-cc59-7e65ed092863_75a771e7-b0da-4096-8fe6-f60914ed98a4_2分.jpg,0.0478874326462386
20240409-2323-05a2-cc59-7e65ed092863_80300833-30da-4d60-8e05-9fd9ae34af56_2分,20240409-2323-05a2-cc59-7e65ed092863_80300833-30da-4d60-8e05-9fd9ae34af56_2分.jpg,0.0682240542039105
20240409-2359-1909-dd99-0de676457847_04105c89-bf04-4b8b-ae79-62108de640bc_9分,20240409-2359-1909-dd99-0de676457847_04105c89-bf04-4b8b-ae79-62108de640bc_9分.jpg,0.0306282119440014
20240409-2359-1909-dd99-0de676457847_42e62c8f-95ed-4972-bc8b-a07d41851ee6_6分,20240409-2359-1909-dd99-0de676457847_42e62c8f-95ed-4972-bc8b-a07d41851ee6_6分.jpg,0.016873117136275
20240409-2359-1909-dd99-0de676457847_48b30ea4-384b-4bbd-838b-4693c919fb40_17分,20240409-2359-1909-dd99-0de676457847_48b30ea4-384b-4bbd-838b-4693c919fb40_17分.jpg,0.0292450824029771
20240409-2359-1909-dd99-0de676457847_652e528e-9dff-4b0c-a261-994d1796489d_10分,20240409-2359-1909-dd99-0de676457847_652e528e-9dff-4b0c-a261-994d1796489d_10分.jpg,0.0289606592238171
20240409-2359-1909-dd99-0de676457847_9ef49348-d245-4510-9f2c-b14b8e4a3ac2_14分,20240409-2359-1909-dd99-0de676457847_9ef49348-d245-4510-9f2c-b14b8e4a3ac2_14分.jpg,0.0232597908913698
20240409-2359-1909-dd99-0de676457847_a0917741-7585-4ec5-8cc3-9ee89049bf6d_2分,20240409-2359-1909-dd99-0de676457847_a0917741-7585-4ec5-8cc3-9ee89049bf6d_2分.jpg,0.0253526493000177
20240409-2359-1909-dd99-0de676457847_e09f3cd9-f3eb-4dcc-9354-73c5bae6dc24_5分,20240409-2359-1909-dd99-0de676457847_e09f3cd9-f3eb-4dcc-9354-73c5bae6dc24_5分.jpg,0.0278079035973772
20240409-2359-1909-dd99-0de676457847_ff23b6ad-645e-4a98-bd11-14d482769bb4_17分,20240409-2359-1909-dd99-0de676457847_ff23b6ad-645e-4a98-bd11-14d482769bb4_17分.jpg,0.0614788233209285
20240411-0043-3474-46ef-40bf44601664_1af6db9a-05a5-4f7f-89dd-1368bb5d7e24_13分,20240411-0043-3474-46ef-40bf44601664_1af6db9a-05a5-4f7f-89dd-1368bb5d7e24_13分.jpg,0.1077340992841477
20240411-0043-3474-46ef-40bf44601664_2ed11456-4733-44ac-a424-b4aefaf8ca12_14分,20240411-0043-3474-46ef-40bf44601664_2ed11456-4733-44ac-a424-b4aefaf8ca12_14分.jpg,0.0916663883415161
20240411-0043-3474-46ef-40bf44601664_2fb4fd65-2741-4196-b7d6-a9eab304ea93_4分,20240411-0043-3474-46ef-40bf44601664_2fb4fd65-2741-4196-b7d6-a9eab304ea93_4分.jpg,0.0397030827293677
20240411-0043-3474-46ef-40bf44601664_6ca8de5f-dbfc-4ef7-b9dc-66e1f17adacc_14分,20240411-0043-3474-46ef-40bf44601664_6ca8de5f-dbfc-4ef7-b9dc-66e1f17adacc_14分.jpg,0.1545275152243857
20240414-1422-244b-2ac8-345738720636_5df01f81-4f2d-4da0-86a6-c861e5c0d180_1分,20240414-1422-244b-2ac8-345738720636_5df01f81-4f2d-4da0-86a6-c861e5c0d180_1分.jpg,0.0526031580515417
20240414-1422-244b-2ac8-345738720636_62e80a31-717e-40fb-a7e1-51c30944bc7c_10分,20240414-1422-244b-2ac8-345738720636_62e80a31-717e-40fb-a7e1-51c30944bc7c_10分.jpg,0.034361189731367
20240414-1422-244b-2ac8-345738720636_bcfbe0c2-d55c-4df4-a2fe-68f8265d5e9e_3分,20240414-1422-244b-2ac8-345738720636_bcfbe0c2-d55c-4df4-a2fe-68f8265d5e9e_3分.jpg,0.0726497715874671
20240414-1422-244b-2ac8-345738720636_fe5b6d5b-e205-401c-b44f-4663458a5a80_7分,20240414-1422-244b-2ac8-345738720636_fe5b6d5b-e205-401c-b44f-4663458a5a80_7分.jpg,0.0518862654550871
20240415-0732-40a8-fcaf-15eb26226976_3b682d5d-1d02-4622-a962-98899d738454_4分,20240415-0732-40a8-fcaf-15eb26226976_3b682d5d-1d02-4622-a962-98899d738454_4分.jpg,0.0236915170033041
20240415-0732-40a8-fcaf-15eb26226976_3dc75727-09fd-4379-ba31-f7feea5a4745_5分,20240415-0732-40a8-fcaf-15eb26226976_3dc75727-09fd-4379-ba31-f7feea5a4745_5分.jpg,0.0715938769953714
20240415-0732-40a8-fcaf-15eb26226976_64e5fae3-314b-4a08-ab11-08796ea06d03_13分,20240415-0732-40a8-fcaf-15eb26226976_64e5fae3-314b-4a08-ab11-08796ea06d03_13分.jpg,0.0373360089545917
20240415-0732-40a8-fcaf-15eb26226976_c3c8614e-e554-4b5a-a967-5d39c66df76b_2分,20240415-0732-40a8-fcaf-15eb26226976_c3c8614e-e554-4b5a-a967-5d39c66df76b_2分.jpg,0.0295948585046772
20240415-0732-40a8-fcaf-15eb26226976_c4066208-f359-4f53-842a-ed33394a021e_6分,20240415-0732-40a8-fcaf-15eb26226976_c4066208-f359-4f53-842a-ed33394a021e_6分.jpg,0.0395881022248664
20240415-0732-40a8-fcaf-15eb26226976_d6fe6e2f-4877-43ac-9e3e-84d1d226aa07_3分,20240415-0732-40a8-fcaf-15eb26226976_d6fe6e2f-4877-43ac-9e3e-84d1d226aa07_3分.jpg,0.0164041465406839
20240415-0732-40a8-fcaf-15eb26226976_e775f3d7-6663-413b-923e-70ab7ff458c7_7分,20240415-0732-40a8-fcaf-15eb26226976_e775f3d7-6663-413b-923e-70ab7ff458c7_7分.jpg,0.0244999176473356
20240415-0732-40a8-fcaf-15eb26226976_fbf4b6ee-e11b-4347-8eb4-f54f11374b09_8分,20240415-0732-40a8-fcaf-15eb26226976_fbf4b6ee-e11b-4347-8eb4-f54f11374b09_8分.jpg,0.0291125071848497
20240417-0211-2267-a4bf-584902447500_0d83dc72-bd5e-4d1a-9b24-9a37879440da_6分,20240417-0211-2267-a4bf-584902447500_0d83dc72-bd5e-4d1a-9b24-9a37879440da_6分.jpg,0.0183925051611026
20240417-0211-2267-a4bf-584902447500_2ebb9ce4-cbe9-4ec7-8919-76b9f2e17d4d_5分,20240417-0211-2267-a4bf-584902447500_2ebb9ce4-cbe9-4ec7-8919-76b9f2e17d4d_5分.jpg,0.0200190109040447
20240417-0211-2267-a4bf-584902447500_3f47c3b0-e60e-486d-981b-8e6a3cf6f4e0_2分,20240417-0211-2267-a4bf-584902447500_3f47c3b0-e60e-486d-981b-8e6a3cf6f4e0_2分.jpg,0.0185799694767645
20240417-0211-2267-a4bf-584902447500_5adc71dc-0642-4999-9cad-72613fb7ff30_9分,20240417-0211-2267-a4bf-584902447500_5adc71dc-0642-4999-9cad-72613fb7ff30_9分.jpg,0.0478609621508768
20240417-0211-2267-a4bf-584902447500_762a35de-ba07-4de9-8f5e-9298e524ea87_7分,20240417-0211-2267-a4bf-584902447500_762a35de-ba07-4de9-8f5e-9298e524ea87_7分.jpg,0.0058075044843642
20240417-0211-2267-a4bf-584902447500_9f04ded6-73ff-490c-a020-ab85f6645f0e_3分,20240417-0211-2267-a4bf-584902447500_9f04ded6-73ff-490c-a020-ab85f6645f0e_3分.jpg,0.0267692819883352
20240417-0211-2267-a4bf-584902447500_cddd53c6-6dbc-443b-9048-19510f02e58b_13分,20240417-0211-2267-a4bf-584902447500_cddd53c6-6dbc-443b-9048-19510f02e58b_13分.jpg,0.0412600402309311
20240417-0211-2267-a4bf-584902447500_d83318c5-ed56-40c7-a801-7ae7fb235c5e_8分,20240417-0211-2267-a4bf-584902447500_d83318c5-ed56-40c7-a801-7ae7fb235c5e_8分.jpg,0.0304524501819415
20240422-0203-0132-d039-bd0df4534783_40416899-b11d-40af-8d41-ca9a8a9b8b47_5分,20240422-0203-0132-d039-bd0df4534783_40416899-b11d-40af-8d41-ca9a8a9b8b47_5分.jpg,0.0485208746132721
20240422-0203-0132-d039-bd0df4534783_6d89059a-dd16-4ee1-8066-2c01b9d178e6_8分,20240422-0203-0132-d039-bd0df4534783_6d89059a-dd16-4ee1-8066-2c01b9d178e6_8分.jpg,0.0274759272777835
20240422-0203-0132-d039-bd0df4534783_bb7f02d3-027f-48f6-b82c-ac0e47f71f58_3分,20240422-0203-0132-d039-bd0df4534783_bb7f02d3-027f-48f6-b82c-ac0e47f71f58_3分.jpg,0.0403274585462509
20240422-0203-0132-d039-bd0df4534783_d7220da9-e7f9-4f68-802c-e0ce688112a8_11分,20240422-0203-0132-d039-bd0df4534783_d7220da9-e7f9-4f68-802c-e0ce688112a8_11分.jpg,0.0343066708381131
20240422-0332-2270-9d08-6c9b43693925_2ebdae44-dbbe-48a9-b536-0ef208c54f71_2分,20240422-0332-2270-9d08-6c9b43693925_2ebdae44-dbbe-48a9-b536-0ef208c54f71_2分.jpg,0.0427935403638745
20240422-0332-2270-9d08-6c9b43693925_a97f0e80-263c-4c03-805c-57192f84f819_9分,20240422-0332-2270-9d08-6c9b43693925_a97f0e80-263c-4c03-805c-57192f84f819_9分.jpg,0.0604849595276977
20240422-0332-2270-9d08-6c9b43693925_b9af9601-bd69-4308-90b8-ab998bdfc3ed_5分,20240422-0332-2270-9d08-6c9b43693925_b9af9601-bd69-4308-90b8-ab998bdfc3ed_5分.jpg,0.0789718840310324
20240422-0332-2270-9d08-6c9b43693925_bf2c4004-dd5b-495d-95d4-cff8dc14fa17_5分,20240422-0332-2270-9d08-6c9b43693925_bf2c4004-dd5b-495d-95d4-cff8dc14fa17_5分.jpg,0.0164522453387148
20240426-0905-14ca-faa4-d528ec221350_0a1290b8-2b6b-4bee-972d-f5c12263bb46_8分,20240426-0905-14ca-faa4-d528ec221350_0a1290b8-2b6b-4bee-972d-f5c12263bb46_8分.jpg,0.0420760347868892
20240426-0905-14ca-faa4-d528ec221350_16be2857-00d4-432e-9a5b-1c38859669af_2分,20240426-0905-14ca-faa4-d528ec221350_16be2857-00d4-432e-9a5b-1c38859669af_2分.jpg,0.071962044139968
20240426-0905-14ca-faa4-d528ec221350_369e1865-e885-4c43-a1aa-81ef152e1886_15分,20240426-0905-14ca-faa4-d528ec221350_369e1865-e885-4c43-a1aa-81ef152e1886_15分.jpg,0.0555249312876892
20240426-0905-14ca-faa4-d528ec221350_6725120d-b70c-4920-b671-22d3ab0497f0_15分,20240426-0905-14ca-faa4-d528ec221350_6725120d-b70c-4920-b671-22d3ab0497f0_15分.jpg,0.0494023567297042
20240426-0905-14ca-faa4-d528ec221350_6b20c500-c26d-4ffc-afb3-a21912a14604_15分,20240426-0905-14ca-faa4-d528ec221350_6b20c500-c26d-4ffc-afb3-a21912a14604_15分.jpg,0.0853519711203183
20240426-0905-14ca-faa4-d528ec221350_9066d44c-3c86-4b0c-9f49-867d4464a002_2分,20240426-0905-14ca-faa4-d528ec221350_9066d44c-3c86-4b0c-9f49-867d4464a002_2分.jpg,0.0444284058743897
20240426-0905-14ca-faa4-d528ec221350_939d6f21-887c-4103-add3-1082005c20e0_4分,20240426-0905-14ca-faa4-d528ec221350_939d6f21-887c-4103-add3-1082005c20e0_4分.jpg,0.0520470115272593
20240426-0905-14ca-faa4-d528ec221350_a4fa4a09-cc1e-41ac-a839-38c3a24b8499_15分,20240426-0905-14ca-faa4-d528ec221350_a4fa4a09-cc1e-41ac-a839-38c3a24b8499_15分.jpg,0.0848558579808836
20240427-0106-2296-0d7f-93554c063663_05359ba0-c691-4f9c-a42c-2b2d3ac96d6d_7分,20240427-0106-2296-0d7f-93554c063663_05359ba0-c691-4f9c-a42c-2b2d3ac96d6d_7分.jpg,0.0218601797063335
20240427-0106-2296-0d7f-93554c063663_0dee1633-5569-4d7e-9542-65ac39861321_7分,20240427-0106-2296-0d7f-93554c063663_0dee1633-5569-4d7e-9542-65ac39861321_7分.jpg,0.0282296734604426
20240427-0106-2296-0d7f-93554c063663_2ee63854-cfaf-465c-952f-c0163856da03_17分,20240427-0106-2296-0d7f-93554c063663_2ee63854-cfaf-465c-952f-c0163856da03_17分.jpg,0.0600026298487837
20240427-0106-2296-0d7f-93554c063663_64848d00-7bc3-4365-8ec2-047583f46b8c_12分,20240427-0106-2296-0d7f-93554c063663_64848d00-7bc3-4365-8ec2-047583f46b8c_12分.jpg,0.0585079991233837
20240427-0106-2296-0d7f-93554c063663_6e58d36b-a6fd-4807-bdf4-265e3ff4346a_4分,20240427-0106-2296-0d7f-93554c063663_6e58d36b-a6fd-4807-bdf4-265e3ff4346a_4分.jpg,0.0125706771860618
20240427-0106-2296-0d7f-93554c063663_93513900-65bc-4fc9-93e5-9b0309183a18_8分,20240427-0106-2296-0d7f-93554c063663_93513900-65bc-4fc9-93e5-9b0309183a18_8分.jpg,0.0404935349550734
20240427-0106-2296-0d7f-93554c063663_ed76ec5f-7728-4683-8e41-54906ccc5fa3_4分,20240427-0106-2296-0d7f-93554c063663_ed76ec5f-7728-4683-8e41-54906ccc5fa3_4分.jpg,0.0136322594784133
20240427-0106-2296-0d7f-93554c063663_fe5b6d4f-ca93-4b66-9a7c-cf9b7524cee4_12分,20240427-0106-2296-0d7f-93554c063663_fe5b6d4f-ca93-4b66-9a7c-cf9b7524cee4_12分.jpg,0.0430786763094455
20240506-0845-059c-baaf-88f84a004860_01c93670-c5ee-46a2-b74f-f642e3c4d041_5分,20240506-0845-059c-baaf-88f84a004860_01c93670-c5ee-46a2-b74f-f642e3c4d041_5分.jpg,0.0305204675932658
20240506-0845-059c-baaf-88f84a004860_405fa733-ff0e-4388-b5f0-b1274b6be7b0_10分,20240506-0845-059c-baaf-88f84a004860_405fa733-ff0e-4388-b5f0-b1274b6be7b0_10分.jpg,0.0416060706791598
20240506-0845-059c-baaf-88f84a004860_e21ef321-afab-4c5a-8197-6c2daf01de4e_3分,20240506-0845-059c-baaf-88f84a004860_e21ef321-afab-4c5a-8197-6c2daf01de4e_3分.jpg,0.0148962250431097
20240506-0845-059c-baaf-88f84a004860_ebb68c1f-d5e2-4c7f-b96b-5a3a48e183bf_10分,20240506-0845-059c-baaf-88f84a004860_ebb68c1f-d5e2-4c7f-b96b-5a3a48e183bf_10分.jpg,0.0637331283457641
20240508-0935-35b3-c748-10df62533820_11c1e996-2e32-41de-bbaf-bdb094a8a9bf_17分,20240508-0935-35b3-c748-10df62533820_11c1e996-2e32-41de-bbaf-bdb094a8a9bf_17分.jpg,0.0771395023662699
20240508-0935-35b3-c748-10df62533820_3946d28d-806b-4b79-b032-aa6e08190cdb_17分,20240508-0935-35b3-c748-10df62533820_3946d28d-806b-4b79-b032-aa6e08190cdb_17分.jpg,0.088675068119891
20240508-0935-35b3-c748-10df62533820_48bffb56-186f-4dea-9644-bb5865344a0c_13分,20240508-0935-35b3-c748-10df62533820_48bffb56-186f-4dea-9644-bb5865344a0c_13分.jpg,0.0630951527319661
20240508-0935-35b3-c748-10df62533820_6b4ad74e-d729-4cf9-954d-230b63cbbeae_8分,20240508-0935-35b3-c748-10df62533820_6b4ad74e-d729-4cf9-954d-230b63cbbeae_8分.jpg,0.0352610067402839
20240508-0935-35b3-c748-10df62533820_792885d3-e097-4bab-9da3-dcdef4ccd758_11分,20240508-0935-35b3-c748-10df62533820_792885d3-e097-4bab-9da3-dcdef4ccd758_11分.jpg,0.1038909006166642
20240508-0935-35b3-c748-10df62533820_86081c09-c49e-49e1-b506-cf23a46d9f62_2分,20240508-0935-35b3-c748-10df62533820_86081c09-c49e-49e1-b506-cf23a46d9f62_2分.jpg,0.0353345045174243
20240508-0935-35b3-c748-10df62533820_b74b3573-bbf0-4efc-95bc-08eca35ddf96_13分,20240508-0935-35b3-c748-10df62533820_b74b3573-bbf0-4efc-95bc-08eca35ddf96_13分.jpg,0.0532581026817725
20240508-0935-35b3-c748-10df62533820_f731aaf2-4cb9-4b5e-871c-12ddf6cd8413_8分,20240508-0935-35b3-c748-10df62533820_f731aaf2-4cb9-4b5e-871c-12ddf6cd8413_8分.jpg,0.0412510755772264
20240509-0258-41a9-0d55-8f76bb189817_21521e84-2fdc-45ee-af9a-640cea20b3c6_8分,20240509-0258-41a9-0d55-8f76bb189817_21521e84-2fdc-45ee-af9a-640cea20b3c6_8分.jpg,0.0658166770203688
20240509-0258-41a9-0d55-8f76bb189817_2957a7bd-ef36-4898-b8dc-32657ea1c6d2_12分,20240509-0258-41a9-0d55-8f76bb189817_2957a7bd-ef36-4898-b8dc-32657ea1c6d2_12分.jpg,0.065542221740145
20240509-0258-41a9-0d55-8f76bb189817_2bc9b6c0-379a-4996-9b82-d292e878d7eb_6分,20240509-0258-41a9-0d55-8f76bb189817_2bc9b6c0-379a-4996-9b82-d292e878d7eb_6分.jpg,0.0671281459641926
20240509-0258-41a9-0d55-8f76bb189817_2c40b347-2788-4a79-9bdd-cc5bb465b485_12分,20240509-0258-41a9-0d55-8f76bb189817_2c40b347-2788-4a79-9bdd-cc5bb465b485_12分.jpg,0.102424409756803
20240509-0258-41a9-0d55-8f76bb189817_60485283-aa77-4bda-939e-5701b10f255f_4分,20240509-0258-41a9-0d55-8f76bb189817_60485283-aa77-4bda-939e-5701b10f255f_4分.jpg,0.0622553321566268
20240509-0258-41a9-0d55-8f76bb189817_64ec7ced-ea1e-4a33-8969-1bae84a1a675_4分,20240509-0258-41a9-0d55-8f76bb189817_64ec7ced-ea1e-4a33-8969-1bae84a1a675_4分.jpg,0.0521448597977248
20240509-0258-41a9-0d55-8f76bb189817_877b34b1-9e43-4d37-9764-339f0ddbfff9_3分,20240509-0258-41a9-0d55-8f76bb189817_877b34b1-9e43-4d37-9764-339f0ddbfff9_3分.jpg,0.0627072794743606
20240509-0258-41a9-0d55-8f76bb189817_dcdbb6ff-738d-4e82-8002-73b940916108_8分,20240509-0258-41a9-0d55-8f76bb189817_dcdbb6ff-738d-4e82-8002-73b940916108_8分.jpg,0.0398206673043232
20240511-0121-3194-42bf-0f4337112421_0d62f1c1-e400-470b-819d-e2ee8ea240a5_5分,20240511-0121-3194-42bf-0f4337112421_0d62f1c1-e400-470b-819d-e2ee8ea240a5_5分.jpg,0.0333373397873665
20240511-0121-3194-42bf-0f4337112421_1fdae48f-8308-42b1-b866-6a737d5cf6fc_5分,20240511-0121-3194-42bf-0f4337112421_1fdae48f-8308-42b1-b866-6a737d5cf6fc_5分.jpg,0.0688697307541481
20240511-0121-3194-42bf-0f4337112421_9ace5616-dfbc-480b-b280-90a0c1a8292b_15分,20240511-0121-3194-42bf-0f4337112421_9ace5616-dfbc-480b-b280-90a0c1a8292b_15分.jpg,0.078360170504971
20240511-0121-3194-42bf-0f4337112421_deb6864e-0387-4394-991c-96c57b6b7689_10分,20240511-0121-3194-42bf-0f4337112421_deb6864e-0387-4394-991c-96c57b6b7689_10分.jpg,0.0786879712895075
20240515-0209-114d-ca94-aeb3c8363569_3e4c8c98-3c79-4856-a0c3-589abe2cea6a_16分,20240515-0209-114d-ca94-aeb3c8363569_3e4c8c98-3c79-4856-a0c3-589abe2cea6a_16分.jpg,0.0685058068678758
20240515-0209-114d-ca94-aeb3c8363569_58dfc619-3386-4bd1-adf2-cfb88b213130_8分,20240515-0209-114d-ca94-aeb3c8363569_58dfc619-3386-4bd1-adf2-cfb88b213130_8分.jpg,0.0561689009964872
20240515-0209-114d-ca94-aeb3c8363569_98068dfe-7a53-4093-b775-9593b68f3587_10分,20240515-0209-114d-ca94-aeb3c8363569_98068dfe-7a53-4093-b775-9593b68f3587_10分.jpg,0.0802172198723922
20240515-0209-114d-ca94-aeb3c8363569_ab910764-c260-4e13-9e11-e25424f6f506_8分,20240515-0209-114d-ca94-aeb3c8363569_ab910764-c260-4e13-9e11-e25424f6f506_8分.jpg,0.0246083948670155
20240515-0209-114d-ca94-aeb3c8363569_bb51918b-22f9-4d8b-83a7-231912f3f314_9分,20240515-0209-114d-ca94-aeb3c8363569_bb51918b-22f9-4d8b-83a7-231912f3f314_9分.jpg,0.0618521040934834
20240515-0209-114d-ca94-aeb3c8363569_cf8bd000-3597-4883-845f-f158aaa700c5_11分,20240515-0209-114d-ca94-aeb3c8363569_cf8bd000-3597-4883-845f-f158aaa700c5_11分.jpg,0.0185757043515664
20240515-0209-114d-ca94-aeb3c8363569_e94ad900-c014-4e27-bc3f-163fc3ed5930_14分,20240515-0209-114d-ca94-aeb3c8363569_e94ad900-c014-4e27-bc3f-163fc3ed5930_14分.jpg,0.0623378019929744
20240515-0209-114d-ca94-aeb3c8363569_f4793f6b-7117-4b92-8e6d-7aa61a819570_5分,20240515-0209-114d-ca94-aeb3c8363569_f4793f6b-7117-4b92-8e6d-7aa61a819570_5分.jpg,0.0177414151552082
20240515-0812-1180-3a87-5fc97d016073_21b2a77e-a637-4268-b164-c122823a10ea_8分,20240515-0812-1180-3a87-5fc97d016073_21b2a77e-a637-4268-b164-c122823a10ea_8分.jpg,0.0478537707602297
20240515-0812-1180-3a87-5fc97d016073_cf58f8fe-c1cd-4e4c-8dde-2c87dd2b9836_2分,20240515-0812-1180-3a87-5fc97d016073_cf58f8fe-c1cd-4e4c-8dde-2c87dd2b9836_2分.jpg,0.0175108996233619
20240515-0812-1180-3a87-5fc97d016073_d52c2aca-a1e8-472d-ad91-6bf4b13239df_13分,20240515-0812-1180-3a87-5fc97d016073_d52c2aca-a1e8-472d-ad91-6bf4b13239df_13分.jpg,0.0363034769753835
20240515-0812-1180-3a87-5fc97d016073_d5358db2-fc3a-4edf-b4f6-2b1a8a6b22e3_8分,20240515-0812-1180-3a87-5fc97d016073_d5358db2-fc3a-4edf-b4f6-2b1a8a6b22e3_8分.jpg,0.0657159251586009
20240516-1206-4127-fc81-0e5008200835_00700f32-5ca9-412c-a9c5-f6a1848ba660_3分,20240516-1206-4127-fc81-0e5008200835_00700f32-5ca9-412c-a9c5-f6a1848ba660_3分.jpg,0.0192404977235326
20240516-1206-4127-fc81-0e5008200835_0317571d-8256-4096-a6cd-eab04f61af6c_7分,20240516-1206-4127-fc81-0e5008200835_0317571d-8256-4096-a6cd-eab04f61af6c_7分.jpg,0.0473449212884185
20240516-1206-4127-fc81-0e5008200835_0a0be971-db31-4cc7-b552-9417a32e41e8_4分,20240516-1206-4127-fc81-0e5008200835_0a0be971-db31-4cc7-b552-9417a32e41e8_4分.jpg,0.0184796757558731
20240516-1206-4127-fc81-0e5008200835_556e3e86-650a-4df3-a8da-178a0779396c_9分,20240516-1206-4127-fc81-0e5008200835_556e3e86-650a-4df3-a8da-178a0779396c_9分.jpg,0.0768010285593171
20240516-1206-4127-fc81-0e5008200835_b65539e3-179e-4ba3-b010-dd8665274839_4分,20240516-1206-4127-fc81-0e5008200835_b65539e3-179e-4ba3-b010-dd8665274839_4分.jpg,0.0168710521737913
20240516-1206-4127-fc81-0e5008200835_ca5be811-53eb-41b3-b6e6-c355bb634dc6_7分,20240516-1206-4127-fc81-0e5008200835_ca5be811-53eb-41b3-b6e6-c355bb634dc6_7分.jpg,0.0479077895772389
20240516-1206-4127-fc81-0e5008200835_e2ef7cd9-a408-46a3-8c08-f98c63862c13_4分,20240516-1206-4127-fc81-0e5008200835_e2ef7cd9-a408-46a3-8c08-f98c63862c13_4分.jpg,0.0216259395301499
20240516-1206-4127-fc81-0e5008200835_e468dfe7-8843-4045-8a1a-82a07e0db8f0_8分,20240516-1206-4127-fc81-0e5008200835_e468dfe7-8843-4045-8a1a-82a07e0db8f0_8分.jpg,0.063269195008368
20240525-0352-21dd-a523-7272e4072699_27531520-80e2-4614-a4d0-6f0b29f0d874_1分,20240525-0352-21dd-a523-7272e4072699_27531520-80e2-4614-a4d0-6f0b29f0d874_1分.jpg,0.0072854134131839
20240525-0352-21dd-a523-7272e4072699_2e01aaba-fee4-464d-bec0-09fb15062325_5分,20240525-0352-21dd-a523-7272e4072699_2e01aaba-fee4-464d-bec0-09fb15062325_5分.jpg,0.0278020545295643
20240525-0352-21dd-a523-7272e4072699_4bbc2a0a-e890-4354-bbe3-b17109f1a57c_3分,20240525-0352-21dd-a523-7272e4072699_4bbc2a0a-e890-4354-bbe3-b17109f1a57c_3分.jpg,0.0448595570010172
20240525-0352-21dd-a523-7272e4072699_556c9c38-f05e-474a-adf5-a56eb04cc02f_5分,20240525-0352-21dd-a523-7272e4072699_556c9c38-f05e-474a-adf5-a56eb04cc02f_5分.jpg,0.015207494591458
20240525-0352-21dd-a523-7272e4072699_564ad2fa-59b2-4535-a20b-5aa10c23f1a0_5分,20240525-0352-21dd-a523-7272e4072699_564ad2fa-59b2-4535-a20b-5aa10c23f1a0_5分.jpg,0.0132455549665458
20240525-0352-21dd-a523-7272e4072699_5ca479b4-2bf2-453a-9103-612f16cefc25_5分,20240525-0352-21dd-a523-7272e4072699_5ca479b4-2bf2-453a-9103-612f16cefc25_5分.jpg,0.0175338839778213
20240525-0352-21dd-a523-7272e4072699_96cafca7-e09b-4b18-aaf3-485bd95eaabd_11分,20240525-0352-21dd-a523-7272e4072699_96cafca7-e09b-4b18-aaf3-485bd95eaabd_11分.jpg,0.0591769703568921
20240525-0352-21dd-a523-7272e4072699_bfd373ab-104e-4075-96c2-1fa9b35c37d8_6分,20240525-0352-21dd-a523-7272e4072699_bfd373ab-104e-4075-96c2-1fa9b35c37d8_6分.jpg,0.021637749473473
20240527-0244-02cd-599c-ef9818462884_10386c3d-18b4-479b-87be-6a736bbb07d1_1分,20240527-0244-02cd-599c-ef9818462884_10386c3d-18b4-479b-87be-6a736bbb07d1_1分.jpg,0.0539197357059728
20240527-0244-02cd-599c-ef9818462884_135dfd32-3f6f-42bc-9a1d-24adb820d9c6_14分,20240527-0244-02cd-599c-ef9818462884_135dfd32-3f6f-42bc-9a1d-24adb820d9c6_14分.jpg,0.0769688778766377
20240527-0244-02cd-599c-ef9818462884_7fde01b9-798d-4c28-9fcb-4b2b77841109_17分,20240527-0244-02cd-599c-ef9818462884_7fde01b9-798d-4c28-9fcb-4b2b77841109_17分.jpg,0.0991853436948605
20240527-0244-02cd-599c-ef9818462884_828b38bc-2782-4f9d-bd1b-5a3747b7cb98_17分,20240527-0244-02cd-599c-ef9818462884_828b38bc-2782-4f9d-bd1b-5a3747b7cb98_17分.jpg,0.1353132860307091
20240527-0244-02cd-599c-ef9818462884_94a0f3d9-471e-47c1-8044-c4c9300b1db9_1分,20240527-0244-02cd-599c-ef9818462884_94a0f3d9-471e-47c1-8044-c4c9300b1db9_1分.jpg,0.0441641325975147
20240527-0244-02cd-599c-ef9818462884_a0a40385-6a43-464f-ae00-f9d7e282878f_15分,20240527-0244-02cd-599c-ef9818462884_a0a40385-6a43-464f-ae00-f9d7e282878f_15分.jpg,0.0668618838457784
20240527-0244-02cd-599c-ef9818462884_c3b5d220-8220-44c7-8a2a-4ff2f4ecceea_7分,20240527-0244-02cd-599c-ef9818462884_c3b5d220-8220-44c7-8a2a-4ff2f4ecceea_7分.jpg,0.0643540939294965
20240527-0244-02cd-599c-ef9818462884_da4c50cb-84fd-420c-8355-e5471ca1e996_17分,20240527-0244-02cd-599c-ef9818462884_da4c50cb-84fd-420c-8355-e5471ca1e996_17分.jpg,0.0881488155573075
20240527-0257-25e8-3008-c6addc717258_15_15,20240527-0257-25e8-3008-c6addc717258_15_15.jpg,0.0984024266936299
20240527-0257-25e8-3008-c6addc717258_15_153,20240527-0257-25e8-3008-c6addc717258_15_153.jpg,0.0614126823631373
20240527-0257-25e8-3008-c6addc717258_15_158,20240527-0257-25e8-3008-c6addc717258_15_158.jpg,0.0327298239821712
20240527-0257-25e8-3008-c6addc717258_15_72,20240527-0257-25e8-3008-c6addc717258_15_72.jpg,0.0821328490951486
20240527-0257-25e8-3008-c6addc717258_16_104,20240527-0257-25e8-3008-c6addc717258_16_104.jpg,0.0951493906536938
20240527-0257-25e8-3008-c6addc717258_16_163,20240527-0257-25e8-3008-c6addc717258_16_163.jpg,0.059528668838692
20240527-0257-25e8-3008-c6addc717258_16_192,20240527-0257-25e8-3008-c6addc717258_16_192.jpg,0.0519175092129665
20240527-0257-25e8-3008-c6addc717258_16_86,20240527-0257-25e8-3008-c6addc717258_16_86.jpg,0.1256591734264154
20240527-0257-25e8-3008-c6addc717258_17_110,20240527-0257-25e8-3008-c6addc717258_17_110.jpg,0.0555800925937349
20240527-0257-25e8-3008-c6addc717258_17_128,20240527-0257-25e8-3008-c6addc717258_17_128.jpg,0.025180758465895
20240527-0257-25e8-3008-c6addc717258_17_149,20240527-0257-25e8-3008-c6addc717258_17_149.jpg,0.0680183147742853
20240527-0257-25e8-3008-c6addc717258_17_152,20240527-0257-25e8-3008-c6addc717258_17_152.jpg,0.0405329938174888
20240527-0257-25e8-3008-c6addc717258_17_153,20240527-0257-25e8-3008-c6addc717258_17_153.jpg,0.0977292410488473
20240527-0257-25e8-3008-c6addc717258_17_176,20240527-0257-25e8-3008-c6addc717258_17_176.jpg,0.0480701139697445
20240527-0257-25e8-3008-c6addc717258_17_32,20240527-0257-25e8-3008-c6addc717258_17_32.jpg,0.0784628683331565
20240527-0257-25e8-3008-c6addc717258_17_64,20240527-0257-25e8-3008-c6addc717258_17_64.jpg,0.0224016304656252
20240527-0257-25e8-3008-c6addc717258_19_123,20240527-0257-25e8-3008-c6addc717258_19_123.jpg,0.0185862091872322
20240527-0257-25e8-3008-c6addc717258_19_14,20240527-0257-25e8-3008-c6addc717258_19_14.jpg,0.0324401302022785
20240527-0257-25e8-3008-c6addc717258_19_141,20240527-0257-25e8-3008-c6addc717258_19_141.jpg,0.0148918856079981
20240527-0257-25e8-3008-c6addc717258_19_161,20240527-0257-25e8-3008-c6addc717258_19_161.jpg,0.0193136147739728
20240527-0257-25e8-3008-c6addc717258_19_163,20240527-0257-25e8-3008-c6addc717258_19_163.jpg,0.0399367256784136
20240527-0257-25e8-3008-c6addc717258_19_168,20240527-0257-25e8-3008-c6addc717258_19_168.jpg,0.0592993323811738
20240527-0257-25e8-3008-c6addc717258_19_49,20240527-0257-25e8-3008-c6addc717258_19_49.jpg,0.0478593018234961
20240527-0257-25e8-3008-c6addc717258_19_56,20240527-0257-25e8-3008-c6addc717258_19_56.jpg,0.0192770784203009
20240527-1328-161a-c2c0-676cb0382723_15_102,20240527-1328-161a-c2c0-676cb0382723_15_102.jpg,0.1369406596679324
20240527-1328-161a-c2c0-676cb0382723_15_111,20240527-1328-161a-c2c0-676cb0382723_15_111.jpg,0.1480995458268185
20240527-1328-161a-c2c0-676cb0382723_15_22,20240527-1328-161a-c2c0-676cb0382723_15_22.jpg,0.1073612352021442
20240527-1328-161a-c2c0-676cb0382723_15_24,20240527-1328-161a-c2c0-676cb0382723_15_24.jpg,0.0575836683791229
20240527-1328-161a-c2c0-676cb0382723_16_116,20240527-1328-161a-c2c0-676cb0382723_16_116.jpg,0.1389850057670127
20240527-1328-161a-c2c0-676cb0382723_16_131,20240527-1328-161a-c2c0-676cb0382723_16_131.jpg,0.0892107024363848
20240527-1328-161a-c2c0-676cb0382723_16_151,20240527-1328-161a-c2c0-676cb0382723_16_151.jpg,0.0807310578552408
20240527-1328-161a-c2c0-676cb0382723_16_91,20240527-1328-161a-c2c0-676cb0382723_16_91.jpg,0.0223881128340951
20240527-1328-161a-c2c0-676cb0382723_17_09,20240527-1328-161a-c2c0-676cb0382723_17_09.jpg,0.0353987063570734
20240527-1328-161a-c2c0-676cb0382723_17_138,20240527-1328-161a-c2c0-676cb0382723_17_138.jpg,0.0998355411372443
20240527-1328-161a-c2c0-676cb0382723_17_144,20240527-1328-161a-c2c0-676cb0382723_17_144.jpg,0.0496630721015689
20240527-1328-161a-c2c0-676cb0382723_17_148,20240527-1328-161a-c2c0-676cb0382723_17_148.jpg,0.023237011003975
20240527-1328-161a-c2c0-676cb0382723_17_194,20240527-1328-161a-c2c0-676cb0382723_17_194.jpg,0.0195686021246983
20240527-1328-161a-c2c0-676cb0382723_17_49,20240527-1328-161a-c2c0-676cb0382723_17_49.jpg,0.0189903677670641
20240527-1328-161a-c2c0-676cb0382723_17_79,20240527-1328-161a-c2c0-676cb0382723_17_79.jpg,0.0386891352017061
20240527-1328-161a-c2c0-676cb0382723_17_86,20240527-1328-161a-c2c0-676cb0382723_17_86.jpg,0.064411802989797
20240527-1328-161a-c2c0-676cb0382723_18_115,20240527-1328-161a-c2c0-676cb0382723_18_115.jpg,0.0714238967838444
20240527-1328-161a-c2c0-676cb0382723_18_128,20240527-1328-161a-c2c0-676cb0382723_18_128.jpg,0.0303236412365993
20240527-1328-161a-c2c0-676cb0382723_18_13,20240527-1328-161a-c2c0-676cb0382723_18_13.jpg,0.0666573173772126
20240527-1328-161a-c2c0-676cb0382723_18_179,20240527-1328-161a-c2c0-676cb0382723_18_179.jpg,0.0252828160059835
20240527-1328-161a-c2c0-676cb0382723_18_51,20240527-1328-161a-c2c0-676cb0382723_18_51.jpg,0.0138159124906507
20240527-1328-161a-c2c0-676cb0382723_18_60,20240527-1328-161a-c2c0-676cb0382723_18_60.jpg,0.0110485228122662
20240527-1328-161a-c2c0-676cb0382723_18_68,20240527-1328-161a-c2c0-676cb0382723_18_68.jpg,0.0077186175517327
20240527-1328-161a-c2c0-676cb0382723_18_95,20240527-1328-161a-c2c0-676cb0382723_18_95.jpg,0.0336831525804038
20240529-0315-024e-6c33-50e02f788585_%e4%ba%8c.15_160,20240529-0315-024e-6c33-50e02f788585_%e4%ba%8c.15_160.jpg,0.0918480640083456
20240529-0315-024e-6c33-50e02f788585_%e4%ba%8c.15_190,20240529-0315-024e-6c33-50e02f788585_%e4%ba%8c.15_190.jpg,0.0469975130634029
20240529-0315-024e-6c33-50e02f788585_%e4%ba%8c.15_33,20240529-0315-024e-6c33-50e02f788585_%e4%ba%8c.15_33.jpg,0.1153407662000167
20240529-0315-024e-6c33-50e02f788585_%e4%ba%8c.15_90,20240529-0315-024e-6c33-50e02f788585_%e4%ba%8c.15_90.jpg,0.0858859362338279
20240529-0315-024e-6c33-50e02f788585_%e4%ba%8c.16_115,20240529-0315-024e-6c33-50e02f788585_%e4%ba%8c.16_115.jpg,0.0374126720619769
20240529-0315-024e-6c33-50e02f788585_%e4%ba%8c.16_122,20240529-0315-024e-6c33-50e02f788585_%e4%ba%8c.16_122.jpg,0.0375740702312605
20240529-0315-024e-6c33-50e02f788585_%e4%ba%8c.16_143,20240529-0315-024e-6c33-50e02f788585_%e4%ba%8c.16_143.jpg,0.0914676089245501
20240529-0315-024e-6c33-50e02f788585_%e4%ba%8c.16_175,20240529-0315-024e-6c33-50e02f788585_%e4%ba%8c.16_175.jpg,0.0300786623934579
20240529-0315-024e-6c33-50e02f788585_%e4%ba%8c.17_121,20240529-0315-024e-6c33-50e02f788585_%e4%ba%8c.17_121.jpg,0.0863258834189066
20240529-0315-024e-6c33-50e02f788585_%e4%ba%8c.17_153,20240529-0315-024e-6c33-50e02f788585_%e4%ba%8c.17_153.jpg,0.0618072334642102
20240529-0315-024e-6c33-50e02f788585_%e4%ba%8c.17_31,20240529-0315-024e-6c33-50e02f788585_%e4%ba%8c.17_31.jpg,0.04511382512836
20240529-0315-024e-6c33-50e02f788585_%e4%ba%8c.17_47,20240529-0315-024e-6c33-50e02f788585_%e4%ba%8c.17_47.jpg,0.0277635155542132
20240529-0315-024e-6c33-50e02f788585_%e4%ba%8c.19_14,20240529-0315-024e-6c33-50e02f788585_%e4%ba%8c.19_14.jpg,0.0515452161021781
20240529-0315-024e-6c33-50e02f788585_%e4%ba%8c.19_21,20240529-0315-024e-6c33-50e02f788585_%e4%ba%8c.19_21.jpg,0.0640786843318488
20240529-0315-024e-6c33-50e02f788585_%e4%ba%8c.19_39,20240529-0315-024e-6c33-50e02f788585_%e4%ba%8c.19_39.jpg,0.0777924955140145
20240529-0315-024e-6c33-50e02f788585_%e4%ba%8c.19_44,20240529-0315-024e-6c33-50e02f788585_%e4%ba%8c.19_44.jpg,0.02836331950256
20240530-0534-44f4-2dcf-0bc7d2998193_15_106,20240530-0534-44f4-2dcf-0bc7d2998193_15_106.jpg,0.0529612213672004
20240530-0534-44f4-2dcf-0bc7d2998193_15_129,20240530-0534-44f4-2dcf-0bc7d2998193_15_129.jpg,0.018568233916031
20240530-0534-44f4-2dcf-0bc7d2998193_15_38,20240530-0534-44f4-2dcf-0bc7d2998193_15_38.jpg,0.0710306406685236
20240530-0534-44f4-2dcf-0bc7d2998193_15_46,20240530-0534-44f4-2dcf-0bc7d2998193_15_46.jpg,0.0484036998219586
20240530-0534-44f4-2dcf-0bc7d2998193_16_129,20240530-0534-44f4-2dcf-0bc7d2998193_16_129.jpg,0.0240909798029238
20240530-0534-44f4-2dcf-0bc7d2998193_16_164,20240530-0534-44f4-2dcf-0bc7d2998193_16_164.jpg,0.012753601742344
20240530-0534-44f4-2dcf-0bc7d2998193_16_167,20240530-0534-44f4-2dcf-0bc7d2998193_16_167.jpg,0.0605447481151798
20240530-0534-44f4-2dcf-0bc7d2998193_16_176,20240530-0534-44f4-2dcf-0bc7d2998193_16_176.jpg,0.0110518567422871
20240530-0534-44f4-2dcf-0bc7d2998193_16_190,20240530-0534-44f4-2dcf-0bc7d2998193_16_190.jpg,0.0575244827416117
20240530-0534-44f4-2dcf-0bc7d2998193_16_21,20240530-0534-44f4-2dcf-0bc7d2998193_16_21.jpg,0.026373253197649
20240530-0534-44f4-2dcf-0bc7d2998193_16_89,20240530-0534-44f4-2dcf-0bc7d2998193_16_89.jpg,0.008877720989706
20240530-0534-44f4-2dcf-0bc7d2998193_16_91,20240530-0534-44f4-2dcf-0bc7d2998193_16_91.jpg,0.0444739767712756
20240530-0534-44f4-2dcf-0bc7d2998193_17_06,20240530-0534-44f4-2dcf-0bc7d2998193_17_06.jpg,0.0785631388492423
20240530-0534-44f4-2dcf-0bc7d2998193_17_33,20240530-0534-44f4-2dcf-0bc7d2998193_17_33.jpg,0.0264919697821605
20240530-0534-44f4-2dcf-0bc7d2998193_17_38,20240530-0534-44f4-2dcf-0bc7d2998193_17_38.jpg,0.1130618989951415
20240530-0534-44f4-2dcf-0bc7d2998193_17_60,20240530-0534-44f4-2dcf-0bc7d2998193_17_60.jpg,0.0508484350446203
20240530-0534-44f4-2dcf-0bc7d2998193_18_02,20240530-0534-44f4-2dcf-0bc7d2998193_18_02.jpg,0.0296901206714856
20240530-0534-44f4-2dcf-0bc7d2998193_18_11,20240530-0534-44f4-2dcf-0bc7d2998193_18_11.jpg,0.0133241432027666
20240530-0534-44f4-2dcf-0bc7d2998193_18_139,20240530-0534-44f4-2dcf-0bc7d2998193_18_139.jpg,0.0357802829026464
20240530-0534-44f4-2dcf-0bc7d2998193_18_144,20240530-0534-44f4-2dcf-0bc7d2998193_18_144.jpg,0.0194950128389711
20240530-0534-44f4-2dcf-0bc7d2998193_18_158,20240530-0534-44f4-2dcf-0bc7d2998193_18_158.jpg,0.0357691508467783
20240530-0534-44f4-2dcf-0bc7d2998193_18_37,20240530-0534-44f4-2dcf-0bc7d2998193_18_37.jpg,0.0637078280616864
20240530-0534-44f4-2dcf-0bc7d2998193_18_91,20240530-0534-44f4-2dcf-0bc7d2998193_18_91.jpg,0.0657282962017425
20240530-0534-44f4-2dcf-0bc7d2998193_18_96,20240530-0534-44f4-2dcf-0bc7d2998193_18_96.jpg,0.0163251599305359
20240530-0534-44f4-2dcf-0bc7d2998193_19_118,20240530-0534-44f4-2dcf-0bc7d2998193_19_118.jpg,0.0572115349476315
20240530-0534-44f4-2dcf-0bc7d2998193_19_127,20240530-0534-44f4-2dcf-0bc7d2998193_19_127.jpg,0.0120341473041025
20240530-0534-44f4-2dcf-0bc7d2998193_19_128,20240530-0534-44f4-2dcf-0bc7d2998193_19_128.jpg,0.0242254365256287
20240530-0534-44f4-2dcf-0bc7d2998193_19_13,20240530-0534-44f4-2dcf-0bc7d2998193_19_13.jpg,0.0535223543513693
20240530-0649-08f8-dbdc-e647da599475_%e4%b8%80.16_126,20240530-0649-08f8-dbdc-e647da599475_%e4%b8%80.16_126.jpg,0.0625295091786758
20240530-0649-08f8-dbdc-e647da599475_%e4%b8%80.16_186,20240530-0649-08f8-dbdc-e647da599475_%e4%b8%80.16_186.jpg,0.0132941052112328
20240530-0649-08f8-dbdc-e647da599475_%e4%b8%80.16_197,20240530-0649-08f8-dbdc-e647da599475_%e4%b8%80.16_197.jpg,0.0590668052570381
20240530-0649-08f8-dbdc-e647da599475_%e4%b8%80.16_33,20240530-0649-08f8-dbdc-e647da599475_%e4%b8%80.16_33.jpg,0.046624502307882
20240530-0649-08f8-dbdc-e647da599475_%e4%b8%80.17_117,20240530-0649-08f8-dbdc-e647da599475_%e4%b8%80.17_117.jpg,0.059597047782826
20240530-0649-08f8-dbdc-e647da599475_%e4%b8%80.17_126,20240530-0649-08f8-dbdc-e647da599475_%e4%b8%80.17_126.jpg,0.0718395150120109
20240530-0649-08f8-dbdc-e647da599475_%e4%b8%80.17_157,20240530-0649-08f8-dbdc-e647da599475_%e4%b8%80.17_157.jpg,0.0267238552797981
20240530-0649-08f8-dbdc-e647da599475_%e4%b8%80.17_177,20240530-0649-08f8-dbdc-e647da599475_%e4%b8%80.17_177.jpg,0.0365333529612504
20240530-0649-08f8-dbdc-e647da599475_%e4%b8%80.17_199,20240530-0649-08f8-dbdc-e647da599475_%e4%b8%80.17_199.jpg,0.0843201937810728
20240530-0703-3456-733b-887290986497_%e4%b8%80.16_06,20240530-0703-3456-733b-887290986497_%e4%b8%80.16_06.jpg,0.1110402415100476
20240530-0703-3456-733b-887290986497_%e4%b8%80.16_110,20240530-0703-3456-733b-887290986497_%e4%b8%80.16_110.jpg,0.0573205192059442
20240530-0703-3456-733b-887290986497_%e4%b8%80.16_153,20240530-0703-3456-733b-887290986497_%e4%b8%80.16_153.jpg,0.1376929996645693
20240530-0703-3456-733b-887290986497_%e4%b8%80.16_174,20240530-0703-3456-733b-887290986497_%e4%b8%80.16_174.jpg,0.0803699393175511
20240530-0703-3456-733b-887290986497_%e4%b8%80.16_26,20240530-0703-3456-733b-887290986497_%e4%b8%80.16_26.jpg,0.0495776623535032
20240530-0703-3456-733b-887290986497_%e4%b8%80.16_41,20240530-0703-3456-733b-887290986497_%e4%b8%80.16_41.jpg,0.0954198473282442
20240530-0703-3456-733b-887290986497_%e4%b8%80.16_76,20240530-0703-3456-733b-887290986497_%e4%b8%80.16_76.jpg,0.0962063304906435
20240530-0703-3456-733b-887290986497_%e4%b8%80.16_79,20240530-0703-3456-733b-887290986497_%e4%b8%80.16_79.jpg,0.0391272196867281
20240530-0703-3456-733b-887290986497_%e4%b8%80.18_103,20240530-0703-3456-733b-887290986497_%e4%b8%80.18_103.jpg,0.090255428874334
20240530-0703-3456-733b-887290986497_%e4%b8%80.18_175,20240530-0703-3456-733b-887290986497_%e4%b8%80.18_175.jpg,0.0364105190336289
20240530-0703-3456-733b-887290986497_%e4%b8%80.18_39,20240530-0703-3456-733b-887290986497_%e4%b8%80.18_39.jpg,0.0433016181055317
20240530-0703-3456-733b-887290986497_%e4%b8%80.18_62,20240530-0703-3456-733b-887290986497_%e4%b8%80.18_62.jpg,0.0664726018166626
20240530-0703-3456-733b-887290986497_%e4%b8%80.18_77,20240530-0703-3456-733b-887290986497_%e4%b8%80.18_77.jpg,0.0228448469493185
20240531-0326-07c4-0b1f-f46695729681_3f360ebd-4172-4ace-a096-351f1246f27a_6分,20240531-0326-07c4-0b1f-f46695729681_3f360ebd-4172-4ace-a096-351f1246f27a_6分.jpg,0.0669146053162659
20240531-0326-07c4-0b1f-f46695729681_9409bc74-93cc-4db7-a80e-e2cb217fde5f_10分,20240531-0326-07c4-0b1f-f46695729681_9409bc74-93cc-4db7-a80e-e2cb217fde5f_10分.jpg,0.0538644914374675
20240531-0326-07c4-0b1f-f46695729681_a3d6d9bd-9e36-49bd-86e1-fe1282485ee0_15分,20240531-0326-07c4-0b1f-f46695729681_a3d6d9bd-9e36-49bd-86e1-fe1282485ee0_15分.jpg,0.0600052975263795
20240531-0326-07c4-0b1f-f46695729681_e08838d7-9ecd-4783-8f6d-0bc91b524238_2分,20240531-0326-07c4-0b1f-f46695729681_e08838d7-9ecd-4783-8f6d-0bc91b524238_2分.jpg,0.0202450196044513
20240601-0350-192d-da04-e8389a313036_2f7c8d66-5034-4ba8-bce7-43d90752db49_9分,20240601-0350-192d-da04-e8389a313036_2f7c8d66-5034-4ba8-bce7-43d90752db49_9分.jpg,0.0512273534961255
20240601-0350-192d-da04-e8389a313036_53fc5449-a9d3-4817-9fd9-81ec90e61efd_6分,20240601-0350-192d-da04-e8389a313036_53fc5449-a9d3-4817-9fd9-81ec90e61efd_6分.jpg,0.0183690853468647
20240601-0350-192d-da04-e8389a313036_77414e5a-83b1-4397-b8d5-92744bab762d_8分,20240601-0350-192d-da04-e8389a313036_77414e5a-83b1-4397-b8d5-92744bab762d_8分.jpg,0.0303110516770778
20240601-0350-192d-da04-e8389a313036_b0e197b3-64d8-4cdb-ac5a-2a5cdee07ebc_4分,20240601-0350-192d-da04-e8389a313036_b0e197b3-64d8-4cdb-ac5a-2a5cdee07ebc_4分.jpg,0.036108007107659
20240613-0229-220a-0208-95e115843956_102f9e95-95d2-45b4-a7a7-6acf602aec1c_4分,20240613-0229-220a-0208-95e115843956_102f9e95-95d2-45b4-a7a7-6acf602aec1c_4分.jpg,0.0348031250286889
20240613-0229-220a-0208-95e115843956_4630fce3-75ba-4887-85a4-cfc97d3e1374_11分,20240613-0229-220a-0208-95e115843956_4630fce3-75ba-4887-85a4-cfc97d3e1374_11分.jpg,0.0543070129536295
20240613-0229-220a-0208-95e115843956_4cfe0b85-405a-479f-ac23-bd14d6c186f6_13分,20240613-0229-220a-0208-95e115843956_4cfe0b85-405a-479f-ac23-bd14d6c186f6_13分.jpg,0.079190650619222
20240613-0229-220a-0208-95e115843956_ede768a5-6ef8-42d0-866c-f3695d023f04_13分,20240613-0229-220a-0208-95e115843956_ede768a5-6ef8-42d0-866c-f3695d023f04_13分.jpg,0.056449732389582
20240623-1240-549f-0cb9-f7e8e9206574_0b175e4e-ba72-4076-b801-699940eb7f6d_5分,20240623-1240-549f-0cb9-f7e8e9206574_0b175e4e-ba72-4076-b801-699940eb7f6d_5分.jpg,0.0194230538912464
20240623-1240-549f-0cb9-f7e8e9206574_122afb88-1a5e-4d97-90b8-6755f06c0f0b_10分,20240623-1240-549f-0cb9-f7e8e9206574_122afb88-1a5e-4d97-90b8-6755f06c0f0b_10分.jpg,0.0480907110511204
20240623-1240-549f-0cb9-f7e8e9206574_abaad2d3-f09a-4c0e-86b9-d50191b87d89_10分,20240623-1240-549f-0cb9-f7e8e9206574_abaad2d3-f09a-4c0e-86b9-d50191b87d89_10分.jpg,0.0739009895221355
20240623-1240-549f-0cb9-f7e8e9206574_d851b61b-e209-4355-9e2e-f9853cc200c3_17分,20240623-1240-549f-0cb9-f7e8e9206574_d851b61b-e209-4355-9e2e-f9853cc200c3_17分.jpg,0.0683966310283326
20240628-0645-02ef-8458-629f36313291_0143fb1c-e492-40bc-9dad-605e4dabb30b_7分,20240628-0645-02ef-8458-629f36313291_0143fb1c-e492-40bc-9dad-605e4dabb30b_7分.jpg,0.1042528426895872
20240628-0645-02ef-8458-629f36313291_a2e4d21d-9b40-4af3-9cef-16f11b7a76da_10分,20240628-0645-02ef-8458-629f36313291_a2e4d21d-9b40-4af3-9cef-16f11b7a76da_10分.jpg,0.0673359298057122
20240628-0645-02ef-8458-629f36313291_d318674e-5941-4724-861a-ce890d7d3c93_10分,20240628-0645-02ef-8458-629f36313291_d318674e-5941-4724-861a-ce890d7d3c93_10分.jpg,0.0464701405676425
20240628-0645-02ef-8458-629f36313291_de787772-1b4e-4332-a3d2-945b53960eba_10分,20240628-0645-02ef-8458-629f36313291_de787772-1b4e-4332-a3d2-945b53960eba_10分.jpg,0.0683834721103053
20240831-0559-00d4-f3a0-312594238393_0d807ab1-0706-446b-9b6f-127d9b2b055f_5分,20240831-0559-00d4-f3a0-312594238393_0d807ab1-0706-446b-9b6f-127d9b2b055f_5分.jpg,0.0192189736250255
20240831-0559-00d4-f3a0-312594238393_0de55a29-21c8-43e0-a6dc-0b37c72cc3f8_17分,20240831-0559-00d4-f3a0-312594238393_0de55a29-21c8-43e0-a6dc-0b37c72cc3f8_17分.jpg,0.079902834165766
20240831-0559-00d4-f3a0-312594238393_14084815-0770-4c13-8525-ba3cd7c55653_10分,20240831-0559-00d4-f3a0-312594238393_14084815-0770-4c13-8525-ba3cd7c55653_10分.jpg,0.0512359922500997
20240831-0559-00d4-f3a0-312594238393_33ae5879-bfbb-40b7-aba0-b689e404b879_12分,20240831-0559-00d4-f3a0-312594238393_33ae5879-bfbb-40b7-aba0-b689e404b879_12分.jpg,0.0625268958534139
20240831-0559-00d4-f3a0-312594238393_49e93702-d4f6-4772-9622-415889894a8c_15分,20240831-0559-00d4-f3a0-312594238393_49e93702-d4f6-4772-9622-415889894a8c_15分.jpg,0.0563435269834779
20240831-0559-00d4-f3a0-312594238393_9a52d081-6be1-43d4-b9bb-cde1382632c8_2分,20240831-0559-00d4-f3a0-312594238393_9a52d081-6be1-43d4-b9bb-cde1382632c8_2分.jpg,0.0154160703332651
20240831-0559-00d4-f3a0-312594238393_a4e34643-aeb2-4a62-8a1e-7fc607a07f0a_5分,20240831-0559-00d4-f3a0-312594238393_a4e34643-aeb2-4a62-8a1e-7fc607a07f0a_5分.jpg,0.0240801861533818
20240831-0559-00d4-f3a0-312594238393_eed68e53-8429-4990-acd7-2457ca98f65c_17分,20240831-0559-00d4-f3a0-312594238393_eed68e53-8429-4990-acd7-2457ca98f65c_17分.jpg,0.0418562763482002
20240914-0247-1893-abf0-959227894781_044e98f3-f677-42ae-84e1-b1f678ed4957_5分,20240914-0247-1893-abf0-959227894781_044e98f3-f677-42ae-84e1-b1f678ed4957_5分.jpg,0.0636841916173042
20240914-0247-1893-abf0-959227894781_1c44ef3c-d758-4b8b-9de8-ab95b1e53db7_5分,20240914-0247-1893-abf0-959227894781_1c44ef3c-d758-4b8b-9de8-ab95b1e53db7_5分.jpg,0.0202988238358489
20240914-0247-1893-abf0-959227894781_647db91f-bfdc-42b7-aac5-11d3353d833c_8分,20240914-0247-1893-abf0-959227894781_647db91f-bfdc-42b7-aac5-11d3353d833c_8分.jpg,0.0384914201542171
20240914-0247-1893-abf0-959227894781_6552f279-7b56-413f-900f-3cd1d3151941_15分,20240914-0247-1893-abf0-959227894781_6552f279-7b56-413f-900f-3cd1d3151941_15分.jpg,0.0344193054389171
20240914-0247-1893-abf0-959227894781_8f19e975-de77-4261-a376-41314c8868e0_1分,20240914-0247-1893-abf0-959227894781_8f19e975-de77-4261-a376-41314c8868e0_1分.jpg,0.0674093850624009
20240914-0247-1893-abf0-959227894781_d1a44965-92ec-4ef6-ae01-b6f81ca78271_1分,20240914-0247-1893-abf0-959227894781_d1a44965-92ec-4ef6-ae01-b6f81ca78271_1分.jpg,0.0432236957332051
20240914-0247-1893-abf0-959227894781_ed1e9923-2d33-4740-b117-2dd8ce69c6de_7分,20240914-0247-1893-abf0-959227894781_ed1e9923-2d33-4740-b117-2dd8ce69c6de_7分.jpg,0.0971637782757676
20240914-0247-1893-abf0-959227894781_f1ef7d2e-db57-4542-ae20-197588c901ac_5分,20240914-0247-1893-abf0-959227894781_f1ef7d2e-db57-4542-ae20-197588c901ac_5分.jpg,0.0445159493966489
20240914-0945-24c4-a8a0-ff44d4785971_15fdd12a-c5b0-4f8a-9a99-111b00bd7817_17分,20240914-0945-24c4-a8a0-ff44d4785971_15fdd12a-c5b0-4f8a-9a99-111b00bd7817_17分.jpg,0.0533750454743682
20240914-0945-24c4-a8a0-ff44d4785971_2c3d1a34-9567-4082-9aa9-ee88d39462ea_16分,20240914-0945-24c4-a8a0-ff44d4785971_2c3d1a34-9567-4082-9aa9-ee88d39462ea_16分.jpg,0.0601786888468604
20240914-0945-24c4-a8a0-ff44d4785971_5c512ec7-d678-43de-b419-22d82cb24ad0_6分,20240914-0945-24c4-a8a0-ff44d4785971_5c512ec7-d678-43de-b419-22d82cb24ad0_6分.jpg,0.0455794394846313
20240914-0945-24c4-a8a0-ff44d4785971_8c2a7c70-55b3-49f3-af40-9d37f79d6e85_2分,20240914-0945-24c4-a8a0-ff44d4785971_8c2a7c70-55b3-49f3-af40-9d37f79d6e85_2分.jpg,0.0397779269111097
20240914-0945-24c4-a8a0-ff44d4785971_c8268b9d-8624-4470-acc1-228075ae0bf6_5分,20240914-0945-24c4-a8a0-ff44d4785971_c8268b9d-8624-4470-acc1-228075ae0bf6_5分.jpg,0.0380674127852457
20240914-0945-24c4-a8a0-ff44d4785971_ceaddeb7-18dc-450b-94df-55a8e1d61573_6分,20240914-0945-24c4-a8a0-ff44d4785971_ceaddeb7-18dc-450b-94df-55a8e1d61573_6分.jpg,0.0768172235440858
20240914-0945-24c4-a8a0-ff44d4785971_edac0b1c-4724-443a-8dae-f22450bd7afe_17分,20240914-0945-24c4-a8a0-ff44d4785971_edac0b1c-4724-443a-8dae-f22450bd7afe_17分.jpg,0.0615468741879577
20240914-0945-24c4-a8a0-ff44d4785971_f4503b8d-3503-401e-a6d9-7998284b39e2_13分,20240914-0945-24c4-a8a0-ff44d4785971_f4503b8d-3503-401e-a6d9-7998284b39e2_13分.jpg,0.0616383878234894
20240921-0901-1788-78a9-4d077e859896_0c831607-b5ac-4b6a-9dca-377b0b73fe83_4分,20240921-0901-1788-78a9-4d077e859896_0c831607-b5ac-4b6a-9dca-377b0b73fe83_4分.jpg,0.0189762145117566
20240921-0901-1788-78a9-4d077e859896_1c2bf9a4-2146-4e68-8ac9-215a364288c1_8分,20240921-0901-1788-78a9-4d077e859896_1c2bf9a4-2146-4e68-8ac9-215a364288c1_8分.jpg,0.0408357247371346
20240921-0901-1788-78a9-4d077e859896_313b297d-e760-453c-9594-4c0e12846396_1分,20240921-0901-1788-78a9-4d077e859896_313b297d-e760-453c-9594-4c0e12846396_1分.jpg,0.0124882320247722
20240921-0901-1788-78a9-4d077e859896_a4dfd6ca-736b-44ba-9929-da82132af018_12分,20240921-0901-1788-78a9-4d077e859896_a4dfd6ca-736b-44ba-9929-da82132af018_12分.jpg,0.0637637104000544
20240921-0901-1788-78a9-4d077e859896_adafd518-966f-46fa-b7e9-fc0083876c15_7分,20240921-0901-1788-78a9-4d077e859896_adafd518-966f-46fa-b7e9-fc0083876c15_7分.jpg,0.0221941177137801
20240921-0901-1788-78a9-4d077e859896_dcdae4b2-ccb3-44d4-a0fd-21291a701c65_10分,20240921-0901-1788-78a9-4d077e859896_dcdae4b2-ccb3-44d4-a0fd-21291a701c65_10分.jpg,0.0493926023388496
20240921-0901-1788-78a9-4d077e859896_f03503e8-50fe-443c-8e14-d2fb732d978d_15分,20240921-0901-1788-78a9-4d077e859896_f03503e8-50fe-443c-8e14-d2fb732d978d_15分.jpg,0.0548166464389823
20240921-0901-1788-78a9-4d077e859896_f159bc68-8d4a-4d08-acc9-dc6c34f3331c_1分,20240921-0901-1788-78a9-4d077e859896_f159bc68-8d4a-4d08-acc9-dc6c34f3331c_1分.jpg,0.0290598096707235
20240921-1326-35bf-d4da-a7484d474119_1d0b2968-98f5-4285-8137-463ee5d86999_1分,20240921-1326-35bf-d4da-a7484d474119_1d0b2968-98f5-4285-8137-463ee5d86999_1分.jpg,0.056650283364261
20240921-1326-35bf-d4da-a7484d474119_a648ed4d-35dc-40d2-abe1-8ea39704338f_3分,20240921-1326-35bf-d4da-a7484d474119_a648ed4d-35dc-40d2-abe1-8ea39704338f_3分.jpg,0.0375645719444305
20240921-1326-35bf-d4da-a7484d474119_c3e928ff-f0dd-40d0-8581-6285647feabb_7分,20240921-1326-35bf-d4da-a7484d474119_c3e928ff-f0dd-40d0-8581-6285647feabb_7分.jpg,0.0922087366467726
20240921-1326-35bf-d4da-a7484d474119_c4fc77bc-382f-405b-a184-04f583b3c876_15分,20240921-1326-35bf-d4da-a7484d474119_c4fc77bc-382f-405b-a184-04f583b3c876_15分.jpg,0.1123200762325091
20240921-1326-35bf-d4da-a7484d474119_cf38c8aa-595f-429c-94b5-46ebf74b7a7d_8分,20240921-1326-35bf-d4da-a7484d474119_cf38c8aa-595f-429c-94b5-46ebf74b7a7d_8分.jpg,0.0753648628316364
20240921-1326-35bf-d4da-a7484d474119_da62b73c-d73a-4045-8b75-879d101147d5_10分,20240921-1326-35bf-d4da-a7484d474119_da62b73c-d73a-4045-8b75-879d101147d5_10分.jpg,0.0762939465369376
20240921-1326-35bf-d4da-a7484d474119_e2a70e2c-4598-4e13-b9bb-3b903ce7be27_15分,20240921-1326-35bf-d4da-a7484d474119_e2a70e2c-4598-4e13-b9bb-3b903ce7be27_15分.jpg,0.1094337730076734
20240921-1326-35bf-d4da-a7484d474119_fcaf9a05-fcc8-426d-bc0e-4415b3c316c9_14分,20240921-1326-35bf-d4da-a7484d474119_fcaf9a05-fcc8-426d-bc0e-4415b3c316c9_14分.jpg,0.0786611665580019
20240923-2324-49b5-f43a-97ab09267401_265637b1-62a9-448c-9492-5f797d13e8b4_16分,20240923-2324-49b5-f43a-97ab09267401_265637b1-62a9-448c-9492-5f797d13e8b4_16分.jpg,0.0465375013567784
20240923-2324-49b5-f43a-97ab09267401_2faf87aa-8322-4ce1-b9a5-7efdcf9186e6_1分,20240923-2324-49b5-f43a-97ab09267401_2faf87aa-8322-4ce1-b9a5-7efdcf9186e6_1分.jpg,0.0170818408770216
20240923-2324-49b5-f43a-97ab09267401_450ecf4a-13c1-4223-b975-25402c743323_14分,20240923-2324-49b5-f43a-97ab09267401_450ecf4a-13c1-4223-b975-25402c743323_14分.jpg,0.0252315568580628
20240923-2324-49b5-f43a-97ab09267401_5346d0dc-8569-4863-90ad-29c5e2a04dd9_15分,20240923-2324-49b5-f43a-97ab09267401_5346d0dc-8569-4863-90ad-29c5e2a04dd9_15分.jpg,0.064392705958971
20240923-2324-49b5-f43a-97ab09267401_a21811e0-8bf5-47c3-bed0-49af0015e652_3分,20240923-2324-49b5-f43a-97ab09267401_a21811e0-8bf5-47c3-bed0-49af0015e652_3分.jpg,0.0191197221317703
20240923-2324-49b5-f43a-97ab09267401_abe85132-be27-48cb-be02-ca88765df33d_6分,20240923-2324-49b5-f43a-97ab09267401_abe85132-be27-48cb-be02-ca88765df33d_6分.jpg,0.0229141792394804
20240923-2324-49b5-f43a-97ab09267401_bcc8b70a-9bc4-44c9-a0a7-c95646e4a929_14分,20240923-2324-49b5-f43a-97ab09267401_bcc8b70a-9bc4-44c9-a0a7-c95646e4a929_14分.jpg,0.0805582691124859
20240923-2324-49b5-f43a-97ab09267401_e7bd5056-2d1d-445e-b594-572ca9bf0236_6分,20240923-2324-49b5-f43a-97ab09267401_e7bd5056-2d1d-445e-b594-572ca9bf0236_6分.jpg,0.0427186222366945
20240924-0905-346e-b41d-1fccc0899844_8344f017-ff4c-4d03-8fbf-b21786358058_13分,20240924-0905-346e-b41d-1fccc0899844_8344f017-ff4c-4d03-8fbf-b21786358058_13分.jpg,0.0933207902163687
20240924-0905-346e-b41d-1fccc0899844_b29e3e37-a5f5-4cc5-b4db-576a6f2a3f1b_13分,20240924-0905-346e-b41d-1fccc0899844_b29e3e37-a5f5-4cc5-b4db-576a6f2a3f1b_13分.jpg,0.1317856904763668
20240924-0905-346e-b41d-1fccc0899844_e545a7f5-913e-45ba-82fd-08038454b2ad_3分,20240924-0905-346e-b41d-1fccc0899844_e545a7f5-913e-45ba-82fd-08038454b2ad_3分.jpg,0.0399463707676239
20240924-0905-346e-b41d-1fccc0899844_e5e926a1-d113-4d8b-a769-6945a8c0e6b7_13分,20240924-0905-346e-b41d-1fccc0899844_e5e926a1-d113-4d8b-a769-6945a8c0e6b7_13分.jpg,0.0897682239390819
20240928-0620-59ab-d462-ce31f8175240_05178323-3eae-444c-a9d8-30d59e1e9f03_2分,20240928-0620-59ab-d462-ce31f8175240_05178323-3eae-444c-a9d8-30d59e1e9f03_2分.jpg,0.0125346999786461
20240928-0620-59ab-d462-ce31f8175240_2205e6bf-5e01-4e9c-9620-214117f218ac_14分,20240928-0620-59ab-d462-ce31f8175240_2205e6bf-5e01-4e9c-9620-214117f218ac_14分.jpg,0.0803903480674781
20240928-0620-59ab-d462-ce31f8175240_58c93922-5d89-41c7-8dd1-12200e805f93_14分,20240928-0620-59ab-d462-ce31f8175240_58c93922-5d89-41c7-8dd1-12200e805f93_14分.jpg,0.0257305146273756
20240928-0620-59ab-d462-ce31f8175240_7c99a9e5-bcd9-49f6-a95c-d4e7789f5880_13分,20240928-0620-59ab-d462-ce31f8175240_7c99a9e5-bcd9-49f6-a95c-d4e7789f5880_13分.jpg,0.0361947469570788
20241004-0638-348e-9d5e-eca74e078914_03f27266-8f98-48f4-bffe-693a8945eef8_9分,20241004-0638-348e-9d5e-eca74e078914_03f27266-8f98-48f4-bffe-693a8945eef8_9分.jpg,0.0706829596644747
20241004-0638-348e-9d5e-eca74e078914_1d0f2b8d-3ae7-4cc4-b776-219ef591d5fa_2分,20241004-0638-348e-9d5e-eca74e078914_1d0f2b8d-3ae7-4cc4-b776-219ef591d5fa_2分.jpg,0.031001139129084
20241004-0638-348e-9d5e-eca74e078914_c5f444dd-0b74-4460-b284-0dc3f7d98c8a_15分,20241004-0638-348e-9d5e-eca74e078914_c5f444dd-0b74-4460-b284-0dc3f7d98c8a_15分.jpg,0.0988673432403044
20241004-0638-348e-9d5e-eca74e078914_f3849988-e398-4126-96c4-37f65fb0e895_15分,20241004-0638-348e-9d5e-eca74e078914_f3849988-e398-4126-96c4-37f65fb0e895_15分.jpg,0.0622792937399679
20241009-0850-4705-a0a6-c8d549427706_2eedb377-62ad-4807-a94a-e74bbe6526ea_10分,20241009-0850-4705-a0a6-c8d549427706_2eedb377-62ad-4807-a94a-e74bbe6526ea_10分.jpg,0.0390473319264395
20241009-0850-4705-a0a6-c8d549427706_4d619f9e-9cdd-473a-ab25-af28badfd8fe_9分,20241009-0850-4705-a0a6-c8d549427706_4d619f9e-9cdd-473a-ab25-af28badfd8fe_9分.jpg,0.1388698910375123
20241009-0850-4705-a0a6-c8d549427706_b18ecd59-2f2d-4d8e-941b-6501c66c324d_6分,20241009-0850-4705-a0a6-c8d549427706_b18ecd59-2f2d-4d8e-941b-6501c66c324d_6分.jpg,0.0291545716869804
20241009-0850-4705-a0a6-c8d549427706_b3291045-8a1e-42da-8684-eb60ed248c10_13分,20241009-0850-4705-a0a6-c8d549427706_b3291045-8a1e-42da-8684-eb60ed248c10_13分.jpg,0.045954606141522
20241010-0319-05b2-1860-4b15c3755465_62f45065-0b72-4a15-a3e3-cc3e89d46ff3_10分,20241010-0319-05b2-1860-4b15c3755465_62f45065-0b72-4a15-a3e3-cc3e89d46ff3_10分.jpg,0.082727546455609
20241010-0319-05b2-1860-4b15c3755465_7c452e86-5f96-4f15-9280-1659330e222d_13分,20241010-0319-05b2-1860-4b15c3755465_7c452e86-5f96-4f15-9280-1659330e222d_13分.jpg,0.0629672933742101
20241010-0319-05b2-1860-4b15c3755465_a81930ce-9dcb-4cfa-8b5f-41a0f8065944_5分,20241010-0319-05b2-1860-4b15c3755465_a81930ce-9dcb-4cfa-8b5f-41a0f8065944_5分.jpg,0.0427915597822686
20241010-0319-05b2-1860-4b15c3755465_bdd02026-0274-46d4-9ae6-f8e59d09d637_7分,20241010-0319-05b2-1860-4b15c3755465_bdd02026-0274-46d4-9ae6-f8e59d09d637_7分.jpg,0.0566441688043546
20241010-0319-05b2-1860-4b15c3755465_d363e6eb-f102-4bee-818a-108ec00cc6c3_1分,20241010-0319-05b2-1860-4b15c3755465_d363e6eb-f102-4bee-818a-108ec00cc6c3_1分.jpg,0.0373717387223925
20241010-0319-05b2-1860-4b15c3755465_da94190a-15ce-4a03-809a-fc1f71a06dd5_10分,20241010-0319-05b2-1860-4b15c3755465_da94190a-15ce-4a03-809a-fc1f71a06dd5_10分.jpg,0.0750523994243884
20241010-0319-05b2-1860-4b15c3755465_e90b53fe-31d0-492e-9e43-542068617437_13分,20241010-0319-05b2-1860-4b15c3755465_e90b53fe-31d0-492e-9e43-542068617437_13分.jpg,0.0938858865669774
20241010-0319-05b2-1860-4b15c3755465_f4fb1983-21a8-4d08-8547-63821a863520_10分,20241010-0319-05b2-1860-4b15c3755465_f4fb1983-21a8-4d08-8547-63821a863520_10分.jpg,0.0592690280297816
20241014-0317-4134-65bd-138c24747169_2370a8dc-0ebc-4ca9-bad2-4785fe8496b9_2分,20241014-0317-4134-65bd-138c24747169_2370a8dc-0ebc-4ca9-bad2-4785fe8496b9_2分.jpg,0.0242288283360509
20241014-0317-4134-65bd-138c24747169_2ea41859-653a-4de8-b00b-ae8688699c3e_6分,20241014-0317-4134-65bd-138c24747169_2ea41859-653a-4de8-b00b-ae8688699c3e_6分.jpg,0.0332944444252115
20241014-0317-4134-65bd-138c24747169_55de3fc0-e5a5-472e-8eac-dfdb36cd8445_1分,20241014-0317-4134-65bd-138c24747169_55de3fc0-e5a5-472e-8eac-dfdb36cd8445_1分.jpg,0.0839077236602655
20241014-0317-4134-65bd-138c24747169_6f920f9a-21d5-48a6-bcfb-0d6911d1ed63_6分,20241014-0317-4134-65bd-138c24747169_6f920f9a-21d5-48a6-bcfb-0d6911d1ed63_6分.jpg,0.018454344768057
20241014-0317-4134-65bd-138c24747169_816f0936-4707-40ca-81b1-8e9d32fb7e9e_1分,20241014-0317-4134-65bd-138c24747169_816f0936-4707-40ca-81b1-8e9d32fb7e9e_1分.jpg,0.0418061532176821
20241014-0317-4134-65bd-138c24747169_88fbeb80-0289-4f7b-9eac-c499d1ab6ac4_15分,20241014-0317-4134-65bd-138c24747169_88fbeb80-0289-4f7b-9eac-c499d1ab6ac4_15分.jpg,0.0605109102427844
20241014-0317-4134-65bd-138c24747169_b6461be5-3aa9-436e-a24e-5ff760f2c678_3分,20241014-0317-4134-65bd-138c24747169_b6461be5-3aa9-436e-a24e-5ff760f2c678_3分.jpg,0.07123940219555
20241014-0317-4134-65bd-138c24747169_bd5575df-6425-4622-a3c3-c3a297359077_8分,20241014-0317-4134-65bd-138c24747169_bd5575df-6425-4622-a3c3-c3a297359077_8分.jpg,0.0485984414433439
20241016-1008-4182-bd64-022e67280108_216d5d63-fe28-4b77-b65d-da0e41b9eb74_13分,20241016-1008-4182-bd64-022e67280108_216d5d63-fe28-4b77-b65d-da0e41b9eb74_13分.jpg,0.0706145706145706
20241016-1008-4182-bd64-022e67280108_2bcf3f40-e931-475c-a615-2e25a1afd43a_11分,20241016-1008-4182-bd64-022e67280108_2bcf3f40-e931-475c-a615-2e25a1afd43a_11分.jpg,0.0431220734959052
20241016-1008-4182-bd64-022e67280108_6cc2a561-7f1b-44a3-b863-eacb9830294e_5分,20241016-1008-4182-bd64-022e67280108_6cc2a561-7f1b-44a3-b863-eacb9830294e_5分.jpg,0.0270997607446205
20241016-1008-4182-bd64-022e67280108_e6c417c0-2f01-48c5-b64f-70f12d7262f8_8分,20241016-1008-4182-bd64-022e67280108_e6c417c0-2f01-48c5-b64f-70f12d7262f8_8分.jpg,0.0529671090418754
20241019-0126-44fb-4fe6-1e3427505345_1fb143ba-85d1-42e1-9e47-d1f8fdf63210_2分,20241019-0126-44fb-4fe6-1e3427505345_1fb143ba-85d1-42e1-9e47-d1f8fdf63210_2分.jpg,0.0500628341391722
20241019-0126-44fb-4fe6-1e3427505345_89dacc3b-640a-4d37-b50b-fc7fab413e1f_9分,20241019-0126-44fb-4fe6-1e3427505345_89dacc3b-640a-4d37-b50b-fc7fab413e1f_9分.jpg,0.0273371104815864
20241019-0126-44fb-4fe6-1e3427505345_e03d9562-f0db-4653-9667-5a70daca7aaf_1分,20241019-0126-44fb-4fe6-1e3427505345_e03d9562-f0db-4653-9667-5a70daca7aaf_1分.jpg,0.0659055570938678
20241019-0126-44fb-4fe6-1e3427505345_fc5238c2-f12d-495e-b272-f5a45b6dec45_1分,20241019-0126-44fb-4fe6-1e3427505345_fc5238c2-f12d-495e-b272-f5a45b6dec45_1分.jpg,0.0871520160173805
20241019-0158-00ca-a543-a6bf38020076_07f5d9f0-41cd-4460-8a9c-7b5eac6dfe2a_10分,20241019-0158-00ca-a543-a6bf38020076_07f5d9f0-41cd-4460-8a9c-7b5eac6dfe2a_10分.jpg,0.0511736447430089
20241019-0158-00ca-a543-a6bf38020076_20cf5477-c6bd-4e2d-a3da-bc0fa22f6d54_15分,20241019-0158-00ca-a543-a6bf38020076_20cf5477-c6bd-4e2d-a3da-bc0fa22f6d54_15分.jpg,0.0436856654342203
20241019-0158-00ca-a543-a6bf38020076_4183ce12-63d7-4c16-9106-57afdaf8c70a_11分,20241019-0158-00ca-a543-a6bf38020076_4183ce12-63d7-4c16-9106-57afdaf8c70a_11分.jpg,0.0812579197694804
20241019-0158-00ca-a543-a6bf38020076_48874be6-1225-4c81-b386-d255e1e7a5c5_10分,20241019-0158-00ca-a543-a6bf38020076_48874be6-1225-4c81-b386-d255e1e7a5c5_10分.jpg,0.0623285858112447
20241019-0158-00ca-a543-a6bf38020076_8782501b-57f8-4dbc-9921-166d7e43ca5c_9分,20241019-0158-00ca-a543-a6bf38020076_8782501b-57f8-4dbc-9921-166d7e43ca5c_9分.jpg,0.0599906264646149
20241019-0158-00ca-a543-a6bf38020076_94928102-caf7-4ddd-b246-c40a90b8aaec_6分,20241019-0158-00ca-a543-a6bf38020076_94928102-caf7-4ddd-b246-c40a90b8aaec_6分.jpg,0.0210025777222309
20241019-0158-00ca-a543-a6bf38020076_b077c858-6330-45e1-8b72-6b0150a486ba_7分,20241019-0158-00ca-a543-a6bf38020076_b077c858-6330-45e1-8b72-6b0150a486ba_7分.jpg,0.0168224582964467
20241019-0158-00ca-a543-a6bf38020076_f8163c42-7d8b-409c-a8be-7924369a00d0_12分,20241019-0158-00ca-a543-a6bf38020076_f8163c42-7d8b-409c-a8be-7924369a00d0_12分.jpg,0.0325947334617854
20241019-0227-52b6-99a2-f1537a819343_02c8d717-05eb-4626-9264-4591799c1843_14分,20241019-0227-52b6-99a2-f1537a819343_02c8d717-05eb-4626-9264-4591799c1843_14分.jpg,0.0827371425093009
20241019-0227-52b6-99a2-f1537a819343_26362160-b331-40de-acad-019cd3f4c6ae_10分,20241019-0227-52b6-99a2-f1537a819343_26362160-b331-40de-acad-019cd3f4c6ae_10分.jpg,0.0578976485374526
20241019-0227-52b6-99a2-f1537a819343_70b4d83a-7a5f-4cda-8e4d-c4069d10cdab_17分,20241019-0227-52b6-99a2-f1537a819343_70b4d83a-7a5f-4cda-8e4d-c4069d10cdab_17分.jpg,0.0816593440826718
20241019-0227-52b6-99a2-f1537a819343_85573ad2-0053-43aa-a706-4a37e3851d84_2分,20241019-0227-52b6-99a2-f1537a819343_85573ad2-0053-43aa-a706-4a37e3851d84_2分.jpg,0.0262216540804159
20241020-0046-0851-a7f9-515436295214_14515edf-ff6d-4b4b-9c72-ec89ec124b17_1分,20241020-0046-0851-a7f9-515436295214_14515edf-ff6d-4b4b-9c72-ec89ec124b17_1分.jpg,0.0260143900157209
20241020-0046-0851-a7f9-515436295214_2958c153-5f93-4b43-9f30-beac31fa79b5_8分,20241020-0046-0851-a7f9-515436295214_2958c153-5f93-4b43-9f30-beac31fa79b5_8分.jpg,0.0364174937067793
20241020-0046-0851-a7f9-515436295214_4ba50e7d-0ecc-4b7a-b964-a4d57144703d_14分,20241020-0046-0851-a7f9-515436295214_4ba50e7d-0ecc-4b7a-b964-a4d57144703d_14分.jpg,0.0800299952740564
20241020-0046-0851-a7f9-515436295214_99c55aae-c9a6-459b-a9f7-e3e19ee84d9c_12分,20241020-0046-0851-a7f9-515436295214_99c55aae-c9a6-459b-a9f7-e3e19ee84d9c_12分.jpg,0.0447156235834225
20241020-0046-0851-a7f9-515436295214_bf2facba-c5ab-43a2-971b-7ae9533ad227_7分,20241020-0046-0851-a7f9-515436295214_bf2facba-c5ab-43a2-971b-7ae9533ad227_7分.jpg,0.0654627566717784
20241020-0046-0851-a7f9-515436295214_c804e529-000a-4072-9af6-49e055687f92_7分,20241020-0046-0851-a7f9-515436295214_c804e529-000a-4072-9af6-49e055687f92_7分.jpg,0.0473281540850476
20241020-0046-0851-a7f9-515436295214_f0ad01be-cc9b-4198-8a7b-30a07fba622b_3分,20241020-0046-0851-a7f9-515436295214_f0ad01be-cc9b-4198-8a7b-30a07fba622b_3分.jpg,0.0345910129915222
20241020-0046-0851-a7f9-515436295214_f7005b88-7d4b-4715-b096-8e3351555c11_5分,20241020-0046-0851-a7f9-515436295214_f7005b88-7d4b-4715-b096-8e3351555c11_5分.jpg,0.0457970448385945
20241023-0024-0506-9a48-60cef0502423_5d5ee2b2-de80-41a1-83f7-a10de5824dc7_7分,20241023-0024-0506-9a48-60cef0502423_5d5ee2b2-de80-41a1-83f7-a10de5824dc7_7分.jpg,0.0431627196333078
20241023-0024-0506-9a48-60cef0502423_7b4b895e-24c2-43a7-80d2-f883d576eeb2_1分,20241023-0024-0506-9a48-60cef0502423_7b4b895e-24c2-43a7-80d2-f883d576eeb2_1分.jpg,0.0275252278501252
20241023-0024-0506-9a48-60cef0502423_a0dc9351-c23d-43c9-a7f5-0279ca163be5_7分,20241023-0024-0506-9a48-60cef0502423_a0dc9351-c23d-43c9-a7f5-0279ca163be5_7分.jpg,0.0340464938618153
20241023-0024-0506-9a48-60cef0502423_ad8a1f4e-32ee-40ce-8b86-0a7d00a017b0_14分,20241023-0024-0506-9a48-60cef0502423_ad8a1f4e-32ee-40ce-8b86-0a7d00a017b0_14分.jpg,0.0776233855064224
20241023-0024-0506-9a48-60cef0502423_b2d1b755-f719-46c7-b8b7-fb25684c5dbb_1分,20241023-0024-0506-9a48-60cef0502423_b2d1b755-f719-46c7-b8b7-fb25684c5dbb_1分.jpg,0.0255765096736368
20241023-0024-0506-9a48-60cef0502423_b64c9bbb-e54a-4b2d-8732-3c23947bbad7_12分,20241023-0024-0506-9a48-60cef0502423_b64c9bbb-e54a-4b2d-8732-3c23947bbad7_12分.jpg,0.0877722653543447
20241023-0024-0506-9a48-60cef0502423_cc660024-6a47-4bea-993e-ca02a365833f_10分,20241023-0024-0506-9a48-60cef0502423_cc660024-6a47-4bea-993e-ca02a365833f_10分.jpg,0.055068221791888
20241023-0024-0506-9a48-60cef0502423_d50f0e3b-3c19-4d16-a212-24e91d7db335_5分,20241023-0024-0506-9a48-60cef0502423_d50f0e3b-3c19-4d16-a212-24e91d7db335_5分.jpg,0.0272043278199228
20241025-1528-2592-e3ca-c1be6d204091_1b1dc285-74d9-47dc-a0ac-29853048945c_12分,20241025-1528-2592-e3ca-c1be6d204091_1b1dc285-74d9-47dc-a0ac-29853048945c_12分.jpg,0.0398344764947226
20241025-1528-2592-e3ca-c1be6d204091_4341b8a4-5d53-4904-a636-0b1b788213ac_17分,20241025-1528-2592-e3ca-c1be6d204091_4341b8a4-5d53-4904-a636-0b1b788213ac_17分.jpg,0.061664747548763
20241025-1528-2592-e3ca-c1be6d204091_4bbb4902-5c3f-4153-bfca-cbc95b8f7bbf_15分,20241025-1528-2592-e3ca-c1be6d204091_4bbb4902-5c3f-4153-bfca-cbc95b8f7bbf_15分.jpg,0.0687599830874753
20241025-1528-2592-e3ca-c1be6d204091_920197c6-5e32-4325-8d31-97a74853f4f6_6分,20241025-1528-2592-e3ca-c1be6d204091_920197c6-5e32-4325-8d31-97a74853f4f6_6分.jpg,0.0291715613865723
20241027-1420-030a-3c00-89d88d678752_0333d409-327d-4e90-b655-95d174c779bd_15分,20241027-1420-030a-3c00-89d88d678752_0333d409-327d-4e90-b655-95d174c779bd_15分.jpg,0.0323423765831932
20241027-1420-030a-3c00-89d88d678752_076fbc49-3fb5-4f7e-ab7a-f1bf2c92052f_9分,20241027-1420-030a-3c00-89d88d678752_076fbc49-3fb5-4f7e-ab7a-f1bf2c92052f_9分.jpg,0.043459524854662
20241027-1420-030a-3c00-89d88d678752_0d1c991b-0845-4694-baa1-9b8330fda589_3分,20241027-1420-030a-3c00-89d88d678752_0d1c991b-0845-4694-baa1-9b8330fda589_3分.jpg,0.0365874222455381
20241027-1420-030a-3c00-89d88d678752_190daaa1-9c2b-44eb-b261-87551555402f_6分,20241027-1420-030a-3c00-89d88d678752_190daaa1-9c2b-44eb-b261-87551555402f_6分.jpg,0.0166763915505925
20241027-1420-030a-3c00-89d88d678752_5ce8246f-2ed7-4fbe-b786-6ebce2f28aca_11分,20241027-1420-030a-3c00-89d88d678752_5ce8246f-2ed7-4fbe-b786-6ebce2f28aca_11分.jpg,0.0550357054912583
20241027-1420-030a-3c00-89d88d678752_aada606b-5eb2-43b4-9ea7-fde346f02757_9分,20241027-1420-030a-3c00-89d88d678752_aada606b-5eb2-43b4-9ea7-fde346f02757_9分.jpg,0.0796467993533398
20241027-1420-030a-3c00-89d88d678752_bd080975-ce1e-40f5-b461-995abe173b42_15分,20241027-1420-030a-3c00-89d88d678752_bd080975-ce1e-40f5-b461-995abe173b42_15分.jpg,0.0573241758830016
20241027-1420-030a-3c00-89d88d678752_e2c42327-bca3-4412-aacd-cdf7d9dec45c_6分,20241027-1420-030a-3c00-89d88d678752_e2c42327-bca3-4412-aacd-cdf7d9dec45c_6分.jpg,0.0434166996777405
20241030-0149-33a7-8128-278274335153_118b1025-9d87-4ae3-9218-950eb110e7a9_13分,20241030-0149-33a7-8128-278274335153_118b1025-9d87-4ae3-9218-950eb110e7a9_13分.jpg,0.0564682414416108
20241030-0149-33a7-8128-278274335153_2366f817-1b2f-4979-ac30-19e0227eed21_2分,20241030-0149-33a7-8128-278274335153_2366f817-1b2f-4979-ac30-19e0227eed21_2分.jpg,0.0754669586067473
20241030-0149-33a7-8128-278274335153_7e8725aa-7904-4434-b157-b92b3b85fc77_6分,20241030-0149-33a7-8128-278274335153_7e8725aa-7904-4434-b157-b92b3b85fc77_6分.jpg,0.0625116697674106
20241030-0149-33a7-8128-278274335153_edda2ca6-7b1b-4750-af34-b15db50de007_1分,20241030-0149-33a7-8128-278274335153_edda2ca6-7b1b-4750-af34-b15db50de007_1分.jpg,0.0235437137733479
20241102-0017-1236-2efc-6ca061656043_01dbfc93-1383-4365-bfd5-a6762a30441f_13分,20241102-0017-1236-2efc-6ca061656043_01dbfc93-1383-4365-bfd5-a6762a30441f_13分.jpg,0.042866102292177
20241102-0017-1236-2efc-6ca061656043_23e4b05b-927c-4a32-a368-5aa8b9338f83_6分,20241102-0017-1236-2efc-6ca061656043_23e4b05b-927c-4a32-a368-5aa8b9338f83_6分.jpg,0.0301183844011142
20241102-0017-1236-2efc-6ca061656043_5a509a2e-05cc-4993-bc72-c63b6a890f64_5分,20241102-0017-1236-2efc-6ca061656043_5a509a2e-05cc-4993-bc72-c63b6a890f64_5分.jpg,0.0183554552471725
20241102-0017-1236-2efc-6ca061656043_80049b54-93b2-4b04-b480-6e586ec24136_4分,20241102-0017-1236-2efc-6ca061656043_80049b54-93b2-4b04-b480-6e586ec24136_4分.jpg,0.020694197402423
20241102-0017-1236-2efc-6ca061656043_957ef5f5-7a6c-4d14-99ca-da52d0899b55_5分,20241102-0017-1236-2efc-6ca061656043_957ef5f5-7a6c-4d14-99ca-da52d0899b55_5分.jpg,0.0214870624559519
20241102-0017-1236-2efc-6ca061656043_cfb70c97-cdff-48a1-b9e2-00d429067551_15分,20241102-0017-1236-2efc-6ca061656043_cfb70c97-cdff-48a1-b9e2-00d429067551_15分.jpg,0.0467496727858509
20241102-0017-1236-2efc-6ca061656043_dc8a97d1-425e-4615-8d55-d39e0defa669_12分,20241102-0017-1236-2efc-6ca061656043_dc8a97d1-425e-4615-8d55-d39e0defa669_12分.jpg,0.0496180404067523
20241102-0017-1236-2efc-6ca061656043_e2a9ea48-82a5-467f-8cb4-662b4cdc3be7_16分,20241102-0017-1236-2efc-6ca061656043_e2a9ea48-82a5-467f-8cb4-662b4cdc3be7_16分.jpg,0.069461690774239
20241104-0722-2680-8137-2d6d5f150681_10e401bc-3b6d-4f9a-b53b-673d240e2fbe_13分,20241104-0722-2680-8137-2d6d5f150681_10e401bc-3b6d-4f9a-b53b-673d240e2fbe_13分.jpg,0.057183251627696
20241104-0722-2680-8137-2d6d5f150681_25e6c52a-33f3-4861-8508-759378f40f0b_7分,20241104-0722-2680-8137-2d6d5f150681_25e6c52a-33f3-4861-8508-759378f40f0b_7分.jpg,0.0727992950215172
20241104-0722-2680-8137-2d6d5f150681_65923c08-0800-415f-97a9-434341f1cf44_17分,20241104-0722-2680-8137-2d6d5f150681_65923c08-0800-415f-97a9-434341f1cf44_17分.jpg,0.0506382450826895
20241104-0722-2680-8137-2d6d5f150681_a942d90e-e7be-4762-b675-b449c718c893_1分,20241104-0722-2680-8137-2d6d5f150681_a942d90e-e7be-4762-b675-b449c718c893_1分.jpg,0.0182960738516294
20241105-0955-09df-58f6-50853c239122_28527c73-9e76-4eb6-9570-80da641da06b_6分,20241105-0955-09df-58f6-50853c239122_28527c73-9e76-4eb6-9570-80da641da06b_6分.jpg,0.0687437353825593
20241105-0955-09df-58f6-50853c239122_2e15d18e-bdb8-4b47-b333-ca58c64f6780_9分,20241105-0955-09df-58f6-50853c239122_2e15d18e-bdb8-4b47-b333-ca58c64f6780_9分.jpg,0.0743076437613691
20241105-0955-09df-58f6-50853c239122_5ad174b0-bf1d-4991-8db1-698997ee86b3_13分,20241105-0955-09df-58f6-50853c239122_5ad174b0-bf1d-4991-8db1-698997ee86b3_13分.jpg,0.0946931729591268
20241105-0955-09df-58f6-50853c239122_e6dd35f4-2a71-40a7-95db-28ca768b9769_6分,20241105-0955-09df-58f6-50853c239122_e6dd35f4-2a71-40a7-95db-28ca768b9769_6分.jpg,0.0443813342243011
20241111-0647-4514-3304-461c24876781_1730d24a-cd32-4cd3-9d54-1e0d9f2f677b_1分,20241111-0647-4514-3304-461c24876781_1730d24a-cd32-4cd3-9d54-1e0d9f2f677b_1分.jpg,0.0332783511801462
20241111-0647-4514-3304-461c24876781_391aa093-8708-4369-b79c-7103381b10c9_7分,20241111-0647-4514-3304-461c24876781_391aa093-8708-4369-b79c-7103381b10c9_7分.jpg,0.0458755325836418
20241111-0647-4514-3304-461c24876781_47702678-1162-46fa-8d0a-df649ce552e0_15分,20241111-0647-4514-3304-461c24876781_47702678-1162-46fa-8d0a-df649ce552e0_15分.jpg,0.0450943203614852
20241111-0647-4514-3304-461c24876781_61da4317-6fa3-4af0-82a5-8539a6e1ceea_15分,20241111-0647-4514-3304-461c24876781_61da4317-6fa3-4af0-82a5-8539a6e1ceea_15分.jpg,0.0708388628902703
20241111-0647-4514-3304-461c24876781_69f17b6f-b5c2-4ed2-ac57-70b2a32d73bb_15分,20241111-0647-4514-3304-461c24876781_69f17b6f-b5c2-4ed2-ac57-70b2a32d73bb_15分.jpg,0.0468652113410093
20241111-0647-4514-3304-461c24876781_7bbb0c30-37a4-4155-b889-f67a1ff2d97d_3分,20241111-0647-4514-3304-461c24876781_7bbb0c30-37a4-4155-b889-f67a1ff2d97d_3分.jpg,0.0188565503086701
20241111-0647-4514-3304-461c24876781_99ae1e4a-7d76-4101-abf8-dc12548b5b0e_15分,20241111-0647-4514-3304-461c24876781_99ae1e4a-7d76-4101-abf8-dc12548b5b0e_15分.jpg,0.0507723470215612
20241111-0647-4514-3304-461c24876781_b1fa7263-aa31-4210-9d15-f07d5a3304ab_3分,20241111-0647-4514-3304-461c24876781_b1fa7263-aa31-4210-9d15-f07d5a3304ab_3分.jpg,0.0305188560130237
20241112-0121-00e7-bd8d-b6064f251325_070f3789-e221-4884-a857-f87c31cec0a3_13分,20241112-0121-00e7-bd8d-b6064f251325_070f3789-e221-4884-a857-f87c31cec0a3_13分.jpg,0.0914088097942698
20241112-0121-00e7-bd8d-b6064f251325_3b25a506-cb02-436a-87c0-7d421722961f_7分,20241112-0121-00e7-bd8d-b6064f251325_3b25a506-cb02-436a-87c0-7d421722961f_7分.jpg,0.1066050738356683
20241112-0121-00e7-bd8d-b6064f251325_3edc9af1-ac7b-4fb9-b223-4d72bca79dc4_15分,20241112-0121-00e7-bd8d-b6064f251325_3edc9af1-ac7b-4fb9-b223-4d72bca79dc4_15分.jpg,0.0391760696705793
20241112-0121-00e7-bd8d-b6064f251325_8d9344a3-d2d9-40d8-b6bc-322e3bd5c06e_8分,20241112-0121-00e7-bd8d-b6064f251325_8d9344a3-d2d9-40d8-b6bc-322e3bd5c06e_8分.jpg,0.094296604821406
20241122-0347-1978-19b6-955c89533702_58a47869-44e6-4831-9169-ed0aa7acdd92_14分,20241122-0347-1978-19b6-955c89533702_58a47869-44e6-4831-9169-ed0aa7acdd92_14分.jpg,0.043107397777548
20241122-0347-1978-19b6-955c89533702_6d6e8584-4c2b-43f7-b0f3-4e3fc0a5fbe9_15分,20241122-0347-1978-19b6-955c89533702_6d6e8584-4c2b-43f7-b0f3-4e3fc0a5fbe9_15分.jpg,0.0600813559663984
20241122-0347-1978-19b6-955c89533702_708a08af-1068-44d6-b271-cb85538dc5a1_13分,20241122-0347-1978-19b6-955c89533702_708a08af-1068-44d6-b271-cb85538dc5a1_13分.jpg,0.054129710563414
20241122-0347-1978-19b6-955c89533702_978e1f0f-c8e9-447e-a693-70f8bbf192b9_5分,20241122-0347-1978-19b6-955c89533702_978e1f0f-c8e9-447e-a693-70f8bbf192b9_5分.jpg,0.0160509487746587
20241128-0044-5022-bb5a-27cbed652622_568ee226-57de-4b0d-b3cf-e011de49a5b8_11分,20241128-0044-5022-bb5a-27cbed652622_568ee226-57de-4b0d-b3cf-e011de49a5b8_11分.jpg,0.0571545186999205
20241128-0044-5022-bb5a-27cbed652622_618b65ec-e7eb-4da8-b2c3-8d9e69628d51_17分,20241128-0044-5022-bb5a-27cbed652622_618b65ec-e7eb-4da8-b2c3-8d9e69628d51_17分.jpg,0.0492346029086378
20241128-0044-5022-bb5a-27cbed652622_9816640e-e34c-4920-aa95-eb1d6854b077_7分,20241128-0044-5022-bb5a-27cbed652622_9816640e-e34c-4920-aa95-eb1d6854b077_7分.jpg,0.0225266911559365
20241128-0044-5022-bb5a-27cbed652622_e597c7a1-fa37-472e-9080-60f6fde081d2_17分,20241128-0044-5022-bb5a-27cbed652622_e597c7a1-fa37-472e-9080-60f6fde081d2_17分.jpg,0.0613795622005972
20241128-0108-029c-c655-0b001c327790_05255419-3f3e-4d83-8bba-ee2534307a59_11分,20241128-0108-029c-c655-0b001c327790_05255419-3f3e-4d83-8bba-ee2534307a59_11分.jpg,0.0413687436159346
20241128-0108-029c-c655-0b001c327790_0769dc8d-873f-4ffa-9452-85ceaec5d923_11分,20241128-0108-029c-c655-0b001c327790_0769dc8d-873f-4ffa-9452-85ceaec5d923_11分.jpg,0.0584048647324815
20241128-0108-029c-c655-0b001c327790_44ed9101-16e7-47b9-8a5e-d217134c6b7e_13分,20241128-0108-029c-c655-0b001c327790_44ed9101-16e7-47b9-8a5e-d217134c6b7e_13分.jpg,0.0434833252692507
20241128-0108-029c-c655-0b001c327790_b7c4d194-cf5e-420e-b5d1-7323d9568ed2_6分,20241128-0108-029c-c655-0b001c327790_b7c4d194-cf5e-420e-b5d1-7323d9568ed2_6分.jpg,0.0120259364789228
20241201-0113-29ac-03f4-b586ce898784_0d73a268-3cbd-4635-8773-8e4480c08957_1分,20241201-0113-29ac-03f4-b586ce898784_0d73a268-3cbd-4635-8773-8e4480c08957_1分.jpg,0.0260461320744972
20241201-0113-29ac-03f4-b586ce898784_7064beff-3055-41b3-8b61-82c4d8544c81_5分,20241201-0113-29ac-03f4-b586ce898784_7064beff-3055-41b3-8b61-82c4d8544c81_5分.jpg,0.0237624256697896
20241201-0113-29ac-03f4-b586ce898784_7ef794b0-9d91-4a43-abe8-db229be72df3_15分,20241201-0113-29ac-03f4-b586ce898784_7ef794b0-9d91-4a43-abe8-db229be72df3_15分.jpg,0.0600305756696174
20241201-0113-29ac-03f4-b586ce898784_85c32d0f-a5b9-4222-9d7d-ad9f60c23216_17分,20241201-0113-29ac-03f4-b586ce898784_85c32d0f-a5b9-4222-9d7d-ad9f60c23216_17分.jpg,0.0447375760518133
20241201-0113-29ac-03f4-b586ce898784_90a48549-4f4d-42ab-81be-11ccd5210740_10分,20241201-0113-29ac-03f4-b586ce898784_90a48549-4f4d-42ab-81be-11ccd5210740_10分.jpg,0.0525966938335623
20241201-0113-29ac-03f4-b586ce898784_ab845c3f-9e14-4d1c-bb00-a54ed171390a_8分,20241201-0113-29ac-03f4-b586ce898784_ab845c3f-9e14-4d1c-bb00-a54ed171390a_8分.jpg,0.113906420546299
20241202-0259-57fc-be86-7770be113739_89cec065-64bd-4f9a-a0ab-4f7f540944f5_15分,20241202-0259-57fc-be86-7770be113739_89cec065-64bd-4f9a-a0ab-4f7f540944f5_15分.jpg,0.0787354770157989
20241202-0259-57fc-be86-7770be113739_9ee8538d-286e-4739-8857-703a25a84190_15分,20241202-0259-57fc-be86-7770be113739_9ee8538d-286e-4739-8857-703a25a84190_15分.jpg,0.0706063073734083
20241202-0259-57fc-be86-7770be113739_b3929099-49a0-46e7-921c-12aa1ed63306_8分,20241202-0259-57fc-be86-7770be113739_b3929099-49a0-46e7-921c-12aa1ed63306_8分.jpg,0.0276383058405476
20241202-0259-57fc-be86-7770be113739_e6740d6b-3d24-45c0-824f-bd3bd5937e39_11分,20241202-0259-57fc-be86-7770be113739_e6740d6b-3d24-45c0-824f-bd3bd5937e39_11分.jpg,0.1188358968106046
20241202-0745-00bd-057e-07b365368833_0be211b8-e34a-414e-bb03-594e063d036c_8分,20241202-0745-00bd-057e-07b365368833_0be211b8-e34a-414e-bb03-594e063d036c_8分.jpg,0.0172927191733504
20241202-0745-00bd-057e-07b365368833_3401eda3-585e-41b4-9d34-9516ac7a4a03_10分,20241202-0745-00bd-057e-07b365368833_3401eda3-585e-41b4-9d34-9516ac7a4a03_10分.jpg,0.0509097139380745
20241202-0745-00bd-057e-07b365368833_780670c8-cbb9-4931-a13f-a411685a1836_15分,20241202-0745-00bd-057e-07b365368833_780670c8-cbb9-4931-a13f-a411685a1836_15分.jpg,0.0577621165394038
20241202-0745-00bd-057e-07b365368833_7bd91455-8a29-4d7e-be12-d771244bd887_1分,20241202-0745-00bd-057e-07b365368833_7bd91455-8a29-4d7e-be12-d771244bd887_1分.jpg,0.0144515237639746
20241202-0745-00bd-057e-07b365368833_822b9323-e2e6-4fe4-9818-bba2f340a66c_3分,20241202-0745-00bd-057e-07b365368833_822b9323-e2e6-4fe4-9818-bba2f340a66c_3分.jpg,0.018676210004746
20241202-0745-00bd-057e-07b365368833_a9b7112d-34c3-455a-b43d-4285b78426f2_10分,20241202-0745-00bd-057e-07b365368833_a9b7112d-34c3-455a-b43d-4285b78426f2_10分.jpg,0.0476296495828454
20241202-0745-00bd-057e-07b365368833_b96e9f62-61ed-4bea-bb08-28501dd453cd_2分,20241202-0745-00bd-057e-07b365368833_b96e9f62-61ed-4bea-bb08-28501dd453cd_2分.jpg,0.0098795904867139
20241202-0745-00bd-057e-07b365368833_c67ba5dc-bb5a-432b-878e-f7a87b16f00b_7分,20241202-0745-00bd-057e-07b365368833_c67ba5dc-bb5a-432b-878e-f7a87b16f00b_7分.jpg,0.032880354613438
20241204-0912-4931-cee0-757084929852_0a734658-3ca0-4bb8-ba01-8a1e4c61c238_12分,20241204-0912-4931-cee0-757084929852_0a734658-3ca0-4bb8-ba01-8a1e4c61c238_12分.jpg,0.0479419851134649
20241204-0912-4931-cee0-757084929852_360291ff-8945-4d54-9e5d-38fc6a737612_11分,20241204-0912-4931-cee0-757084929852_360291ff-8945-4d54-9e5d-38fc6a737612_11分.jpg,0.0703650371574433
20241204-0912-4931-cee0-757084929852_4879d72b-937b-4fb3-b7b9-f753a30a5dbd_2分,20241204-0912-4931-cee0-757084929852_4879d72b-937b-4fb3-b7b9-f753a30a5dbd_2分.jpg,0.0427671326193371
20241204-0912-4931-cee0-757084929852_58737a6d-43f8-4b7c-ad01-1048ee41c4c4_10分,20241204-0912-4931-cee0-757084929852_58737a6d-43f8-4b7c-ad01-1048ee41c4c4_10分.jpg,0.0461329462009692
20241204-0912-4931-cee0-757084929852_67e45705-9490-47f6-b9b0-c563191b0d12_5分,20241204-0912-4931-cee0-757084929852_67e45705-9490-47f6-b9b0-c563191b0d12_5分.jpg,0.0324242986416012
20241204-0912-4931-cee0-757084929852_b7cc74ed-3984-4bbc-8a46-1dc951bf1be1_1分,20241204-0912-4931-cee0-757084929852_b7cc74ed-3984-4bbc-8a46-1dc951bf1be1_1分.jpg,0.0139825064072173
20241204-0912-4931-cee0-757084929852_e1f3ee0a-75d9-4002-a33f-b06c84e1b07d_15分,20241204-0912-4931-cee0-757084929852_e1f3ee0a-75d9-4002-a33f-b06c84e1b07d_15分.jpg,0.054477297690457
20241204-0912-4931-cee0-757084929852_ebe4fdbc-b8fd-4051-80c2-7726a6c06474_15分,20241204-0912-4931-cee0-757084929852_ebe4fdbc-b8fd-4051-80c2-7726a6c06474_15分.jpg,0.0545361920663386
20241208-0044-3879-15a0-b4e8e8859025_54dbfe70-2cbc-449f-bf23-a473fea5f6d1_5分,20241208-0044-3879-15a0-b4e8e8859025_54dbfe70-2cbc-449f-bf23-a473fea5f6d1_5分.jpg,0.0141740967987098
20241208-0044-3879-15a0-b4e8e8859025_59b46904-42ef-4644-b439-1a1940a5b592_5分,20241208-0044-3879-15a0-b4e8e8859025_59b46904-42ef-4644-b439-1a1940a5b592_5分.jpg,0.0230568891689992
20241208-0044-3879-15a0-b4e8e8859025_73a4c682-fd55-4804-b53c-05f6be7bb491_13分,20241208-0044-3879-15a0-b4e8e8859025_73a4c682-fd55-4804-b53c-05f6be7bb491_13分.jpg,0.0206878973807626
20241208-0044-3879-15a0-b4e8e8859025_7cf7e935-8eef-436a-bf27-86700fb83b40_7分,20241208-0044-3879-15a0-b4e8e8859025_7cf7e935-8eef-436a-bf27-86700fb83b40_7分.jpg,0.0304159638163382
20241208-0044-3879-15a0-b4e8e8859025_7f412348-bce7-41ac-aa6e-d2344f224bce_7分,20241208-0044-3879-15a0-b4e8e8859025_7f412348-bce7-41ac-aa6e-d2344f224bce_7分.jpg,0.0153335681316848
20241208-0044-3879-15a0-b4e8e8859025_8e0674ca-b359-4bfd-a9b5-0bdbba8873ea_5分,20241208-0044-3879-15a0-b4e8e8859025_8e0674ca-b359-4bfd-a9b5-0bdbba8873ea_5分.jpg,0.0145059039427586
20241208-0044-3879-15a0-b4e8e8859025_e4254750-849d-4c23-961a-478d495f4c7f_8分,20241208-0044-3879-15a0-b4e8e8859025_e4254750-849d-4c23-961a-478d495f4c7f_8分.jpg,0.0363041503698074
20241208-0044-3879-15a0-b4e8e8859025_f02a1e57-5262-45ce-9c43-4f2861d879a4_1分,20241208-0044-3879-15a0-b4e8e8859025_f02a1e57-5262-45ce-9c43-4f2861d879a4_1分.jpg,0.0093795762507646
20241209-0017-251f-9c58-8b337a271745_0524ca9d-742f-43f0-b79d-eb853e37e57c_9分,20241209-0017-251f-9c58-8b337a271745_0524ca9d-742f-43f0-b79d-eb853e37e57c_9分.jpg,0.0577943328638521
20241209-0017-251f-9c58-8b337a271745_059f1eb7-e6aa-476e-8a99-88a2ef0eeb09_3分,20241209-0017-251f-9c58-8b337a271745_059f1eb7-e6aa-476e-8a99-88a2ef0eeb09_3分.jpg,0.0530634074700813
20241209-0017-251f-9c58-8b337a271745_3c121e65-3cdf-4cd6-b7fe-5fdf80a5d82e_2分,20241209-0017-251f-9c58-8b337a271745_3c121e65-3cdf-4cd6-b7fe-5fdf80a5d82e_2分.jpg,0.0157327775226872
20241209-0017-251f-9c58-8b337a271745_632e8183-092c-4d69-aeb4-7bcfaf906639_9分,20241209-0017-251f-9c58-8b337a271745_632e8183-092c-4d69-aeb4-7bcfaf906639_9分.jpg,0.0383435398190519
20241210-0232-092d-dd83-4f7631328560_06a181c7-5b0e-4539-afe2-47e2ca82fcb1_4分,20241210-0232-092d-dd83-4f7631328560_06a181c7-5b0e-4539-afe2-47e2ca82fcb1_4分.jpg,0.0209350626519248
20241210-0232-092d-dd83-4f7631328560_6e98afe2-9912-4fed-b456-ddc406de28d3_8分,20241210-0232-092d-dd83-4f7631328560_6e98afe2-9912-4fed-b456-ddc406de28d3_8分.jpg,0.0679958483732136
20241210-0232-092d-dd83-4f7631328560_7fdc72eb-cf7b-44ce-a3b1-c663e3bd0d6a_17分,20241210-0232-092d-dd83-4f7631328560_7fdc72eb-cf7b-44ce-a3b1-c663e3bd0d6a_17分.jpg,0.044226545393486
20241210-0232-092d-dd83-4f7631328560_a8b801c9-716b-4a81-b633-88dad5ca66c1_17分,20241210-0232-092d-dd83-4f7631328560_a8b801c9-716b-4a81-b633-88dad5ca66c1_17分.jpg,0.0247271973251082
20241210-0244-030b-a440-408aa1706839_1b18fcd7-570a-42e7-9361-6e13a59f2f77_1分,20241210-0244-030b-a440-408aa1706839_1b18fcd7-570a-42e7-9361-6e13a59f2f77_1分.jpg,0.0480410561145249
20241210-0244-030b-a440-408aa1706839_3c4f0dad-bc02-4125-88e8-0d5d9ecab558_4分,20241210-0244-030b-a440-408aa1706839_3c4f0dad-bc02-4125-88e8-0d5d9ecab558_4分.jpg,0.0414572219596191
20241210-0244-030b-a440-408aa1706839_401e7bd2-4a8e-40c5-927b-23a39c3adb18_8分,20241210-0244-030b-a440-408aa1706839_401e7bd2-4a8e-40c5-927b-23a39c3adb18_8分.jpg,0.0646579782564656
20241210-0244-030b-a440-408aa1706839_6d0c06ce-8f91-4afb-a39c-6dc6a193a3e8_4分,20241210-0244-030b-a440-408aa1706839_6d0c06ce-8f91-4afb-a39c-6dc6a193a3e8_4分.jpg,0.0227766898507664
20241210-0244-030b-a440-408aa1706839_7e8fa60b-40c1-4aed-a2d7-cbbbea9a6ef6_8分,20241210-0244-030b-a440-408aa1706839_7e8fa60b-40c1-4aed-a2d7-cbbbea9a6ef6_8分.jpg,0.0513741643595111
20241210-0244-030b-a440-408aa1706839_8131aff3-d99a-4dd3-9832-19954407ea60_17分,20241210-0244-030b-a440-408aa1706839_8131aff3-d99a-4dd3-9832-19954407ea60_17分.jpg,0.0940819771760416
20241210-0244-030b-a440-408aa1706839_d08dace4-955b-40dc-a248-79cb72ccfaa8_14分,20241210-0244-030b-a440-408aa1706839_d08dace4-955b-40dc-a248-79cb72ccfaa8_14分.jpg,0.0851792828685259
20241210-0244-030b-a440-408aa1706839_d32cb343-324a-4aa1-91d5-dad40e8cf50a_14分,20241210-0244-030b-a440-408aa1706839_d32cb343-324a-4aa1-91d5-dad40e8cf50a_14分.jpg,0.061572017016679
20241210-0319-3742-f4bb-44624e894002_97fb4e2e-37d2-424c-87c8-c73c5c165236_3分,20241210-0319-3742-f4bb-44624e894002_97fb4e2e-37d2-424c-87c8-c73c5c165236_3分.jpg,0.0650070412521043
20241210-0319-3742-f4bb-44624e894002_a49b9e97-8a1e-4cd3-8c2a-89132b087c1f_12分,20241210-0319-3742-f4bb-44624e894002_a49b9e97-8a1e-4cd3-8c2a-89132b087c1f_12分.jpg,0.0721776505612359
20241210-0319-3742-f4bb-44624e894002_c2155762-1a8d-44f7-915d-5632ec28292e_13分,20241210-0319-3742-f4bb-44624e894002_c2155762-1a8d-44f7-915d-5632ec28292e_13分.jpg,0.0394502777510194
20241210-0319-3742-f4bb-44624e894002_cd4769fa-c030-4755-a17a-97c31c928e04_4分,20241210-0319-3742-f4bb-44624e894002_cd4769fa-c030-4755-a17a-97c31c928e04_4分.jpg,0.0161118526979234
20241211-2345-5128-f205-6590f3689273_86e44a09-d14a-4db1-bdff-45f7c16fcd05_7分,20241211-2345-5128-f205-6590f3689273_86e44a09-d14a-4db1-bdff-45f7c16fcd05_7分.jpg,0.0769768829039913
20241211-2345-5128-f205-6590f3689273_9313fee8-a8bc-4958-86e2-8fd0213fc8a7_12分,20241211-2345-5128-f205-6590f3689273_9313fee8-a8bc-4958-86e2-8fd0213fc8a7_12分.jpg,0.031711446116611
20241211-2345-5128-f205-6590f3689273_d850b0db-76f3-4f07-a4ad-917f66606329_17分,20241211-2345-5128-f205-6590f3689273_d850b0db-76f3-4f07-a4ad-917f66606329_17分.jpg,0.0464584111126845
20241211-2345-5128-f205-6590f3689273_da5f7a51-8ed8-4f48-b87a-2061b98eb215_1分,20241211-2345-5128-f205-6590f3689273_da5f7a51-8ed8-4f48-b87a-2061b98eb215_1分.jpg,0.0117076697950058
20241214-0055-5965-cac6-3dd47f449294_220cbc36-ed1c-49fe-9d26-c9275c5ec195_9分,20241214-0055-5965-cac6-3dd47f449294_220cbc36-ed1c-49fe-9d26-c9275c5ec195_9分.jpg,0.0541115479398989
20241214-0055-5965-cac6-3dd47f449294_2de0e8ff-aa69-45af-bbb8-f7937ed69cd7_15分,20241214-0055-5965-cac6-3dd47f449294_2de0e8ff-aa69-45af-bbb8-f7937ed69cd7_15分.jpg,0.0456626198188396
20241214-0055-5965-cac6-3dd47f449294_7bc978fd-1331-4c76-a77c-fa0052fa462b_9分,20241214-0055-5965-cac6-3dd47f449294_7bc978fd-1331-4c76-a77c-fa0052fa462b_9分.jpg,0.0470250311137485
20241214-0055-5965-cac6-3dd47f449294_7d8bb926-9665-441c-9db0-eac1e2b05712_3分,20241214-0055-5965-cac6-3dd47f449294_7d8bb926-9665-441c-9db0-eac1e2b05712_3分.jpg,0.0070115141474832
20241220-1341-16dd-2f35-1d8bc1052208_2b1121bf-c061-4b32-be6e-f5856288c0e9_3分,20241220-1341-16dd-2f35-1d8bc1052208_2b1121bf-c061-4b32-be6e-f5856288c0e9_3分.jpg,0.0493886000135058
20241220-1341-16dd-2f35-1d8bc1052208_44ce5b07-f571-46f2-b831-d67846155095_10分,20241220-1341-16dd-2f35-1d8bc1052208_44ce5b07-f571-46f2-b831-d67846155095_10分.jpg,0.0422045203081414
20241220-1341-16dd-2f35-1d8bc1052208_bb9de268-c02a-47f0-90e3-6767758be0e0_4分,20241220-1341-16dd-2f35-1d8bc1052208_bb9de268-c02a-47f0-90e3-6767758be0e0_4分.jpg,0.023128788783901
20241220-1341-16dd-2f35-1d8bc1052208_f9f2e652-849f-4073-ac8c-27720e56ab3c_13分,20241220-1341-16dd-2f35-1d8bc1052208_f9f2e652-849f-4073-ac8c-27720e56ab3c_13分.jpg,0.037021645741238
20241221-0109-2916-880e-88f442319771_1ececd67-6301-4ddc-9d63-c9bf01be5e3d_3分,20241221-0109-2916-880e-88f442319771_1ececd67-6301-4ddc-9d63-c9bf01be5e3d_3分.jpg,0.0181080518631105
20241221-0109-2916-880e-88f442319771_513d1c2b-e528-49c2-83ec-5e1a7bf429d1_9分,20241221-0109-2916-880e-88f442319771_513d1c2b-e528-49c2-83ec-5e1a7bf429d1_9分.jpg,0.048884586369768
20241221-0109-2916-880e-88f442319771_a38e08b0-af57-4fd3-bf04-201ef62815fc_13分,20241221-0109-2916-880e-88f442319771_a38e08b0-af57-4fd3-bf04-201ef62815fc_13分.jpg,0.0327600494996153
20241221-0109-2916-880e-88f442319771_a4016e33-8412-482b-be9d-283db2d39379_13分,20241221-0109-2916-880e-88f442319771_a4016e33-8412-482b-be9d-283db2d39379_13分.jpg,0.0355704161758202
20241221-0142-492a-638f-838180241144_005c9c1a-fcc9-47a3-b550-ca901bda1eda_17分,20241221-0142-492a-638f-838180241144_005c9c1a-fcc9-47a3-b550-ca901bda1eda_17分.jpg,0.047005762571243
20241221-0142-492a-638f-838180241144_ba6d480c-a075-4256-a32a-3e0d6a83427a_9分,20241221-0142-492a-638f-838180241144_ba6d480c-a075-4256-a32a-3e0d6a83427a_9分.jpg,0.0507009324724045
20241221-0142-492a-638f-838180241144_be59eecc-cb53-4524-95ae-42967a2c1323_17分,20241221-0142-492a-638f-838180241144_be59eecc-cb53-4524-95ae-42967a2c1323_17分.jpg,0.0365673021427025
20241221-0142-492a-638f-838180241144_f2ec0999-f451-438f-a208-2a06f442be8e_4分,20241221-0142-492a-638f-838180241144_f2ec0999-f451-438f-a208-2a06f442be8e_4分.jpg,0.0152090397518216
20250101-1234-41fb-4dbe-2aa6af055018_08bc530b-e821-48d6-bb87-6a80c4b31469_7分,20250101-1234-41fb-4dbe-2aa6af055018_08bc530b-e821-48d6-bb87-6a80c4b31469_7分.jpg,0.0942202192568946
20250101-1234-41fb-4dbe-2aa6af055018_35d20485-adb2-4f8d-8490-241a208af274_13分,20250101-1234-41fb-4dbe-2aa6af055018_35d20485-adb2-4f8d-8490-241a208af274_13分.jpg,0.0824827902767508
20250101-1234-41fb-4dbe-2aa6af055018_49d2d57e-5d12-4191-bc3a-f7459e518c57_14分,20250101-1234-41fb-4dbe-2aa6af055018_49d2d57e-5d12-4191-bc3a-f7459e518c57_14分.jpg,0.0656205867280074
20250101-1234-41fb-4dbe-2aa6af055018_9ce64736-c0c9-4d2a-9d93-fa667a88b7fe_10分,20250101-1234-41fb-4dbe-2aa6af055018_9ce64736-c0c9-4d2a-9d93-fa667a88b7fe_10分.jpg,0.0350101647882346
20250101-1234-41fb-4dbe-2aa6af055018_a98bd81b-4958-4108-9149-ddb30bb591fa_7分,20250101-1234-41fb-4dbe-2aa6af055018_a98bd81b-4958-4108-9149-ddb30bb591fa_7分.jpg,0.0392429938593986
20250101-1234-41fb-4dbe-2aa6af055018_c694dcf1-46c2-4447-8d24-187216faa349_15分,20250101-1234-41fb-4dbe-2aa6af055018_c694dcf1-46c2-4447-8d24-187216faa349_15分.jpg,0.0960367105988944
20250101-1234-41fb-4dbe-2aa6af055018_de0c9d5d-79e8-4f14-955f-b9f5b0b99602_15分,20250101-1234-41fb-4dbe-2aa6af055018_de0c9d5d-79e8-4f14-955f-b9f5b0b99602_15分.jpg,0.1229880695769648
20250101-1234-41fb-4dbe-2aa6af055018_df8455bc-7da2-47d5-a9e7-df0c1a4ee4a6_7分,20250101-1234-41fb-4dbe-2aa6af055018_df8455bc-7da2-47d5-a9e7-df0c1a4ee4a6_7分.jpg,0.0501354218419717
20250117-0541-386c-dc45-0db105390174_a94b6925-a491-423f-8b80-ad1e7c66ae15_8分,20250117-0541-386c-dc45-0db105390174_a94b6925-a491-423f-8b80-ad1e7c66ae15_8分.jpg,0.104184434968017
20250117-0541-386c-dc45-0db105390174_b2ab6df6-0813-439b-869e-4984628d1fb9_2分,20250117-0541-386c-dc45-0db105390174_b2ab6df6-0813-439b-869e-4984628d1fb9_2分.jpg,0.0282003444316877
20250117-0541-386c-dc45-0db105390174_b3e03cb9-bea3-43bd-aeba-1e9eaac794e3_1分,20250117-0541-386c-dc45-0db105390174_b3e03cb9-bea3-43bd-aeba-1e9eaac794e3_1分.jpg,0.0609008528784648
20250117-0541-386c-dc45-0db105390174_dade6cd0-f4e9-48d0-b0d1-7e0261cdcd5a_13分,20250117-0541-386c-dc45-0db105390174_dade6cd0-f4e9-48d0-b0d1-7e0261cdcd5a_13分.jpg,0.0842237985894702
20250119-1223-0088-cad5-6b2d87045944_2a414518-2ae9-4024-bc3c-d93a04e44772_10分,20250119-1223-0088-cad5-6b2d87045944_2a414518-2ae9-4024-bc3c-d93a04e44772_10分.jpg,0.0467163352356978
20250119-1223-0088-cad5-6b2d87045944_486fed60-6aa3-4bf8-a533-07d6d6a97a04_15分,20250119-1223-0088-cad5-6b2d87045944_486fed60-6aa3-4bf8-a533-07d6d6a97a04_15分.jpg,0.0567643182501329
20250119-1223-0088-cad5-6b2d87045944_7765656d-68a2-4728-896e-d4b9aabb95ec_15分,20250119-1223-0088-cad5-6b2d87045944_7765656d-68a2-4728-896e-d4b9aabb95ec_15分.jpg,0.0987657920213284
20250119-1223-0088-cad5-6b2d87045944_8f25fa96-d801-417e-8480-d5fbddb7cf55_10分,20250119-1223-0088-cad5-6b2d87045944_8f25fa96-d801-417e-8480-d5fbddb7cf55_10分.jpg,0.0618018813202014
20250119-1223-0088-cad5-6b2d87045944_96fd64e4-4eeb-4592-9234-d762baccefba_10分,20250119-1223-0088-cad5-6b2d87045944_96fd64e4-4eeb-4592-9234-d762baccefba_10分.jpg,0.0580088808286092
20250119-1223-0088-cad5-6b2d87045944_bdbcfcc4-f469-4841-ad4e-5fcf4812a89d_7分,20250119-1223-0088-cad5-6b2d87045944_bdbcfcc4-f469-4841-ad4e-5fcf4812a89d_7分.jpg,0.0429756103936054
20250119-1223-0088-cad5-6b2d87045944_d95b969b-9bfa-4149-ba0d-8609ef148209_15分,20250119-1223-0088-cad5-6b2d87045944_d95b969b-9bfa-4149-ba0d-8609ef148209_15分.jpg,0.0592795812318354
20250119-1223-0088-cad5-6b2d87045944_ee3ea3f3-1a28-490b-a94a-fc7753f0f527_6分,20250119-1223-0088-cad5-6b2d87045944_ee3ea3f3-1a28-490b-a94a-fc7753f0f527_6分.jpg,0.0391293289515615
20250121-0245-46d8-f17c-d5cc04862354_29566a27-a71b-4491-9aa8-ba5876aba27d_13分,20250121-0245-46d8-f17c-d5cc04862354_29566a27-a71b-4491-9aa8-ba5876aba27d_13分.jpg,0.0902025361831787
20250121-0245-46d8-f17c-d5cc04862354_667a4003-ce34-4d98-8d64-62a9085d3d90_9分,20250121-0245-46d8-f17c-d5cc04862354_667a4003-ce34-4d98-8d64-62a9085d3d90_9分.jpg,0.0748308464399336
20250121-0245-46d8-f17c-d5cc04862354_a0e07251-6531-4901-b59f-1a08f92b7831_7分,20250121-0245-46d8-f17c-d5cc04862354_a0e07251-6531-4901-b59f-1a08f92b7831_7分.jpg,0.0308083523771116
20250121-0245-46d8-f17c-d5cc04862354_c6b1670f-bcbe-475a-ab29-f04df014844b_5分,20250121-0245-46d8-f17c-d5cc04862354_c6b1670f-bcbe-475a-ab29-f04df014844b_5分.jpg,0.0481269883944974
20250217-1101-1539-c3d8-2b27a5505899_17bb92d9-f9e2-409a-bd5d-1de9393655ff_17分,20250217-1101-1539-c3d8-2b27a5505899_17bb92d9-f9e2-409a-bd5d-1de9393655ff_17分.jpg,0.0945442716056705
20250217-1101-1539-c3d8-2b27a5505899_24d091b9-7b43-4fbf-9829-ddb24cc77e81_3分,20250217-1101-1539-c3d8-2b27a5505899_24d091b9-7b43-4fbf-9829-ddb24cc77e81_3分.jpg,0.0193136826027641
20250217-1101-1539-c3d8-2b27a5505899_2f2239ea-3f2b-4497-b1b0-8376f0e008f8_17分,20250217-1101-1539-c3d8-2b27a5505899_2f2239ea-3f2b-4497-b1b0-8376f0e008f8_17分.jpg,0.0963561747434604
20250217-1101-1539-c3d8-2b27a5505899_a0295265-4c4c-4fa3-a68d-a16971a3e83b_7分,20250217-1101-1539-c3d8-2b27a5505899_a0295265-4c4c-4fa3-a68d-a16971a3e83b_7分.jpg,0.0431872442019099
20250218-0056-53cb-2fbb-2807f3072164_14df3011-4cb3-4eb7-aff5-f1635510d6eb_11分,20250218-0056-53cb-2fbb-2807f3072164_14df3011-4cb3-4eb7-aff5-f1635510d6eb_11分.jpg,0.0961281861207732
20250218-0056-53cb-2fbb-2807f3072164_1d70d392-288a-476b-b631-bd9625db8864_2分,20250218-0056-53cb-2fbb-2807f3072164_1d70d392-288a-476b-b631-bd9625db8864_2分.jpg,0.0449022067628442
20250218-0056-53cb-2fbb-2807f3072164_24478eb9-fd0c-4bbf-8a9b-9a149c773a30_1分,20250218-0056-53cb-2fbb-2807f3072164_24478eb9-fd0c-4bbf-8a9b-9a149c773a30_1分.jpg,0.0209186291840109
20250218-0056-53cb-2fbb-2807f3072164_b15952d7-ee36-4bee-8b9d-eceef5fd2b41_8分,20250218-0056-53cb-2fbb-2807f3072164_b15952d7-ee36-4bee-8b9d-eceef5fd2b41_8分.jpg,0.0687736404934329
20250221-1402-042f-9397-dfb9fa005691_0dabdea0-54d9-4b2c-8973-b47559468123_8分,20250221-1402-042f-9397-dfb9fa005691_0dabdea0-54d9-4b2c-8973-b47559468123_8分.jpg,0.0887313544558767
20250221-1402-042f-9397-dfb9fa005691_1fe4ab5e-1009-4f99-8de2-7c32ad7b1981_2分,20250221-1402-042f-9397-dfb9fa005691_1fe4ab5e-1009-4f99-8de2-7c32ad7b1981_2分.jpg,0.0207074418857858
20250221-1402-042f-9397-dfb9fa005691_3114043c-b973-489d-bea8-e177fb158d2d_7分,20250221-1402-042f-9397-dfb9fa005691_3114043c-b973-489d-bea8-e177fb158d2d_7分.jpg,0.0646384533725298
20250221-1402-042f-9397-dfb9fa005691_f74119ff-bea2-4ae9-83fb-b6af8d7de613_13分,20250221-1402-042f-9397-dfb9fa005691_f74119ff-bea2-4ae9-83fb-b6af8d7de613_13分.jpg,0.0811897762534705
20250225-0441-337a-701a-860e7a571293_013ca8e4-47a9-4b3c-885e-2d45803d311a_15分,20250225-0441-337a-701a-860e7a571293_013ca8e4-47a9-4b3c-885e-2d45803d311a_15分.jpg,0.0569031031084765
20250225-0441-337a-701a-860e7a571293_27a7f56e-c0f8-413a-9ad2-48e4dab3a4e2_7分,20250225-0441-337a-701a-860e7a571293_27a7f56e-c0f8-413a-9ad2-48e4dab3a4e2_7分.jpg,0.0215881335720831
20250225-0441-337a-701a-860e7a571293_3f30fdb9-4b7a-4195-9707-2905a5f1bee9_11分,20250225-0441-337a-701a-860e7a571293_3f30fdb9-4b7a-4195-9707-2905a5f1bee9_11分.jpg,0.0514775520220242
20250225-0441-337a-701a-860e7a571293_562bd8c4-d3f4-4745-8ef0-6294bdb49552_2分,20250225-0441-337a-701a-860e7a571293_562bd8c4-d3f4-4745-8ef0-6294bdb49552_2分.jpg,0.0553482897052564
20250225-0441-337a-701a-860e7a571293_943ab8da-8078-48be-9ce4-67f9e647ffd9_6分,20250225-0441-337a-701a-860e7a571293_943ab8da-8078-48be-9ce4-67f9e647ffd9_6分.jpg,0.0250869430182935
20250225-0441-337a-701a-860e7a571293_bfe0cc4d-3813-43f5-93a7-b1388f8f0332_11分,20250225-0441-337a-701a-860e7a571293_bfe0cc4d-3813-43f5-93a7-b1388f8f0332_11分.jpg,0.0484743273658661
20250225-0441-337a-701a-860e7a571293_cd1b67b9-b50c-4cfc-8622-2e5ab979d319_10分,20250225-0441-337a-701a-860e7a571293_cd1b67b9-b50c-4cfc-8622-2e5ab979d319_10分.jpg,0.0509474584264751
20250225-0441-337a-701a-860e7a571293_dcd8d09b-0a0a-42b1-9034-43a4b35ab530_4分,20250225-0441-337a-701a-860e7a571293_dcd8d09b-0a0a-42b1-9034-43a4b35ab530_4分.jpg,0.0409533249234096
20250225-1109-2036-d5a8-48cb2a607426_15_167,20250225-1109-2036-d5a8-48cb2a607426_15_167.jpg,0.0645815789473684
20250225-1109-2036-d5a8-48cb2a607426_15_37,20250225-1109-2036-d5a8-48cb2a607426_15_37.jpg,0.0793464912280701
20250225-1109-2036-d5a8-48cb2a607426_15_41,20250225-1109-2036-d5a8-48cb2a607426_15_41.jpg,0.026338596491228
20250225-1109-2036-d5a8-48cb2a607426_15_80,20250225-1109-2036-d5a8-48cb2a607426_15_80.jpg,0.0646
20250225-1109-2036-d5a8-48cb2a607426_16_01,20250225-1109-2036-d5a8-48cb2a607426_16_01.jpg,0.0714919459425617
20250225-1109-2036-d5a8-48cb2a607426_16_113,20250225-1109-2036-d5a8-48cb2a607426_16_113.jpg,0.0593719534555081
20250225-1109-2036-d5a8-48cb2a607426_16_159,20250225-1109-2036-d5a8-48cb2a607426_16_159.jpg,0.0491606071176223
20250225-1109-2036-d5a8-48cb2a607426_16_181,20250225-1109-2036-d5a8-48cb2a607426_16_181.jpg,0.0621231228813938
20250225-1109-2036-d5a8-48cb2a607426_16_29,20250225-1109-2036-d5a8-48cb2a607426_16_29.jpg,0.1065013818455016
20250225-1109-2036-d5a8-48cb2a607426_17_116,20250225-1109-2036-d5a8-48cb2a607426_17_116.jpg,0.068615043251527
20250225-1109-2036-d5a8-48cb2a607426_17_143,20250225-1109-2036-d5a8-48cb2a607426_17_143.jpg,0.0184608847860665
20250225-1109-2036-d5a8-48cb2a607426_17_192,20250225-1109-2036-d5a8-48cb2a607426_17_192.jpg,0.1223689562255325
20250225-1109-2036-d5a8-48cb2a607426_17_37,20250225-1109-2036-d5a8-48cb2a607426_17_37.jpg,0.0601553931857963
20250225-1109-2036-d5a8-48cb2a607426_19_109,20250225-1109-2036-d5a8-48cb2a607426_19_109.jpg,0.0171267636049524
20250225-1109-2036-d5a8-48cb2a607426_19_114,20250225-1109-2036-d5a8-48cb2a607426_19_114.jpg,0.0540832853440829
20250225-1109-2036-d5a8-48cb2a607426_19_199,20250225-1109-2036-d5a8-48cb2a607426_19_199.jpg,0.0178870932911027
20250225-1109-2036-d5a8-48cb2a607426_19_20,20250225-1109-2036-d5a8-48cb2a607426_19_20.jpg,0.0743944356464152
20250225-1109-2036-d5a8-48cb2a607426_19_51,20250225-1109-2036-d5a8-48cb2a607426_19_51.jpg,0.0806480348401958
20250225-1206-579f-9e1b-6ca63e934625_16_21,20250225-1206-579f-9e1b-6ca63e934625_16_21.jpg,0.1277198051599426
20250225-1206-579f-9e1b-6ca63e934625_16_36,20250225-1206-579f-9e1b-6ca63e934625_16_36.jpg,0.0951199691535781
20250225-1206-579f-9e1b-6ca63e934625_16_77,20250225-1206-579f-9e1b-6ca63e934625_16_77.jpg,0.0732968577648058
20250225-1206-579f-9e1b-6ca63e934625_16_80,20250225-1206-579f-9e1b-6ca63e934625_16_80.jpg,0.0397062268773854
20250225-1206-579f-9e1b-6ca63e934625_17_113,20250225-1206-579f-9e1b-6ca63e934625_17_113.jpg,0.0168767189420094
20250225-1206-579f-9e1b-6ca63e934625_17_14,20250225-1206-579f-9e1b-6ca63e934625_17_14.jpg,0.0832086795599508
20250225-1206-579f-9e1b-6ca63e934625_17_153,20250225-1206-579f-9e1b-6ca63e934625_17_153.jpg,0.0410955146585522
20250225-1206-579f-9e1b-6ca63e934625_17_22,20250225-1206-579f-9e1b-6ca63e934625_17_22.jpg,0.0155966557434607
20250225-1206-579f-9e1b-6ca63e934625_17_23,20250225-1206-579f-9e1b-6ca63e934625_17_23.jpg,0.0638504666744689
20250225-1206-579f-9e1b-6ca63e934625_17_80,20250225-1206-579f-9e1b-6ca63e934625_17_80.jpg,0.0255893776698461
20250225-1206-579f-9e1b-6ca63e934625_17_86,20250225-1206-579f-9e1b-6ca63e934625_17_86.jpg,0.0616359573409795
20250225-1206-579f-9e1b-6ca63e934625_17_98,20250225-1206-579f-9e1b-6ca63e934625_17_98.jpg,0.0445644859266194
20250302-0119-5504-3ab4-d65aee370319_15_106,20250302-0119-5504-3ab4-d65aee370319_15_106.jpg,0.0797964392969703
20250302-0119-5504-3ab4-d65aee370319_15_143,20250302-0119-5504-3ab4-d65aee370319_15_143.jpg,0.0769579286423427
20250302-0119-5504-3ab4-d65aee370319_15_185,20250302-0119-5504-3ab4-d65aee370319_15_185.jpg,0.0400820481841206
20250302-0119-5504-3ab4-d65aee370319_15_190,20250302-0119-5504-3ab4-d65aee370319_15_190.jpg,0.0788494438103632
20250302-0119-5504-3ab4-d65aee370319_15_45,20250302-0119-5504-3ab4-d65aee370319_15_45.jpg,0.0654763820563542
20250302-0119-5504-3ab4-d65aee370319_15_56,20250302-0119-5504-3ab4-d65aee370319_15_56.jpg,0.088575644513987
20250302-0119-5504-3ab4-d65aee370319_15_67,20250302-0119-5504-3ab4-d65aee370319_15_67.jpg,0.1565241180562948
20250302-0119-5504-3ab4-d65aee370319_15_79,20250302-0119-5504-3ab4-d65aee370319_15_79.jpg,0.0702695409114429
20250302-0119-5504-3ab4-d65aee370319_16_11,20250302-0119-5504-3ab4-d65aee370319_16_11.jpg,0.026769807782466
20250302-0119-5504-3ab4-d65aee370319_16_153,20250302-0119-5504-3ab4-d65aee370319_16_153.jpg,0.1027460745659542
20250302-0119-5504-3ab4-d65aee370319_16_183,20250302-0119-5504-3ab4-d65aee370319_16_183.jpg,0.072832076733301
20250302-0119-5504-3ab4-d65aee370319_16_195,20250302-0119-5504-3ab4-d65aee370319_16_195.jpg,0.0579012089491442
20250302-0119-5504-3ab4-d65aee370319_17_121,20250302-0119-5504-3ab4-d65aee370319_17_121.jpg,0.104636833129448
20250302-0119-5504-3ab4-d65aee370319_17_15,20250302-0119-5504-3ab4-d65aee370319_17_15.jpg,0.0387708430003073
20250302-0119-5504-3ab4-d65aee370319_17_184,20250302-0119-5504-3ab4-d65aee370319_17_184.jpg,0.1360361690459977
20250302-0119-5504-3ab4-d65aee370319_17_38,20250302-0119-5504-3ab4-d65aee370319_17_38.jpg,0.0826496146267091
20250302-0137-149c-2df1-36ddec844180_16038f95-40c1-42ac-8d6b-c8e56393ba72_1分,20250302-0137-149c-2df1-36ddec844180_16038f95-40c1-42ac-8d6b-c8e56393ba72_1分.jpg,0.021907213946581
20250302-0137-149c-2df1-36ddec844180_1b66b51a-dca7-410b-8628-badda23c6cd7_4分,20250302-0137-149c-2df1-36ddec844180_1b66b51a-dca7-410b-8628-badda23c6cd7_4分.jpg,0.0490615996408945
20250302-0137-149c-2df1-36ddec844180_48e104eb-2f75-4b8c-a167-ee3afffaf23b_7分,20250302-0137-149c-2df1-36ddec844180_48e104eb-2f75-4b8c-a167-ee3afffaf23b_7分.jpg,0.0504863545850215
20250302-0137-149c-2df1-36ddec844180_74d6b2a8-33d5-4959-b8e3-9b59644416e1_17分,20250302-0137-149c-2df1-36ddec844180_74d6b2a8-33d5-4959-b8e3-9b59644416e1_17分.jpg,0.0934396016618515
20250302-0137-149c-2df1-36ddec844180_970a376e-10b1-4484-9ab5-db7bfc4ebc01_14分,20250302-0137-149c-2df1-36ddec844180_970a376e-10b1-4484-9ab5-db7bfc4ebc01_14分.jpg,0.049444236811871
20250302-0137-149c-2df1-36ddec844180_cee2e1fe-33b9-41b0-8324-a6340f6a6073_10分,20250302-0137-149c-2df1-36ddec844180_cee2e1fe-33b9-41b0-8324-a6340f6a6073_10分.jpg,0.0761240337669888
20250302-0137-149c-2df1-36ddec844180_da8f05f6-ba66-42b9-acf8-d398abfe76c1_7分,20250302-0137-149c-2df1-36ddec844180_da8f05f6-ba66-42b9-acf8-d398abfe76c1_7分.jpg,0.0558017484640133
20250302-0137-149c-2df1-36ddec844180_f9ad41e1-3b8c-478e-ab45-419dccde2353_4分,20250302-0137-149c-2df1-36ddec844180_f9ad41e1-3b8c-478e-ab45-419dccde2353_4分.jpg,0.0308888058358595
20250302-2343-271e-0255-bb6b16097802_%e4%ba%8c.15_150,20250302-2343-271e-0255-bb6b16097802_%e4%ba%8c.15_150.jpg,0.0270582467363302
20250302-2343-271e-0255-bb6b16097802_%e4%ba%8c.15_159,20250302-2343-271e-0255-bb6b16097802_%e4%ba%8c.15_159.jpg,0.0739237488059744
20250302-2343-271e-0255-bb6b16097802_%e4%ba%8c.15_185,20250302-2343-271e-0255-bb6b16097802_%e4%ba%8c.15_185.jpg,0.0702485020406981
20250302-2343-271e-0255-bb6b16097802_%e4%ba%8c.15_75,20250302-2343-271e-0255-bb6b16097802_%e4%ba%8c.15_75.jpg,0.0414381132949315
20250302-2343-271e-0255-bb6b16097802_%e4%ba%8c.16_07,20250302-2343-271e-0255-bb6b16097802_%e4%ba%8c.16_07.jpg,0.071871316832744
20250302-2343-271e-0255-bb6b16097802_%e4%ba%8c.16_135,20250302-2343-271e-0255-bb6b16097802_%e4%ba%8c.16_135.jpg,0.0582440444301582
20250302-2343-271e-0255-bb6b16097802_%e4%ba%8c.16_174,20250302-2343-271e-0255-bb6b16097802_%e4%ba%8c.16_174.jpg,0.0166255937712061
20250302-2343-271e-0255-bb6b16097802_%e4%ba%8c.16_94,20250302-2343-271e-0255-bb6b16097802_%e4%ba%8c.16_94.jpg,0.1316279152826886
20250302-2343-271e-0255-bb6b16097802_%e4%ba%8c.19_137,20250302-2343-271e-0255-bb6b16097802_%e4%ba%8c.19_137.jpg,0.0102171553842412
20250302-2343-271e-0255-bb6b16097802_%e4%ba%8c.19_138,20250302-2343-271e-0255-bb6b16097802_%e4%ba%8c.19_138.jpg,0.0335433022281746
20250302-2343-271e-0255-bb6b16097802_%e4%ba%8c.19_146,20250302-2343-271e-0255-bb6b16097802_%e4%ba%8c.19_146.jpg,0.0398614241589448
20250302-2343-271e-0255-bb6b16097802_%e4%ba%8c.19_152,20250302-2343-271e-0255-bb6b16097802_%e4%ba%8c.19_152.jpg,0.0597004903508676
20250302-2343-271e-0255-bb6b16097802_%e4%ba%8c.19_168,20250302-2343-271e-0255-bb6b16097802_%e4%ba%8c.19_168.jpg,0.0175733257838899
20250302-2343-271e-0255-bb6b16097802_%e4%ba%8c.19_181,20250302-2343-271e-0255-bb6b16097802_%e4%ba%8c.19_181.jpg,0.0093469731450327
20250302-2343-271e-0255-bb6b16097802_%e4%ba%8c.19_41,20250302-2343-271e-0255-bb6b16097802_%e4%ba%8c.19_41.jpg,0.0112960361792557
20250302-2343-271e-0255-bb6b16097802_%e4%ba%8c.19_82,20250302-2343-271e-0255-bb6b16097802_%e4%ba%8c.19_82.jpg,0.023790727976858
20250312-0525-572b-de86-077383136434_2313ac1b-2303-4062-b87b-39f3220a495a_10分,20250312-0525-572b-de86-077383136434_2313ac1b-2303-4062-b87b-39f3220a495a_10分.jpg,0.0619166105329722
20250312-0525-572b-de86-077383136434_5150a3c1-0012-4ffa-b897-34a523dab9e6_11分,20250312-0525-572b-de86-077383136434_5150a3c1-0012-4ffa-b897-34a523dab9e6_11分.jpg,0.0823867932309638
20250312-0525-572b-de86-077383136434_83e1ade7-8e5e-4668-93d0-45a58488669d_2分,20250312-0525-572b-de86-077383136434_83e1ade7-8e5e-4668-93d0-45a58488669d_2分.jpg,0.0236500419284329
20250312-0525-572b-de86-077383136434_ad758629-8a89-43b8-b9f3-c86a589850f6_13分,20250312-0525-572b-de86-077383136434_ad758629-8a89-43b8-b9f3-c86a589850f6_13分.jpg,0.0882705208748608
20250313-0420-3002-dba2-032627236196_20071919-5642-492e-80f4-5d19cfb669f1_12分,20250313-0420-3002-dba2-032627236196_20071919-5642-492e-80f4-5d19cfb669f1_12分.jpg,0.0698264641051951
20250313-0420-3002-dba2-032627236196_bcf49a96-a73d-47d6-9d20-92284371da29_5分,20250313-0420-3002-dba2-032627236196_bcf49a96-a73d-47d6-9d20-92284371da29_5分.jpg,0.1148707387983126
20250313-0420-3002-dba2-032627236196_e0fef02c-606a-45c9-b639-f0c749ea7238_5分,20250313-0420-3002-dba2-032627236196_e0fef02c-606a-45c9-b639-f0c749ea7238_5分.jpg,0.0261253942917949
20250313-0420-3002-dba2-032627236196_ea2d8329-0fe4-4132-9688-d6bca2e954ae_12分,20250313-0420-3002-dba2-032627236196_ea2d8329-0fe4-4132-9688-d6bca2e954ae_12分.jpg,0.0695378710143275
20250313-1400-2500-5378-ebc2bb567847_4a093d49-0b2b-49d4-bccb-727ec2ff0c88_10分,20250313-1400-2500-5378-ebc2bb567847_4a093d49-0b2b-49d4-bccb-727ec2ff0c88_10分.jpg,0.0403623405808534
20250313-1400-2500-5378-ebc2bb567847_7591be9e-1aab-49ce-b130-d4735ce20ab0_14分,20250313-1400-2500-5378-ebc2bb567847_7591be9e-1aab-49ce-b130-d4735ce20ab0_14分.jpg,0.130842030657198
20250313-1400-2500-5378-ebc2bb567847_83c98392-a810-4d30-b3dc-0bf59b7e3cd9_11分,20250313-1400-2500-5378-ebc2bb567847_83c98392-a810-4d30-b3dc-0bf59b7e3cd9_11分.jpg,0.0712606957259605
20250313-1400-2500-5378-ebc2bb567847_8658b578-a190-47e5-b439-fde3745f3dc1_5分,20250313-1400-2500-5378-ebc2bb567847_8658b578-a190-47e5-b439-fde3745f3dc1_5分.jpg,0.0481275990808236
20250313-1400-2500-5378-ebc2bb567847_95bc82ae-1336-435e-896a-20a773fedfb2_4分,20250313-1400-2500-5378-ebc2bb567847_95bc82ae-1336-435e-896a-20a773fedfb2_4分.jpg,0.0405021299485231
20250313-1400-2500-5378-ebc2bb567847_bfecf49f-65fd-489e-82d5-a4a0f9ccd279_4分,20250313-1400-2500-5378-ebc2bb567847_bfecf49f-65fd-489e-82d5-a4a0f9ccd279_4分.jpg,0.0225526846507186
20250313-1400-2500-5378-ebc2bb567847_d616e8b2-0daf-483a-b62c-98857acbe44f_17分,20250313-1400-2500-5378-ebc2bb567847_d616e8b2-0daf-483a-b62c-98857acbe44f_17分.jpg,0.0612269255576655
20250313-1400-2500-5378-ebc2bb567847_edd084c6-cfab-4d38-98c3-fd068fc489af_5分,20250313-1400-2500-5378-ebc2bb567847_edd084c6-cfab-4d38-98c3-fd068fc489af_5分.jpg,0.0247615201562371
20250317-0248-35af-e23f-767470737670_226ea838-c3ad-41f2-b783-b1820cedeb16_6分,20250317-0248-35af-e23f-767470737670_226ea838-c3ad-41f2-b783-b1820cedeb16_6分.jpg,0.0569715856671105
20250317-0248-35af-e23f-767470737670_5cd0f0c4-54ea-4410-8823-fa4dbf2e9360_11分,20250317-0248-35af-e23f-767470737670_5cd0f0c4-54ea-4410-8823-fa4dbf2e9360_11分.jpg,0.0892802943634809
20250317-0248-35af-e23f-767470737670_e56674a8-205a-46e4-955c-88bb00ecfec8_15分,20250317-0248-35af-e23f-767470737670_e56674a8-205a-46e4-955c-88bb00ecfec8_15分.jpg,0.0997259020251497
20250317-0248-35af-e23f-767470737670_e7379e74-6b80-49a6-a80f-7723e9832daa_14分,20250317-0248-35af-e23f-767470737670_e7379e74-6b80-49a6-a80f-7723e9832daa_14分.jpg,0.1382560457981761
20250318-0232-212e-1b20-51170d808187_1e08a6fe-8123-4bed-a35c-c0d4161bc70d_4分,20250318-0232-212e-1b20-51170d808187_1e08a6fe-8123-4bed-a35c-c0d4161bc70d_4分.jpg,0.0638996349821462
20250318-0232-212e-1b20-51170d808187_7116ae05-6f6d-4624-95ce-0074fb950c8e_15分,20250318-0232-212e-1b20-51170d808187_7116ae05-6f6d-4624-95ce-0074fb950c8e_15分.jpg,0.0512734809951342
20250318-0232-212e-1b20-51170d808187_a9d3e9e0-d020-430b-8cf7-145e247ca434_2分,20250318-0232-212e-1b20-51170d808187_a9d3e9e0-d020-430b-8cf7-145e247ca434_2分.jpg,0.0256825194063964
20250318-0232-212e-1b20-51170d808187_c745ab1e-5fac-4388-8018-9c73bc844b7a_8分,20250318-0232-212e-1b20-51170d808187_c745ab1e-5fac-4388-8018-9c73bc844b7a_8分.jpg,0.0574321231154808
20250319-0655-370a-74cd-51a8f4894818_0784c817-87fd-47ff-bf97-30c2d4323d6f_3分,20250319-0655-370a-74cd-51a8f4894818_0784c817-87fd-47ff-bf97-30c2d4323d6f_3分.jpg,0.0413381744482844
20250319-0655-370a-74cd-51a8f4894818_1076d1c9-d35b-49f4-bc55-6e0c5a90c2ff_5分,20250319-0655-370a-74cd-51a8f4894818_1076d1c9-d35b-49f4-bc55-6e0c5a90c2ff_5分.jpg,0.025066109467638
20250319-0655-370a-74cd-51a8f4894818_363ff2fb-218a-414d-951d-9fb75b925a13_10分,20250319-0655-370a-74cd-51a8f4894818_363ff2fb-218a-414d-951d-9fb75b925a13_10分.jpg,0.0759168730193782
20250319-0655-370a-74cd-51a8f4894818_6bde2c03-207e-48b2-9357-6fa1253f39b2_14分,20250319-0655-370a-74cd-51a8f4894818_6bde2c03-207e-48b2-9357-6fa1253f39b2_14分.jpg,0.0541217669695913
20250319-0655-370a-74cd-51a8f4894818_9e8d5572-1c94-4ef0-8fb5-2189b87f141a_17分,20250319-0655-370a-74cd-51a8f4894818_9e8d5572-1c94-4ef0-8fb5-2189b87f141a_17分.jpg,0.0679613174140016
20250319-0655-370a-74cd-51a8f4894818_a4f25bcf-5b9e-43e6-a055-a8e35a4f8c27_6分,20250319-0655-370a-74cd-51a8f4894818_a4f25bcf-5b9e-43e6-a055-a8e35a4f8c27_6分.jpg,0.0465338909807517
20250319-0655-370a-74cd-51a8f4894818_b00fa8a5-d2a7-4ea5-b4ca-0aa0e2eb4e4a_5分,20250319-0655-370a-74cd-51a8f4894818_b00fa8a5-d2a7-4ea5-b4ca-0aa0e2eb4e4a_5分.jpg,0.0433088475149678
20250319-0655-370a-74cd-51a8f4894818_be583e5a-202f-4a57-ae0d-34b45257d9f3_10分,20250319-0655-370a-74cd-51a8f4894818_be583e5a-202f-4a57-ae0d-34b45257d9f3_10分.jpg,0.0859361425700132
20250326-0220-1718-331e-183c3b616473_0504d1fd-09b2-4212-8aae-7f75be8e0c67_7分,20250326-0220-1718-331e-183c3b616473_0504d1fd-09b2-4212-8aae-7f75be8e0c67_7分.jpg,0.0282895199887387
20250326-0220-1718-331e-183c3b616473_157d9e16-35f8-4210-a073-89fe5866c0f9_7分,20250326-0220-1718-331e-183c3b616473_157d9e16-35f8-4210-a073-89fe5866c0f9_7分.jpg,0.0379706855292792
20250326-0220-1718-331e-183c3b616473_5293f372-3635-4351-969a-7ea58b46512b_3分,20250326-0220-1718-331e-183c3b616473_5293f372-3635-4351-969a-7ea58b46512b_3分.jpg,0.0177320875563063
20250326-0220-1718-331e-183c3b616473_5f6bf153-544c-4d00-b999-bb6124f256da_8分,20250326-0220-1718-331e-183c3b616473_5f6bf153-544c-4d00-b999-bb6124f256da_8分.jpg,0.0752261050112612
20250326-0220-1718-331e-183c3b616473_65551f0a-38a6-4dfc-9985-65dcc1568b1f_4分,20250326-0220-1718-331e-183c3b616473_65551f0a-38a6-4dfc-9985-65dcc1568b1f_4分.jpg,0.0488122888513513
20250326-0220-1718-331e-183c3b616473_d89793de-d4cb-44e2-9ee4-951ab8562f20_7分,20250326-0220-1718-331e-183c3b616473_d89793de-d4cb-44e2-9ee4-951ab8562f20_7分.jpg,0.0199992961711711
20250326-0220-1718-331e-183c3b616473_d94c67b9-2e91-4e22-85fb-f7b73b833c3b_7分,20250326-0220-1718-331e-183c3b616473_d94c67b9-2e91-4e22-85fb-f7b73b833c3b_7分.jpg,0.0314831432995495
20250326-0220-1718-331e-183c3b616473_e1fc5b44-666f-4b83-85d7-27f4f20d066a_3分,20250326-0220-1718-331e-183c3b616473_e1fc5b44-666f-4b83-85d7-27f4f20d066a_3分.jpg,0.0402502111486486
20250329-0006-1715-d919-a0cc14102670_31763732-7363-4eb4-a6ae-43a18ca9d4a7_3分,20250329-0006-1715-d919-a0cc14102670_31763732-7363-4eb4-a6ae-43a18ca9d4a7_3分.jpg,0.0560460768754875
20250329-0006-1715-d919-a0cc14102670_49a8ef4d-0591-4de6-97b8-ecd60fe0b2a2_13分,20250329-0006-1715-d919-a0cc14102670_49a8ef4d-0591-4de6-97b8-ecd60fe0b2a2_13分.jpg,0.0181137979575185
20250329-0006-1715-d919-a0cc14102670_608037b2-cb28-470a-9d66-b3c75e430c25_8分,20250329-0006-1715-d919-a0cc14102670_608037b2-cb28-470a-9d66-b3c75e430c25_8分.jpg,0.0276145197299405
20250329-0006-1715-d919-a0cc14102670_aa26716b-62e1-4273-ba48-ebe497176055_13分,20250329-0006-1715-d919-a0cc14102670_aa26716b-62e1-4273-ba48-ebe497176055_13分.jpg,0.0713198572594166
20250824-0231-5998-1040-afb4c7110116_15_03,20250824-0231-5998-1040-afb4c7110116_15_03.jpg,0.0350545735423119
20250824-0231-5998-1040-afb4c7110116_15_119,20250824-0231-5998-1040-afb4c7110116_15_119.jpg,0.0483719151975282
20250824-0231-5998-1040-afb4c7110116_15_137,20250824-0231-5998-1040-afb4c7110116_15_137.jpg,0.0814052104924039
20250824-0231-5998-1040-afb4c7110116_15_34,20250824-0231-5998-1040-afb4c7110116_15_34.jpg,0.0616649976323
20250824-0231-5998-1040-afb4c7110116_16_127,20250824-0231-5998-1040-afb4c7110116_16_127.jpg,0.0497408882940645
20250824-0231-5998-1040-afb4c7110116_16_25,20250824-0231-5998-1040-afb4c7110116_16_25.jpg,0.0985451227862678
20250824-0231-5998-1040-afb4c7110116_16_64,20250824-0231-5998-1040-afb4c7110116_16_64.jpg,0.0945874443649039
20250824-0231-5998-1040-afb4c7110116_16_92,20250824-0231-5998-1040-afb4c7110116_16_92.jpg,0.0573916866382396
20250824-0231-5998-1040-afb4c7110116_17_115,20250824-0231-5998-1040-afb4c7110116_17_115.jpg,0.1106054742875533
20250824-0231-5998-1040-afb4c7110116_17_183,20250824-0231-5998-1040-afb4c7110116_17_183.jpg,0.0807120251952092
20250824-0231-5998-1040-afb4c7110116_17_37,20250824-0231-5998-1040-afb4c7110116_17_37.jpg,0.0382420441222672
20250824-0231-5998-1040-afb4c7110116_17_68,20250824-0231-5998-1040-afb4c7110116_17_68.jpg,0.0735032681741902
20250824-0231-5998-1040-afb4c7110116_18_109,20250824-0231-5998-1040-afb4c7110116_18_109.jpg,0.0695976340983308
20250824-0231-5998-1040-afb4c7110116_18_123,20250824-0231-5998-1040-afb4c7110116_18_123.jpg,0.1394193405654187
20250824-0231-5998-1040-afb4c7110116_18_128,20250824-0231-5998-1040-afb4c7110116_18_128.jpg,0.0950794842364615
20250824-0231-5998-1040-afb4c7110116_18_132,20250824-0231-5998-1040-afb4c7110116_18_132.jpg,0.0277197374666018
20250825-0258-3866-a577-42ed1b311756_15_125,20250825-0258-3866-a577-42ed1b311756_15_125.jpg,0.0916047704088535
20250825-0258-3866-a577-42ed1b311756_15_136,20250825-0258-3866-a577-42ed1b311756_15_136.jpg,0.0218590185891712
20250825-0258-3866-a577-42ed1b311756_15_172,20250825-0258-3866-a577-42ed1b311756_15_172.jpg,0.042301695213356
20250825-0258-3866-a577-42ed1b311756_15_18,20250825-0258-3866-a577-42ed1b311756_15_18.jpg,0.1132041967692182
20250825-0258-3866-a577-42ed1b311756_16_101,20250825-0258-3866-a577-42ed1b311756_16_101.jpg,0.0333064009336565
20250825-0258-3866-a577-42ed1b311756_16_119,20250825-0258-3866-a577-42ed1b311756_16_119.jpg,0.0418529490977646
20250825-0258-3866-a577-42ed1b311756_16_134,20250825-0258-3866-a577-42ed1b311756_16_134.jpg,0.0570542483820156
20250825-0258-3866-a577-42ed1b311756_16_158,20250825-0258-3866-a577-42ed1b311756_16_158.jpg,0.0156101820793444
20250825-0258-3866-a577-42ed1b311756_16_182,20250825-0258-3866-a577-42ed1b311756_16_182.jpg,0.0213712672102114
20250825-0258-3866-a577-42ed1b311756_16_36,20250825-0258-3866-a577-42ed1b311756_16_36.jpg,0.0408760375094875
20250825-0258-3866-a577-42ed1b311756_16_45,20250825-0258-3866-a577-42ed1b311756_16_45.jpg,0.0181002048494642
20250825-0258-3866-a577-42ed1b311756_16_73,20250825-0258-3866-a577-42ed1b311756_16_73.jpg,0.0201780802911963
20250825-0258-3866-a577-42ed1b311756_18_03,20250825-0258-3866-a577-42ed1b311756_18_03.jpg,0.0619043175050267
20250825-0258-3866-a577-42ed1b311756_18_146,20250825-0258-3866-a577-42ed1b311756_18_146.jpg,0.1365193562344636
20250825-0258-3866-a577-42ed1b311756_18_40,20250825-0258-3866-a577-42ed1b311756_18_40.jpg,0.0369028328059116
20250825-0258-3866-a577-42ed1b311756_18_99,20250825-0258-3866-a577-42ed1b311756_18_99.jpg,0.0194936751817695
20250827-0746-4910-63db-fb026a157065_15_101,20250827-0746-4910-63db-fb026a157065_15_101.jpg,0.0403806021335901
20250827-0746-4910-63db-fb026a157065_15_117,20250827-0746-4910-63db-fb026a157065_15_117.jpg,0.0503006289858879
20250827-0746-4910-63db-fb026a157065_15_17,20250827-0746-4910-63db-fb026a157065_15_17.jpg,0.0348094800286035
20250827-0746-4910-63db-fb026a157065_15_170,20250827-0746-4910-63db-fb026a157065_15_170.jpg,0.033077397370226
20250827-0746-4910-63db-fb026a157065_15_189,20250827-0746-4910-63db-fb026a157065_15_189.jpg,0.0786004334311107
20250827-0746-4910-63db-fb026a157065_15_71,20250827-0746-4910-63db-fb026a157065_15_71.jpg,0.0503462341111743
20250827-0746-4910-63db-fb026a157065_15_79,20250827-0746-4910-63db-fb026a157065_15_79.jpg,0.0391665936984662
20250827-0746-4910-63db-fb026a157065_15_96,20250827-0746-4910-63db-fb026a157065_15_96.jpg,0.0716766633101294
20250827-0746-4910-63db-fb026a157065_16_09,20250827-0746-4910-63db-fb026a157065_16_09.jpg,0.0968294009440704
20250827-0746-4910-63db-fb026a157065_16_103,20250827-0746-4910-63db-fb026a157065_16_103.jpg,0.0404812420298813
20250827-0746-4910-63db-fb026a157065_16_116,20250827-0746-4910-63db-fb026a157065_16_116.jpg,0.0618843170339186
20250827-0746-4910-63db-fb026a157065_16_68,20250827-0746-4910-63db-fb026a157065_16_68.jpg,0.0834210394426903
20250827-0746-4910-63db-fb026a157065_17_116,20250827-0746-4910-63db-fb026a157065_17_116.jpg,0.0539951796588964
20250827-0746-4910-63db-fb026a157065_17_119,20250827-0746-4910-63db-fb026a157065_17_119.jpg,0.0948908063952311
20250827-0746-4910-63db-fb026a157065_17_68,20250827-0746-4910-63db-fb026a157065_17_68.jpg,0.0271806524018913
20250827-0746-4910-63db-fb026a157065_17_73,20250827-0746-4910-63db-fb026a157065_17_73.jpg,0.0589065920924328
20250827-0746-4910-63db-fb026a157065_19_00,20250827-0746-4910-63db-fb026a157065_19_00.jpg,0.0546641963018269
20250827-0746-4910-63db-fb026a157065_19_05,20250827-0746-4910-63db-fb026a157065_19_05.jpg,0.0296194900724517
20250827-0746-4910-63db-fb026a157065_19_117,20250827-0746-4910-63db-fb026a157065_19_117.jpg,0.0471332706524344
20250827-0746-4910-63db-fb026a157065_19_176,20250827-0746-4910-63db-fb026a157065_19_176.jpg,0.0757194476706671
20250827-0746-4910-63db-fb026a157065_19_184,20250827-0746-4910-63db-fb026a157065_19_184.jpg,0.0830014932802389
20250827-0746-4910-63db-fb026a157065_19_35,20250827-0746-4910-63db-fb026a157065_19_35.jpg,0.1085651604815367
20250827-0746-4910-63db-fb026a157065_19_66,20250827-0746-4910-63db-fb026a157065_19_66.jpg,0.0703851188171745
20250827-0746-4910-63db-fb026a157065_19_94,20250827-0746-4910-63db-fb026a157065_19_94.jpg,0.0274560772818612
20250828-0742-3331-8c0e-60f42c401241_15_11,20250828-0742-3331-8c0e-60f42c401241_15_11.jpg,0.0525439996549046
20250828-0742-3331-8c0e-60f42c401241_15_159,20250828-0742-3331-8c0e-60f42c401241_15_159.jpg,0.0667231041325166
20250828-0742-3331-8c0e-60f42c401241_15_188,20250828-0742-3331-8c0e-60f42c401241_15_188.jpg,0.0221615908894832
20250828-0742-3331-8c0e-60f42c401241_15_78,20250828-0742-3331-8c0e-60f42c401241_15_78.jpg,0.0980448192563195
20250828-0742-3331-8c0e-60f42c401241_16_112,20250828-0742-3331-8c0e-60f42c401241_16_112.jpg,0.0365392894034351
20250828-0742-3331-8c0e-60f42c401241_16_157,20250828-0742-3331-8c0e-60f42c401241_16_157.jpg,0.0721075733087786
20250828-0742-3331-8c0e-60f42c401241_16_172,20250828-0742-3331-8c0e-60f42c401241_16_172.jpg,0.0325281500796352
20250828-0742-3331-8c0e-60f42c401241_16_85,20250828-0742-3331-8c0e-60f42c401241_16_85.jpg,0.0357167654941606
20250828-0742-3331-8c0e-60f42c401241_16_93,20250828-0742-3331-8c0e-60f42c401241_16_93.jpg,0.0168029884323228
20250828-0742-3331-8c0e-60f42c401241_17_04,20250828-0742-3331-8c0e-60f42c401241_17_04.jpg,0.0150544618873975
20250828-0742-3331-8c0e-60f42c401241_17_37,20250828-0742-3331-8c0e-60f42c401241_17_37.jpg,0.1195417526845069
20250828-0742-3331-8c0e-60f42c401241_17_52,20250828-0742-3331-8c0e-60f42c401241_17_52.jpg,0.0863651272420911
20250828-0742-3331-8c0e-60f42c401241_17_76,20250828-0742-3331-8c0e-60f42c401241_17_76.jpg,0.1106012566643728
20250829-0225-35b5-4745-e35fe5638955_16_106,20250829-0225-35b5-4745-e35fe5638955_16_106.jpg,0.0828815143725169
20250829-0225-35b5-4745-e35fe5638955_16_118,20250829-0225-35b5-4745-e35fe5638955_16_118.jpg,0.0298808132741294
20250829-0225-35b5-4745-e35fe5638955_16_133,20250829-0225-35b5-4745-e35fe5638955_16_133.jpg,0.0711486328581444
20250829-0225-35b5-4745-e35fe5638955_16_162,20250829-0225-35b5-4745-e35fe5638955_16_162.jpg,0.1384166861416218
20250829-0225-35b5-4745-e35fe5638955_16_52,20250829-0225-35b5-4745-e35fe5638955_16_52.jpg,0.0514302407104463
20250829-0225-35b5-4745-e35fe5638955_16_55,20250829-0225-35b5-4745-e35fe5638955_16_55.jpg,0.1081467632624444
20250829-0225-35b5-4745-e35fe5638955_16_79,20250829-0225-35b5-4745-e35fe5638955_16_79.jpg,0.0319198410843655
20250829-0225-35b5-4745-e35fe5638955_16_97,20250829-0225-35b5-4745-e35fe5638955_16_97.jpg,0.0680392615096985
20250829-0225-35b5-4745-e35fe5638955_17_120,20250829-0225-35b5-4745-e35fe5638955_17_120.jpg,0.0415652283148043
20250829-0225-35b5-4745-e35fe5638955_17_126,20250829-0225-35b5-4745-e35fe5638955_17_126.jpg,0.023660992818709
20250829-0225-35b5-4745-e35fe5638955_17_157,20250829-0225-35b5-4745-e35fe5638955_17_157.jpg,0.0207943387140673
20250829-0225-35b5-4745-e35fe5638955_17_185,20250829-0225-35b5-4745-e35fe5638955_17_185.jpg,0.0225706090488453
20250829-0225-35b5-4745-e35fe5638955_17_20,20250829-0225-35b5-4745-e35fe5638955_17_20.jpg,0.0203437807507903
20250829-0225-35b5-4745-e35fe5638955_17_77,20250829-0225-35b5-4745-e35fe5638955_17_77.jpg,0.0386248769968385
20250829-0225-35b5-4745-e35fe5638955_17_81,20250829-0225-35b5-4745-e35fe5638955_17_81.jpg,0.0818390804597701
20250829-0225-35b5-4745-e35fe5638955_17_98,20250829-0225-35b5-4745-e35fe5638955_17_98.jpg,0.0362498168038021
20250829-0225-35b5-4745-e35fe5638955_19_10,20250829-0225-35b5-4745-e35fe5638955_19_10.jpg,0.0941933826258243
20250829-0225-35b5-4745-e35fe5638955_19_174,20250829-0225-35b5-4745-e35fe5638955_19_174.jpg,0.0406646257806556
20250829-0225-35b5-4745-e35fe5638955_19_180,20250829-0225-35b5-4745-e35fe5638955_19_180.jpg,0.0140337501868199
20250829-0225-35b5-4745-e35fe5638955_19_99,20250829-0225-35b5-4745-e35fe5638955_19_99.jpg,0.0521131230761738
20250829-0943-432b-04de-e316f5467146_15_163,20250829-0943-432b-04de-e316f5467146_15_163.jpg,0.0344661379056896
20250829-0943-432b-04de-e316f5467146_15_188,20250829-0943-432b-04de-e316f5467146_15_188.jpg,0.0195481123123419
20250829-0943-432b-04de-e316f5467146_15_191,20250829-0943-432b-04de-e316f5467146_15_191.jpg,0.0149049985464558
20250829-0943-432b-04de-e316f5467146_15_195,20250829-0943-432b-04de-e316f5467146_15_195.jpg,0.018881676018715
20250829-0943-432b-04de-e316f5467146_16_146,20250829-0943-432b-04de-e316f5467146_16_146.jpg,0.064060887612863
20250829-0943-432b-04de-e316f5467146_16_19,20250829-0943-432b-04de-e316f5467146_16_19.jpg,0.0763645920914812
20250829-0943-432b-04de-e316f5467146_16_47,20250829-0943-432b-04de-e316f5467146_16_47.jpg,0.0417633695347542
20250829-0943-432b-04de-e316f5467146_16_91,20250829-0943-432b-04de-e316f5467146_16_91.jpg,0.0246991071693795
20250829-0943-432b-04de-e316f5467146_17_03,20250829-0943-432b-04de-e316f5467146_17_03.jpg,0.0352617903154757
20250829-0943-432b-04de-e316f5467146_17_100,20250829-0943-432b-04de-e316f5467146_17_100.jpg,0.029698224587972
20250829-0943-432b-04de-e316f5467146_17_103,20250829-0943-432b-04de-e316f5467146_17_103.jpg,0.0267621677530529
20250829-0943-432b-04de-e316f5467146_17_107,20250829-0943-432b-04de-e316f5467146_17_107.jpg,0.0519363162221829
20250829-0943-432b-04de-e316f5467146_17_108,20250829-0943-432b-04de-e316f5467146_17_108.jpg,0.0159067137315477
20250829-0943-432b-04de-e316f5467146_17_12,20250829-0943-432b-04de-e316f5467146_17_12.jpg,0.0277039828558602
20250829-0943-432b-04de-e316f5467146_17_41,20250829-0943-432b-04de-e316f5467146_17_41.jpg,0.0170484058032887
20250829-0943-432b-04de-e316f5467146_17_43,20250829-0943-432b-04de-e316f5467146_17_43.jpg,0.0154358061801441
20250829-0943-432b-04de-e316f5467146_18_113,20250829-0943-432b-04de-e316f5467146_18_113.jpg,0.0480610747858216
20250829-0943-432b-04de-e316f5467146_18_115,20250829-0943-432b-04de-e316f5467146_18_115.jpg,0.0147841915560305
20250829-0943-432b-04de-e316f5467146_18_126,20250829-0943-432b-04de-e316f5467146_18_126.jpg,0.0429411064565291
20250829-0943-432b-04de-e316f5467146_18_40,20250829-0943-432b-04de-e316f5467146_18_40.jpg,0.0474847144849499
20250829-0943-432b-04de-e316f5467146_18_43,20250829-0943-432b-04de-e316f5467146_18_43.jpg,0.0662115727455967
20250829-0943-432b-04de-e316f5467146_19_14,20250829-0943-432b-04de-e316f5467146_19_14.jpg,0.0353205400465912
20250829-0943-432b-04de-e316f5467146_19_171,20250829-0943-432b-04de-e316f5467146_19_171.jpg,0.0148963280435538
20250829-0943-432b-04de-e316f5467146_19_193,20250829-0943-432b-04de-e316f5467146_19_193.jpg,0.0609199840405678
20250829-0943-432b-04de-e316f5467146_19_44,20250829-0943-432b-04de-e316f5467146_19_44.jpg,0.037637875336242
20250829-0948-50a2-07a3-7a4185010420_%e4%b8%80.15_127,20250829-0948-50a2-07a3-7a4185010420_%e4%b8%80.15_127.jpg,0.0134085879029674
20250829-0948-50a2-07a3-7a4185010420_%e4%b8%80.15_150,20250829-0948-50a2-07a3-7a4185010420_%e4%b8%80.15_150.jpg,0.0397088587320539
20250829-0948-50a2-07a3-7a4185010420_%e4%b8%80.15_30,20250829-0948-50a2-07a3-7a4185010420_%e4%b8%80.15_30.jpg,0.0258525291942106
20250829-0948-50a2-07a3-7a4185010420_%e4%b8%80.15_94,20250829-0948-50a2-07a3-7a4185010420_%e4%b8%80.15_94.jpg,0.0346963365269809
20250829-0948-50a2-07a3-7a4185010420_%e4%b8%80.16_02,20250829-0948-50a2-07a3-7a4185010420_%e4%b8%80.16_02.jpg,0.0560486955359331
20250829-0948-50a2-07a3-7a4185010420_%e4%b8%80.16_106,20250829-0948-50a2-07a3-7a4185010420_%e4%b8%80.16_106.jpg,0.0231251810208461
20250829-0948-50a2-07a3-7a4185010420_%e4%b8%80.16_136,20250829-0948-50a2-07a3-7a4185010420_%e4%b8%80.16_136.jpg,0.039262957379338
20250829-0948-50a2-07a3-7a4185010420_%e4%b8%80.16_93,20250829-0948-50a2-07a3-7a4185010420_%e4%b8%80.16_93.jpg,0.0681000423310286
20250829-0948-50a2-07a3-7a4185010420_%e4%b8%80.17_06,20250829-0948-50a2-07a3-7a4185010420_%e4%b8%80.17_06.jpg,0.0244205244084258
20250829-0948-50a2-07a3-7a4185010420_%e4%b8%80.17_104,20250829-0948-50a2-07a3-7a4185010420_%e4%b8%80.17_104.jpg,0.0167825959091898
20250829-0948-50a2-07a3-7a4185010420_%e4%b8%80.17_111,20250829-0948-50a2-07a3-7a4185010420_%e4%b8%80.17_111.jpg,0.0306643238846502
20250829-0948-50a2-07a3-7a4185010420_%e4%b8%80.17_39,20250829-0948-50a2-07a3-7a4185010420_%e4%b8%80.17_39.jpg,0.058697671301975
20250829-0948-50a2-07a3-7a4185010420_%e4%b8%80.17_41,20250829-0948-50a2-07a3-7a4185010420_%e4%b8%80.17_41.jpg,0.0373306431048314
20250829-0948-50a2-07a3-7a4185010420_%e4%b8%80.17_53,20250829-0948-50a2-07a3-7a4185010420_%e4%b8%80.17_53.jpg,0.0148784650806975
20250829-0948-50a2-07a3-7a4185010420_%e4%b8%80.17_86,20250829-0948-50a2-07a3-7a4185010420_%e4%b8%80.17_86.jpg,0.0816700883941085
20250829-0948-50a2-07a3-7a4185010420_%e4%b8%80.17_98,20250829-0948-50a2-07a3-7a4185010420_%e4%b8%80.17_98.jpg,0.0443105948221787
20250829-0948-50a2-07a3-7a4185010420_%e4%b8%80.18_02,20250829-0948-50a2-07a3-7a4185010420_%e4%b8%80.18_02.jpg,0.0253188893407771
20250829-0948-50a2-07a3-7a4185010420_%e4%b8%80.18_03,20250829-0948-50a2-07a3-7a4185010420_%e4%b8%80.18_03.jpg,0.0384294006729027
20250829-0948-50a2-07a3-7a4185010420_%e4%b8%80.18_09,20250829-0948-50a2-07a3-7a4185010420_%e4%b8%80.18_09.jpg,0.0169602913446962
20250829-0948-50a2-07a3-7a4185010420_%e4%b8%80.18_28,20250829-0948-50a2-07a3-7a4185010420_%e4%b8%80.18_28.jpg,0.0502532628387621
20250829-0948-50a2-07a3-7a4185010420_%e4%b8%80.18_33,20250829-0948-50a2-07a3-7a4185010420_%e4%b8%80.18_33.jpg,0.0252680519096387
20250829-0948-50a2-07a3-7a4185010420_%e4%b8%80.18_34,20250829-0948-50a2-07a3-7a4185010420_%e4%b8%80.18_34.jpg,0.0255102229452434
20250829-0948-50a2-07a3-7a4185010420_%e4%b8%80.18_38,20250829-0948-50a2-07a3-7a4185010420_%e4%b8%80.18_38.jpg,0.0309165526675786
20250829-0948-50a2-07a3-7a4185010420_%e4%b8%80.18_39,20250829-0948-50a2-07a3-7a4185010420_%e4%b8%80.18_39.jpg,0.0739379598476725
20250829-0948-50a2-07a3-7a4185010420_%e4%b8%80.19_108,20250829-0948-50a2-07a3-7a4185010420_%e4%b8%80.19_108.jpg,0.0542861716161294
20250829-0948-50a2-07a3-7a4185010420_%e4%b8%80.19_109,20250829-0948-50a2-07a3-7a4185010420_%e4%b8%80.19_109.jpg,0.0723128749813716
20250829-0948-50a2-07a3-7a4185010420_%e4%b8%80.19_23,20250829-0948-50a2-07a3-7a4185010420_%e4%b8%80.19_23.jpg,0.017630218921967
20250829-0948-50a2-07a3-7a4185010420_%e4%b8%80.19_73,20250829-0948-50a2-07a3-7a4185010420_%e4%b8%80.19_73.jpg,0.0569695709688755
20250901-2343-4757-927b-89dd1c171615_16_109,20250901-2343-4757-927b-89dd1c171615_16_109.jpg,0.0273110215085364
20250901-2343-4757-927b-89dd1c171615_16_36,20250901-2343-4757-927b-89dd1c171615_16_36.jpg,0.0788147381867625
20250901-2343-4757-927b-89dd1c171615_16_84,20250901-2343-4757-927b-89dd1c171615_16_84.jpg,0.0911681380558853
20250901-2343-4757-927b-89dd1c171615_16_88,20250901-2343-4757-927b-89dd1c171615_16_88.jpg,0.1104376550248627
20250901-2343-4757-927b-89dd1c171615_17_17,20250901-2343-4757-927b-89dd1c171615_17_17.jpg,0.0662388226640811
20250901-2343-4757-927b-89dd1c171615_17_58,20250901-2343-4757-927b-89dd1c171615_17_58.jpg,0.0274968035808
20250901-2343-4757-927b-89dd1c171615_17_68,20250901-2343-4757-927b-89dd1c171615_17_68.jpg,0.0498555279309289
20250901-2343-4757-927b-89dd1c171615_17_94,20250901-2343-4757-927b-89dd1c171615_17_94.jpg,0.0080695654288267
20250901-2343-4757-927b-89dd1c171615_19_12,20250901-2343-4757-927b-89dd1c171615_19_12.jpg,0.0296872131698407
20250901-2343-4757-927b-89dd1c171615_19_123,20250901-2343-4757-927b-89dd1c171615_19_123.jpg,0.0467012651900066
20250901-2343-4757-927b-89dd1c171615_19_16,20250901-2343-4757-927b-89dd1c171615_19_16.jpg,0.0629665122386053
20250901-2343-4757-927b-89dd1c171615_19_25,20250901-2343-4757-927b-89dd1c171615_19_25.jpg,0.0060065152255282
20250901-2343-4757-927b-89dd1c171615_19_26,20250901-2343-4757-927b-89dd1c171615_19_26.jpg,0.0421897670926143
20250901-2343-4757-927b-89dd1c171615_19_59,20250901-2343-4757-927b-89dd1c171615_19_59.jpg,0.0222204245371565
20250901-2343-4757-927b-89dd1c171615_19_73,20250901-2343-4757-927b-89dd1c171615_19_73.jpg,0.030072505478618
20250901-2343-4757-927b-89dd1c171615_19_90,20250901-2343-4757-927b-89dd1c171615_19_90.jpg,0.0068616256120339
20250903-1336-5488-d68d-1fe9c9911732_15_124,20250903-1336-5488-d68d-1fe9c9911732_15_124.jpg,0.0396273339206525
20250903-1336-5488-d68d-1fe9c9911732_15_58,20250903-1336-5488-d68d-1fe9c9911732_15_58.jpg,0.0605118217322325
20250903-1336-5488-d68d-1fe9c9911732_15_88,20250903-1336-5488-d68d-1fe9c9911732_15_88.jpg,0.0687024176322002
20250903-1336-5488-d68d-1fe9c9911732_15_92,20250903-1336-5488-d68d-1fe9c9911732_15_92.jpg,0.0238374840212363
20250903-1336-5488-d68d-1fe9c9911732_16_132,20250903-1336-5488-d68d-1fe9c9911732_16_132.jpg,0.1166501662494863
20250903-1336-5488-d68d-1fe9c9911732_16_186,20250903-1336-5488-d68d-1fe9c9911732_16_186.jpg,0.0871399484439795
20250903-1336-5488-d68d-1fe9c9911732_16_196,20250903-1336-5488-d68d-1fe9c9911732_16_196.jpg,0.0853093361228378
20250903-1336-5488-d68d-1fe9c9911732_16_30,20250903-1336-5488-d68d-1fe9c9911732_16_30.jpg,0.0311017297418463
20250903-1336-5488-d68d-1fe9c9911732_17_109,20250903-1336-5488-d68d-1fe9c9911732_17_109.jpg,0.0517133903980605
20250903-1336-5488-d68d-1fe9c9911732_17_15,20250903-1336-5488-d68d-1fe9c9911732_17_15.jpg,0.0381303778552223
20250903-1336-5488-d68d-1fe9c9911732_17_20,20250903-1336-5488-d68d-1fe9c9911732_17_20.jpg,0.0985745033004271
20250903-1336-5488-d68d-1fe9c9911732_17_47,20250903-1336-5488-d68d-1fe9c9911732_17_47.jpg,0.0511900322706359
20250903-1336-5488-d68d-1fe9c9911732_17_60,20250903-1336-5488-d68d-1fe9c9911732_17_60.jpg,0.0238744762914095
20250903-1336-5488-d68d-1fe9c9911732_18_112,20250903-1336-5488-d68d-1fe9c9911732_18_112.jpg,0.0771118003744376
20250903-1336-5488-d68d-1fe9c9911732_18_137,20250903-1336-5488-d68d-1fe9c9911732_18_137.jpg,0.0202298786337683
20250903-1336-5488-d68d-1fe9c9911732_18_183,20250903-1336-5488-d68d-1fe9c9911732_18_183.jpg,0.0550628254207766
20250903-1336-5488-d68d-1fe9c9911732_18_29,20250903-1336-5488-d68d-1fe9c9911732_18_29.jpg,0.0416622423412598
20250903-1336-5488-d68d-1fe9c9911732_19_107,20250903-1336-5488-d68d-1fe9c9911732_19_107.jpg,0.0610750627713334
20250903-1336-5488-d68d-1fe9c9911732_19_126,20250903-1336-5488-d68d-1fe9c9911732_19_126.jpg,0.0710103621630992
20250903-1336-5488-d68d-1fe9c9911732_19_129,20250903-1336-5488-d68d-1fe9c9911732_19_129.jpg,0.02270952204313
20250903-1336-5488-d68d-1fe9c9911732_19_169,20250903-1336-5488-d68d-1fe9c9911732_19_169.jpg,0.0457545701445185
20250904-0316-3901-ffa0-f534d0588492_%e4%b8%89.16_131,20250904-0316-3901-ffa0-f534d0588492_%e4%b8%89.16_131.jpg,0.1049561410133129
20250904-0316-3901-ffa0-f534d0588492_%e4%b8%89.16_175,20250904-0316-3901-ffa0-f534d0588492_%e4%b8%89.16_175.jpg,0.0458291588841508
20250904-0316-3901-ffa0-f534d0588492_%e4%b8%89.16_179,20250904-0316-3901-ffa0-f534d0588492_%e4%b8%89.16_179.jpg,0.0341339884911065
20250904-0316-3901-ffa0-f534d0588492_%e4%b8%89.16_60,20250904-0316-3901-ffa0-f534d0588492_%e4%b8%89.16_60.jpg,0.0965686447262652
20250904-0316-3901-ffa0-f534d0588492_%e4%b8%89.16_79,20250904-0316-3901-ffa0-f534d0588492_%e4%b8%89.16_79.jpg,0.1885055388018198
20250904-0316-3901-ffa0-f534d0588492_%e4%b8%89.17_188,20250904-0316-3901-ffa0-f534d0588492_%e4%b8%89.17_188.jpg,0.1542947940776663
20250904-0316-3901-ffa0-f534d0588492_%e4%b8%89.17_24,20250904-0316-3901-ffa0-f534d0588492_%e4%b8%89.17_24.jpg,0.1976140616061259
20250904-0316-3901-ffa0-f534d0588492_%e4%b8%89.17_79,20250904-0316-3901-ffa0-f534d0588492_%e4%b8%89.17_79.jpg,0.105275726514567
20250904-0316-3901-ffa0-f534d0588492_%e4%b8%89.17_96,20250904-0316-3901-ffa0-f534d0588492_%e4%b8%89.17_96.jpg,0.0344389160932751
20250904-0321-09d8-4883-11af53938495_16_00,20250904-0321-09d8-4883-11af53938495_16_00.jpg,0.1060465131044291
20250904-0321-09d8-4883-11af53938495_16_01,20250904-0321-09d8-4883-11af53938495_16_01.jpg,0.0236755891913856
20250904-0321-09d8-4883-11af53938495_16_106,20250904-0321-09d8-4883-11af53938495_16_106.jpg,0.1590023110524177
20250904-0321-09d8-4883-11af53938495_16_81,20250904-0321-09d8-4883-11af53938495_16_81.jpg,0.0745362022551808
20250904-0321-09d8-4883-11af53938495_17_00,20250904-0321-09d8-4883-11af53938495_17_00.jpg,0.1139756894119465
20250904-0321-09d8-4883-11af53938495_17_117,20250904-0321-09d8-4883-11af53938495_17_117.jpg,0.0486163449088836
20250904-0321-09d8-4883-11af53938495_17_172,20250904-0321-09d8-4883-11af53938495_17_172.jpg,0.0999169033953659
20250904-0321-09d8-4883-11af53938495_17_191,20250904-0321-09d8-4883-11af53938495_17_191.jpg,0.0312723442904902
20250906-0057-2468-ab37-0e47ba776166_%e4%ba%8c.15_01,20250906-0057-2468-ab37-0e47ba776166_%e4%ba%8c.15_01.jpg,0.0545677853079665
20250906-0057-2468-ab37-0e47ba776166_%e4%ba%8c.15_110,20250906-0057-2468-ab37-0e47ba776166_%e4%ba%8c.15_110.jpg,0.0519571686490115
20250906-0057-2468-ab37-0e47ba776166_%e4%ba%8c.15_115,20250906-0057-2468-ab37-0e47ba776166_%e4%ba%8c.15_115.jpg,0.0547639784799905
20250906-0057-2468-ab37-0e47ba776166_%e4%ba%8c.15_147,20250906-0057-2468-ab37-0e47ba776166_%e4%ba%8c.15_147.jpg,0.0702224127450713
20250906-0057-2468-ab37-0e47ba776166_%e4%ba%8c.15_149,20250906-0057-2468-ab37-0e47ba776166_%e4%ba%8c.15_149.jpg,0.080216923872513
20250906-0057-2468-ab37-0e47ba776166_%e4%ba%8c.15_18,20250906-0057-2468-ab37-0e47ba776166_%e4%ba%8c.15_18.jpg,0.0564866225742358
20250906-0057-2468-ab37-0e47ba776166_%e4%ba%8c.15_29,20250906-0057-2468-ab37-0e47ba776166_%e4%ba%8c.15_29.jpg,0.0721752719486858
20250906-0057-2468-ab37-0e47ba776166_%e4%ba%8c.15_34,20250906-0057-2468-ab37-0e47ba776166_%e4%ba%8c.15_34.jpg,0.0922720303384956
20250906-0057-2468-ab37-0e47ba776166_%e4%ba%8c.16_116,20250906-0057-2468-ab37-0e47ba776166_%e4%ba%8c.16_116.jpg,0.082525964878906
20250906-0057-2468-ab37-0e47ba776166_%e4%ba%8c.16_196,20250906-0057-2468-ab37-0e47ba776166_%e4%ba%8c.16_196.jpg,0.0764565470447823
20250906-0057-2468-ab37-0e47ba776166_%e4%ba%8c.16_29,20250906-0057-2468-ab37-0e47ba776166_%e4%ba%8c.16_29.jpg,0.0465001200295317
20250906-0057-2468-ab37-0e47ba776166_%e4%ba%8c.16_31,20250906-0057-2468-ab37-0e47ba776166_%e4%ba%8c.16_31.jpg,0.0693963193963193
20250906-0057-2468-ab37-0e47ba776166_%e4%ba%8c.17_118,20250906-0057-2468-ab37-0e47ba776166_%e4%ba%8c.17_118.jpg,0.1176511603583921
20250906-0057-2468-ab37-0e47ba776166_%e4%ba%8c.17_141,20250906-0057-2468-ab37-0e47ba776166_%e4%ba%8c.17_141.jpg,0.0750427072317579
20250906-0057-2468-ab37-0e47ba776166_%e4%ba%8c.17_196,20250906-0057-2468-ab37-0e47ba776166_%e4%ba%8c.17_196.jpg,0.070238579447072
20250906-0057-2468-ab37-0e47ba776166_%e4%ba%8c.17_25,20250906-0057-2468-ab37-0e47ba776166_%e4%ba%8c.17_25.jpg,0.0448536333104786
20250906-0057-2468-ab37-0e47ba776166_%e4%ba%8c.18_09,20250906-0057-2468-ab37-0e47ba776166_%e4%ba%8c.18_09.jpg,0.0933128976286871
20250906-0057-2468-ab37-0e47ba776166_%e4%ba%8c.18_126,20250906-0057-2468-ab37-0e47ba776166_%e4%ba%8c.18_126.jpg,0.1204210526315789
20250906-0057-2468-ab37-0e47ba776166_%e4%ba%8c.18_47,20250906-0057-2468-ab37-0e47ba776166_%e4%ba%8c.18_47.jpg,0.1376483516483516
20250906-0057-2468-ab37-0e47ba776166_%e4%ba%8c.18_80,20250906-0057-2468-ab37-0e47ba776166_%e4%ba%8c.18_80.jpg,0.0417998843262001
20250906-0057-2468-ab37-0e47ba776166_%e4%ba%8c.19_00,20250906-0057-2468-ab37-0e47ba776166_%e4%ba%8c.19_00.jpg,0.1219144013880856
20250906-0057-2468-ab37-0e47ba776166_%e4%ba%8c.19_09,20250906-0057-2468-ab37-0e47ba776166_%e4%ba%8c.19_09.jpg,0.0784522845575477
20250906-0057-2468-ab37-0e47ba776166_%e4%ba%8c.19_104,20250906-0057-2468-ab37-0e47ba776166_%e4%ba%8c.19_104.jpg,0.0302521688837478
20250906-0057-2468-ab37-0e47ba776166_%e4%ba%8c.19_107,20250906-0057-2468-ab37-0e47ba776166_%e4%ba%8c.19_107.jpg,0.0651174089068825
20250906-0057-2468-ab37-0e47ba776166_%e4%ba%8c.19_112,20250906-0057-2468-ab37-0e47ba776166_%e4%ba%8c.19_112.jpg,0.0445320994794679
20250906-0057-2468-ab37-0e47ba776166_%e4%ba%8c.19_142,20250906-0057-2468-ab37-0e47ba776166_%e4%ba%8c.19_142.jpg,0.0519224985540775
20250906-0057-2468-ab37-0e47ba776166_%e4%ba%8c.19_31,20250906-0057-2468-ab37-0e47ba776166_%e4%ba%8c.19_31.jpg,0.0609346443030653
20250906-0057-2468-ab37-0e47ba776166_%e4%ba%8c.19_72,20250906-0057-2468-ab37-0e47ba776166_%e4%ba%8c.19_72.jpg,0.0329091960670908
20250912-0723-5526-e880-1638d5001195_%e4%ba%8c.15_135,20250912-0723-5526-e880-1638d5001195_%e4%ba%8c.15_135.jpg,0.0405797297846679
20250912-0723-5526-e880-1638d5001195_%e4%ba%8c.15_155,20250912-0723-5526-e880-1638d5001195_%e4%ba%8c.15_155.jpg,0.0870441640806038
20250912-0723-5526-e880-1638d5001195_%e4%ba%8c.15_24,20250912-0723-5526-e880-1638d5001195_%e4%ba%8c.15_24.jpg,0.0948351017937564
20250912-0723-5526-e880-1638d5001195_%e4%ba%8c.15_58,20250912-0723-5526-e880-1638d5001195_%e4%ba%8c.15_58.jpg,0.0731516991223196
20250912-0723-5526-e880-1638d5001195_%e4%ba%8c.16_121,20250912-0723-5526-e880-1638d5001195_%e4%ba%8c.16_121.jpg,0.1194759178354835
20250912-0723-5526-e880-1638d5001195_%e4%ba%8c.16_164,20250912-0723-5526-e880-1638d5001195_%e4%ba%8c.16_164.jpg,0.1071681980659297
20250912-0723-5526-e880-1638d5001195_%e4%ba%8c.16_168,20250912-0723-5526-e880-1638d5001195_%e4%ba%8c.16_168.jpg,0.0784862575696046
20250912-0723-5526-e880-1638d5001195_%e4%ba%8c.16_177,20250912-0723-5526-e880-1638d5001195_%e4%ba%8c.16_177.jpg,0.0730341340640019
20250912-0723-5526-e880-1638d5001195_%e4%ba%8c.17_114,20250912-0723-5526-e880-1638d5001195_%e4%ba%8c.17_114.jpg,0.0727131180353203
20250912-0723-5526-e880-1638d5001195_%e4%ba%8c.17_141,20250912-0723-5526-e880-1638d5001195_%e4%ba%8c.17_141.jpg,0.0411561950156865
20250912-0723-5526-e880-1638d5001195_%e4%ba%8c.17_163,20250912-0723-5526-e880-1638d5001195_%e4%ba%8c.17_163.jpg,0.0747286276846309
20250912-0723-5526-e880-1638d5001195_%e4%ba%8c.17_80,20250912-0723-5526-e880-1638d5001195_%e4%ba%8c.17_80.jpg,0.1520534459163819
20250912-0723-5526-e880-1638d5001195_%e4%ba%8c.19_00,20250912-0723-5526-e880-1638d5001195_%e4%ba%8c.19_00.jpg,0.0924862845803665
20250912-0723-5526-e880-1638d5001195_%e4%ba%8c.19_03,20250912-0723-5526-e880-1638d5001195_%e4%ba%8c.19_03.jpg,0.0705381113575347
20250912-0723-5526-e880-1638d5001195_%e4%ba%8c.19_07,20250912-0723-5526-e880-1638d5001195_%e4%ba%8c.19_07.jpg,0.034455468658807
20250912-0723-5526-e880-1638d5001195_%e4%ba%8c.19_127,20250912-0723-5526-e880-1638d5001195_%e4%ba%8c.19_127.jpg,0.0784125131317847
20250912-0723-5526-e880-1638d5001195_%e4%ba%8c.19_146,20250912-0723-5526-e880-1638d5001195_%e4%ba%8c.19_146.jpg,0.1257651453250846
20250912-0723-5526-e880-1638d5001195_%e4%ba%8c.19_176,20250912-0723-5526-e880-1638d5001195_%e4%ba%8c.19_176.jpg,0.0368285280728376
20250912-0723-5526-e880-1638d5001195_%e4%ba%8c.19_198,20250912-0723-5526-e880-1638d5001195_%e4%ba%8c.19_198.jpg,0.0422960196101319
20250912-0723-5526-e880-1638d5001195_%e4%ba%8c.19_71,20250912-0723-5526-e880-1638d5001195_%e4%ba%8c.19_71.jpg,0.0726987276759659
20250913-0821-097b-0e63-d8dfb5016574_%e4%b8%80.16_06,20250913-0821-097b-0e63-d8dfb5016574_%e4%b8%80.16_06.jpg,0.0398488631251114
20250913-0821-097b-0e63-d8dfb5016574_%e4%b8%80.16_110,20250913-0821-097b-0e63-d8dfb5016574_%e4%b8%80.16_110.jpg,0.0485215014463829
20250913-0821-097b-0e63-d8dfb5016574_%e4%b8%80.16_132,20250913-0821-097b-0e63-d8dfb5016574_%e4%b8%80.16_132.jpg,0.082108521633493
20250913-0821-097b-0e63-d8dfb5016574_%e4%b8%80.16_133,20250913-0821-097b-0e63-d8dfb5016574_%e4%b8%80.16_133.jpg,0.0421200662874411
20250913-0821-097b-0e63-d8dfb5016574_%e4%b8%80.16_160,20250913-0821-097b-0e63-d8dfb5016574_%e4%b8%80.16_160.jpg,0.0310366325828993
20250913-0821-097b-0e63-d8dfb5016574_%e4%b8%80.16_48,20250913-0821-097b-0e63-d8dfb5016574_%e4%b8%80.16_48.jpg,0.0478414609646388
20250913-0821-097b-0e63-d8dfb5016574_%e4%b8%80.16_75,20250913-0821-097b-0e63-d8dfb5016574_%e4%b8%80.16_75.jpg,0.0654932745788417
20250913-0821-097b-0e63-d8dfb5016574_%e4%b8%80.16_85,20250913-0821-097b-0e63-d8dfb5016574_%e4%b8%80.16_85.jpg,0.0449788772446759
20250913-0821-097b-0e63-d8dfb5016574_%e4%b8%80.17_100,20250913-0821-097b-0e63-d8dfb5016574_%e4%b8%80.17_100.jpg,0.0451723163841807
20250913-0821-097b-0e63-d8dfb5016574_%e4%b8%80.17_132,20250913-0821-097b-0e63-d8dfb5016574_%e4%b8%80.17_132.jpg,0.0721845574387947
20250913-0821-097b-0e63-d8dfb5016574_%e4%b8%80.17_54,20250913-0821-097b-0e63-d8dfb5016574_%e4%b8%80.17_54.jpg,0.0154453860640301
20250913-0821-097b-0e63-d8dfb5016574_%e4%b8%80.17_73,20250913-0821-097b-0e63-d8dfb5016574_%e4%b8%80.17_73.jpg,0.0572203389830508
20250915-1217-09f4-78c5-af7146901132_%e4%ba%8c.15_107,20250915-1217-09f4-78c5-af7146901132_%e4%ba%8c.15_107.jpg,0.0264186189382547
20250915-1217-09f4-78c5-af7146901132_%e4%ba%8c.15_134,20250915-1217-09f4-78c5-af7146901132_%e4%ba%8c.15_134.jpg,0.0334728705982362
20250915-1217-09f4-78c5-af7146901132_%e4%ba%8c.15_194,20250915-1217-09f4-78c5-af7146901132_%e4%ba%8c.15_194.jpg,0.0508254367385426
20250915-1217-09f4-78c5-af7146901132_%e4%ba%8c.15_22,20250915-1217-09f4-78c5-af7146901132_%e4%ba%8c.15_22.jpg,0.0307699313862408
20250915-1217-09f4-78c5-af7146901132_%e4%ba%8c.15_34,20250915-1217-09f4-78c5-af7146901132_%e4%ba%8c.15_34.jpg,0.0602950998846317
20250915-1217-09f4-78c5-af7146901132_%e4%ba%8c.15_47,20250915-1217-09f4-78c5-af7146901132_%e4%ba%8c.15_47.jpg,0.0702290935197322
20250915-1217-09f4-78c5-af7146901132_%e4%ba%8c.15_50,20250915-1217-09f4-78c5-af7146901132_%e4%ba%8c.15_50.jpg,0.0514665699906776
20250915-1217-09f4-78c5-af7146901132_%e4%ba%8c.15_70,20250915-1217-09f4-78c5-af7146901132_%e4%ba%8c.15_70.jpg,0.0475179749475842
20250916-0658-4889-b9ca-51548b850223_15_178,20250916-0658-4889-b9ca-51548b850223_15_178.jpg,0.1819403427157654
20250916-0658-4889-b9ca-51548b850223_15_33,20250916-0658-4889-b9ca-51548b850223_15_33.jpg,0.080328907822178
20250916-0658-4889-b9ca-51548b850223_15_70,20250916-0658-4889-b9ca-51548b850223_15_70.jpg,0.0243468450809746
20250916-0658-4889-b9ca-51548b850223_15_79,20250916-0658-4889-b9ca-51548b850223_15_79.jpg,0.062279486710399
20250916-0658-4889-b9ca-51548b850223_16_03,20250916-0658-4889-b9ca-51548b850223_16_03.jpg,0.0410636507885797
20250916-0658-4889-b9ca-51548b850223_16_05,20250916-0658-4889-b9ca-51548b850223_16_05.jpg,0.0611535307711148
20250916-0658-4889-b9ca-51548b850223_16_119,20250916-0658-4889-b9ca-51548b850223_16_119.jpg,0.0603633536734715
20250916-0658-4889-b9ca-51548b850223_16_84,20250916-0658-4889-b9ca-51548b850223_16_84.jpg,0.0935465320596786
20250916-0658-4889-b9ca-51548b850223_17_153,20250916-0658-4889-b9ca-51548b850223_17_153.jpg,0.1035581363627506
20250916-0658-4889-b9ca-51548b850223_17_164,20250916-0658-4889-b9ca-51548b850223_17_164.jpg,0.0553531180784244
20250916-0658-4889-b9ca-51548b850223_17_32,20250916-0658-4889-b9ca-51548b850223_17_32.jpg,0.0929133892363885
20250916-0658-4889-b9ca-51548b850223_17_57,20250916-0658-4889-b9ca-51548b850223_17_57.jpg,0.081096236828032
20250916-0658-4889-b9ca-51548b850223_18_112,20250916-0658-4889-b9ca-51548b850223_18_112.jpg,0.0767851288223683
20250916-0658-4889-b9ca-51548b850223_18_140,20250916-0658-4889-b9ca-51548b850223_18_140.jpg,0.0471963614199615
20250916-0658-4889-b9ca-51548b850223_18_172,20250916-0658-4889-b9ca-51548b850223_18_172.jpg,0.1045959737096309
20250916-0658-4889-b9ca-51548b850223_18_84,20250916-0658-4889-b9ca-51548b850223_18_84.jpg,0.065966866389563
20250917-0224-5414-c8b8-e7e46c157027_15_02,20250917-0224-5414-c8b8-e7e46c157027_15_02.jpg,0.0530153393368108
20250917-0224-5414-c8b8-e7e46c157027_15_17,20250917-0224-5414-c8b8-e7e46c157027_15_17.jpg,0.0573338831234615
20250917-0224-5414-c8b8-e7e46c157027_15_28,20250917-0224-5414-c8b8-e7e46c157027_15_28.jpg,0.054219687292447
20250917-0224-5414-c8b8-e7e46c157027_15_30,20250917-0224-5414-c8b8-e7e46c157027_15_30.jpg,0.0456989014770323
20250917-0224-5414-c8b8-e7e46c157027_15_47,20250917-0224-5414-c8b8-e7e46c157027_15_47.jpg,0.0457200472511935
20250917-0224-5414-c8b8-e7e46c157027_15_59,20250917-0224-5414-c8b8-e7e46c157027_15_59.jpg,0.0403836227901464
20250917-0224-5414-c8b8-e7e46c157027_15_65,20250917-0224-5414-c8b8-e7e46c157027_15_65.jpg,0.0721513037811527
20250917-0224-5414-c8b8-e7e46c157027_15_73,20250917-0224-5414-c8b8-e7e46c157027_15_73.jpg,0.0581210826251901
20250917-0224-5414-c8b8-e7e46c157027_16_04,20250917-0224-5414-c8b8-e7e46c157027_16_04.jpg,0.0419181883279627
20250917-0224-5414-c8b8-e7e46c157027_16_11,20250917-0224-5414-c8b8-e7e46c157027_16_11.jpg,0.0441756176154672
20250917-0224-5414-c8b8-e7e46c157027_16_35,20250917-0224-5414-c8b8-e7e46c157027_16_35.jpg,0.0501611170784103
20250917-0224-5414-c8b8-e7e46c157027_16_51,20250917-0224-5414-c8b8-e7e46c157027_16_51.jpg,0.0480522735409953
20250917-0224-5414-c8b8-e7e46c157027_16_57,20250917-0224-5414-c8b8-e7e46c157027_16_57.jpg,0.0493796992481203
20250917-0224-5414-c8b8-e7e46c157027_16_65,20250917-0224-5414-c8b8-e7e46c157027_16_65.jpg,0.0787298603651987
20250917-0224-5414-c8b8-e7e46c157027_16_68,20250917-0224-5414-c8b8-e7e46c157027_16_68.jpg,0.0639903329752953
20250917-0224-5414-c8b8-e7e46c157027_16_71,20250917-0224-5414-c8b8-e7e46c157027_16_71.jpg,0.0606954887218045
20250917-0224-5414-c8b8-e7e46c157027_17_01,20250917-0224-5414-c8b8-e7e46c157027_17_01.jpg,0.0412817028985507
20250917-0224-5414-c8b8-e7e46c157027_17_10,20250917-0224-5414-c8b8-e7e46c157027_17_10.jpg,0.0286702201783723
20250917-0224-5414-c8b8-e7e46c157027_17_63,20250917-0224-5414-c8b8-e7e46c157027_17_63.jpg,0.0421875
20250917-0224-5414-c8b8-e7e46c157027_17_71,20250917-0224-5414-c8b8-e7e46c157027_17_71.jpg,0.0590179069119286
20250917-0224-5414-c8b8-e7e46c157027_18_01,20250917-0224-5414-c8b8-e7e46c157027_18_01.jpg,0.0637448589894242
20250917-0224-5414-c8b8-e7e46c157027_18_06,20250917-0224-5414-c8b8-e7e46c157027_18_06.jpg,0.0663998237367802
20250917-0224-5414-c8b8-e7e46c157027_18_07,20250917-0224-5414-c8b8-e7e46c157027_18_07.jpg,0.0558708504700352
20250917-0224-5414-c8b8-e7e46c157027_18_12,20250917-0224-5414-c8b8-e7e46c157027_18_12.jpg,0.0796269095182138
20250917-0224-5414-c8b8-e7e46c157027_18_13,20250917-0224-5414-c8b8-e7e46c157027_18_13.jpg,0.0591124412455934
20250917-0224-5414-c8b8-e7e46c157027_18_52,20250917-0224-5414-c8b8-e7e46c157027_18_52.jpg,0.0610513366627497
20250917-0224-5414-c8b8-e7e46c157027_18_56,20250917-0224-5414-c8b8-e7e46c157027_18_56.jpg,0.0437545901880141
20250917-0224-5414-c8b8-e7e46c157027_18_59,20250917-0224-5414-c8b8-e7e46c157027_18_59.jpg,0.0342345402467685
20250917-0850-557e-a7b5-76c773514305_16_18,20250917-0850-557e-a7b5-76c773514305_16_18.jpg,0.0781351802932858
20250917-0850-557e-a7b5-76c773514305_16_197,20250917-0850-557e-a7b5-76c773514305_16_197.jpg,0.0429352848381887
20250917-0850-557e-a7b5-76c773514305_16_54,20250917-0850-557e-a7b5-76c773514305_16_54.jpg,0.0205122700245493
20250917-0850-557e-a7b5-76c773514305_16_72,20250917-0850-557e-a7b5-76c773514305_16_72.jpg,0.0564831841390447
20250917-0850-557e-a7b5-76c773514305_17_186,20250917-0850-557e-a7b5-76c773514305_17_186.jpg,0.0202737371405115
20250917-0850-557e-a7b5-76c773514305_17_192,20250917-0850-557e-a7b5-76c773514305_17_192.jpg,0.0832068916229618
20250917-0850-557e-a7b5-76c773514305_17_196,20250917-0850-557e-a7b5-76c773514305_17_196.jpg,0.0571095058511359
20250917-0850-557e-a7b5-76c773514305_17_58,20250917-0850-557e-a7b5-76c773514305_17_58.jpg,0.0459661429414373
20250917-0850-557e-a7b5-76c773514305_18_114,20250917-0850-557e-a7b5-76c773514305_18_114.jpg,0.0908959080852962
20250917-0850-557e-a7b5-76c773514305_18_149,20250917-0850-557e-a7b5-76c773514305_18_149.jpg,0.0714309617207979
20250917-0850-557e-a7b5-76c773514305_18_199,20250917-0850-557e-a7b5-76c773514305_18_199.jpg,0.0587248322147651
20250917-0850-557e-a7b5-76c773514305_18_61,20250917-0850-557e-a7b5-76c773514305_18_61.jpg,0.0205934298834334
20250917-1206-23a2-8f6e-972b5b337375_16_136,20250917-1206-23a2-8f6e-972b5b337375_16_136.jpg,0.052259405940594
20250917-1206-23a2-8f6e-972b5b337375_16_142,20250917-1206-23a2-8f6e-972b5b337375_16_142.jpg,0.067849504950495
20250917-1206-23a2-8f6e-972b5b337375_16_169,20250917-1206-23a2-8f6e-972b5b337375_16_169.jpg,0.1272633663366336
20250917-1206-23a2-8f6e-972b5b337375_16_28,20250917-1206-23a2-8f6e-972b5b337375_16_28.jpg,0.0810574257425742
20250918-0139-1634-a8b1-30a529526108_15_108,20250918-0139-1634-a8b1-30a529526108_15_108.jpg,0.0133634142915386
20250918-0139-1634-a8b1-30a529526108_15_198,20250918-0139-1634-a8b1-30a529526108_15_198.jpg,0.0701557837323
20250918-0139-1634-a8b1-30a529526108_15_22,20250918-0139-1634-a8b1-30a529526108_15_22.jpg,0.0333245968363602
20250918-0139-1634-a8b1-30a529526108_15_64,20250918-0139-1634-a8b1-30a529526108_15_64.jpg,0.0624933619753391
20250918-0139-1634-a8b1-30a529526108_16_105,20250918-0139-1634-a8b1-30a529526108_16_105.jpg,0.060630898394411
20250918-0139-1634-a8b1-30a529526108_16_121,20250918-0139-1634-a8b1-30a529526108_16_121.jpg,0.0355154839236834
20250918-0139-1634-a8b1-30a529526108_16_129,20250918-0139-1634-a8b1-30a529526108_16_129.jpg,0.0345196511010336
20250918-0139-1634-a8b1-30a529526108_16_138,20250918-0139-1634-a8b1-30a529526108_16_138.jpg,0.0498018548024676
20250918-0139-1634-a8b1-30a529526108_16_144,20250918-0139-1634-a8b1-30a529526108_16_144.jpg,0.0185565360678732
20250918-0139-1634-a8b1-30a529526108_16_158,20250918-0139-1634-a8b1-30a529526108_16_158.jpg,0.0157528836594898
20250918-0139-1634-a8b1-30a529526108_16_35,20250918-0139-1634-a8b1-30a529526108_16_35.jpg,0.0445281965382467
20250918-0139-1634-a8b1-30a529526108_16_42,20250918-0139-1634-a8b1-30a529526108_16_42.jpg,0.0319245277879914
20250918-0139-1634-a8b1-30a529526108_19_114,20250918-0139-1634-a8b1-30a529526108_19_114.jpg,0.0800651488598522
20250918-0139-1634-a8b1-30a529526108_19_138,20250918-0139-1634-a8b1-30a529526108_19_138.jpg,0.0220662739410535
20250918-0139-1634-a8b1-30a529526108_19_159,20250918-0139-1634-a8b1-30a529526108_19_159.jpg,0.0432763593806419
20250918-0139-1634-a8b1-30a529526108_19_53,20250918-0139-1634-a8b1-30a529526108_19_53.jpg,0.0821881207473339
20250919-0513-32c0-d6b9-b851f6035002_%e4%b8%80.16_30,20250919-0513-32c0-d6b9-b851f6035002_%e4%b8%80.16_30.jpg,0.1075579318089016
20250919-0513-32c0-d6b9-b851f6035002_%e4%b8%80.16_39,20250919-0513-32c0-d6b9-b851f6035002_%e4%b8%80.16_39.jpg,0.0630665577786851
20250919-0513-32c0-d6b9-b851f6035002_%e4%b8%80.16_59,20250919-0513-32c0-d6b9-b851f6035002_%e4%b8%80.16_59.jpg,0.0453743875051041
20250919-0513-32c0-d6b9-b851f6035002_%e4%b8%80.16_72,20250919-0513-32c0-d6b9-b851f6035002_%e4%b8%80.16_72.jpg,0.0952748570845243
20250919-0513-32c0-d6b9-b851f6035002_%e4%b8%80.18_198,20250919-0513-32c0-d6b9-b851f6035002_%e4%b8%80.18_198.jpg,0.0549068557919621
20250919-0513-32c0-d6b9-b851f6035002_%e4%b8%80.18_21,20250919-0513-32c0-d6b9-b851f6035002_%e4%b8%80.18_21.jpg,0.0221843971631205
20250919-0513-32c0-d6b9-b851f6035002_%e4%b8%80.18_39,20250919-0513-32c0-d6b9-b851f6035002_%e4%b8%80.18_39.jpg,0.1254531126871552
20250919-0513-32c0-d6b9-b851f6035002_%e4%b8%80.18_63,20250919-0513-32c0-d6b9-b851f6035002_%e4%b8%80.18_63.jpg,0.0789900709219858
20250921-1152-3270-2243-37534b172423_16_02,20250921-1152-3270-2243-37534b172423_16_02.jpg,0.0771083242457288
20250921-1152-3270-2243-37534b172423_16_18,20250921-1152-3270-2243-37534b172423_16_18.jpg,0.0453484086594773
20250921-1152-3270-2243-37534b172423_16_181,20250921-1152-3270-2243-37534b172423_16_181.jpg,0.1093933014257441
20250921-1152-3270-2243-37534b172423_16_73,20250921-1152-3270-2243-37534b172423_16_73.jpg,0.0816357183246496
20250921-1152-3270-2243-37534b172423_17_124,20250921-1152-3270-2243-37534b172423_17_124.jpg,0.0425103245483466
20250921-1152-3270-2243-37534b172423_17_130,20250921-1152-3270-2243-37534b172423_17_130.jpg,0.0505401234567901
20250921-1152-3270-2243-37534b172423_17_153,20250921-1152-3270-2243-37534b172423_17_153.jpg,0.0734420147097452
20250921-1152-3270-2243-37534b172423_17_19,20250921-1152-3270-2243-37534b172423_17_19.jpg,0.1039851662142836
20250921-1152-3270-2243-37534b172423_17_196,20250921-1152-3270-2243-37534b172423_17_196.jpg,0.0364451084259988
20250922-1146-07f8-fe84-d27ab8974168_17_07,20250922-1146-07f8-fe84-d27ab8974168_17_07.jpg,0.0563046054015746
20250922-1146-07f8-fe84-d27ab8974168_17_08,20250922-1146-07f8-fe84-d27ab8974168_17_08.jpg,0.0897560543479464
20250922-1146-07f8-fe84-d27ab8974168_17_33,20250922-1146-07f8-fe84-d27ab8974168_17_33.jpg,0.0223316022013797
20250922-1146-07f8-fe84-d27ab8974168_17_42,20250922-1146-07f8-fe84-d27ab8974168_17_42.jpg,0.0534654013531619
20250923-0044-33bb-bcb2-ec539b608487_%e4%b8%80.17_04,20250923-0044-33bb-bcb2-ec539b608487_%e4%b8%80.17_04.jpg,0.0331744448901401
20250923-0044-33bb-bcb2-ec539b608487_%e4%b8%80.17_17,20250923-0044-33bb-bcb2-ec539b608487_%e4%b8%80.17_17.jpg,0.0093964738387023
20250923-0044-33bb-bcb2-ec539b608487_%e4%b8%80.17_199,20250923-0044-33bb-bcb2-ec539b608487_%e4%b8%80.17_199.jpg,0.0512466775882946
20250923-0044-33bb-bcb2-ec539b608487_%e4%b8%80.17_20,20250923-0044-33bb-bcb2-ec539b608487_%e4%b8%80.17_20.jpg,0.0414734450738334
20250924-0149-1937-4298-dae6af069156_17_104,20250924-0149-1937-4298-dae6af069156_17_104.jpg,0.0620148450072525
20250924-0149-1937-4298-dae6af069156_17_148,20250924-0149-1937-4298-dae6af069156_17_148.jpg,0.0348046023818886
20250924-0149-1937-4298-dae6af069156_17_52,20250924-0149-1937-4298-dae6af069156_17_52.jpg,0.0226784711902811
20250924-0149-1937-4298-dae6af069156_17_75,20250924-0149-1937-4298-dae6af069156_17_75.jpg,0.0756166973174565
20250924-0247-5099-e682-6d078a188993_15_07,20250924-0247-5099-e682-6d078a188993_15_07.jpg,0.0609823564728907
20250924-0247-5099-e682-6d078a188993_15_134,20250924-0247-5099-e682-6d078a188993_15_134.jpg,0.0889014650639299
20250924-0247-5099-e682-6d078a188993_15_138,20250924-0247-5099-e682-6d078a188993_15_138.jpg,0.0841064960176453
20250924-0247-5099-e682-6d078a188993_15_17,20250924-0247-5099-e682-6d078a188993_15_17.jpg,0.0378473336997353
20250924-0247-5099-e682-6d078a188993_15_69,20250924-0247-5099-e682-6d078a188993_15_69.jpg,0.0419167541859617
20250924-0247-5099-e682-6d078a188993_15_77,20250924-0247-5099-e682-6d078a188993_15_77.jpg,0.0420600500265732
20250924-0247-5099-e682-6d078a188993_15_91,20250924-0247-5099-e682-6d078a188993_15_91.jpg,0.0599185208967054
20250924-0247-5099-e682-6d078a188993_15_92,20250924-0247-5099-e682-6d078a188993_15_92.jpg,0.0388204757059134
20250924-0247-5099-e682-6d078a188993_16_106,20250924-0247-5099-e682-6d078a188993_16_106.jpg,0.081921629998553
20250924-0247-5099-e682-6d078a188993_16_128,20250924-0247-5099-e682-6d078a188993_16_128.jpg,0.1021985637370252
20250924-0247-5099-e682-6d078a188993_16_154,20250924-0247-5099-e682-6d078a188993_16_154.jpg,0.0422416287800903
20250924-0247-5099-e682-6d078a188993_16_168,20250924-0247-5099-e682-6d078a188993_16_168.jpg,0.0988059064982141
20250924-0247-5099-e682-6d078a188993_19_151,20250924-0247-5099-e682-6d078a188993_19_151.jpg,0.0624053576784608
20250924-0247-5099-e682-6d078a188993_19_162,20250924-0247-5099-e682-6d078a188993_19_162.jpg,0.0291578121111174
20250924-0247-5099-e682-6d078a188993_19_180,20250924-0247-5099-e682-6d078a188993_19_180.jpg,0.0782090869392
20250924-0247-5099-e682-6d078a188993_19_63,20250924-0247-5099-e682-6d078a188993_19_63.jpg,0.0992749520691626
20250924-0513-024d-6953-9cddf7171325_16_04,20250924-0513-024d-6953-9cddf7171325_16_04.jpg,0.1090685244830322
20250924-0513-024d-6953-9cddf7171325_16_110,20250924-0513-024d-6953-9cddf7171325_16_110.jpg,0.0482600476123792
20250924-0513-024d-6953-9cddf7171325_16_114,20250924-0513-024d-6953-9cddf7171325_16_114.jpg,0.0712972039396909
20250924-0513-024d-6953-9cddf7171325_16_149,20250924-0513-024d-6953-9cddf7171325_16_149.jpg,0.0826588246277365
20250924-0513-024d-6953-9cddf7171325_16_198,20250924-0513-024d-6953-9cddf7171325_16_198.jpg,0.1389056154600196
20250924-0513-024d-6953-9cddf7171325_16_58,20250924-0513-024d-6953-9cddf7171325_16_58.jpg,0.0991819539747
20250924-0513-024d-6953-9cddf7171325_16_62,20250924-0513-024d-6953-9cddf7171325_16_62.jpg,0.0741061009195724
20250924-0513-024d-6953-9cddf7171325_16_94,20250924-0513-024d-6953-9cddf7171325_16_94.jpg,0.0686330112495915
20250924-0513-024d-6953-9cddf7171325_17_117,20250924-0513-024d-6953-9cddf7171325_17_117.jpg,0.0753126552960784
20250924-0513-024d-6953-9cddf7171325_17_145,20250924-0513-024d-6953-9cddf7171325_17_145.jpg,0.0518134993891313
20250924-0513-024d-6953-9cddf7171325_17_172,20250924-0513-024d-6953-9cddf7171325_17_172.jpg,0.0543726890598005
20250924-0513-024d-6953-9cddf7171325_17_18,20250924-0513-024d-6953-9cddf7171325_17_18.jpg,0.0428819005279842
20250924-0513-024d-6953-9cddf7171325_17_184,20250924-0513-024d-6953-9cddf7171325_17_184.jpg,0.0610411138799037
20250924-0513-024d-6953-9cddf7171325_17_25,20250924-0513-024d-6953-9cddf7171325_17_25.jpg,0.0566152317084766
20250924-0513-024d-6953-9cddf7171325_17_55,20250924-0513-024d-6953-9cddf7171325_17_55.jpg,0.130608374910074
20250924-0513-024d-6953-9cddf7171325_17_97,20250924-0513-024d-6953-9cddf7171325_17_97.jpg,0.0456133174740717
20250924-2229-55b2-270a-a4d6f0216854_15_100,20250924-2229-55b2-270a-a4d6f0216854_15_100.jpg,0.0514074886152808
20250924-2229-55b2-270a-a4d6f0216854_15_110,20250924-2229-55b2-270a-a4d6f0216854_15_110.jpg,0.0250337325012649
20250924-2229-55b2-270a-a4d6f0216854_15_178,20250924-2229-55b2-270a-a4d6f0216854_15_178.jpg,0.0898355540563332
20250924-2229-55b2-270a-a4d6f0216854_15_193,20250924-2229-55b2-270a-a4d6f0216854_15_193.jpg,0.0426741440377804
20250924-2229-55b2-270a-a4d6f0216854_17_159,20250924-2229-55b2-270a-a4d6f0216854_17_159.jpg,0.0416356771525063
20250924-2229-55b2-270a-a4d6f0216854_17_16,20250924-2229-55b2-270a-a4d6f0216854_17_16.jpg,0.0870726293021667
20250924-2229-55b2-270a-a4d6f0216854_17_53,20250924-2229-55b2-270a-a4d6f0216854_17_53.jpg,0.0563654991841536
20250924-2229-55b2-270a-a4d6f0216854_17_68,20250924-2229-55b2-270a-a4d6f0216854_17_68.jpg,0.0280945243425795
20250924-2229-55b2-270a-a4d6f0216854_19_163,20250924-2229-55b2-270a-a4d6f0216854_19_163.jpg,0.0647890607632958
20250924-2229-55b2-270a-a4d6f0216854_19_190,20250924-2229-55b2-270a-a4d6f0216854_19_190.jpg,0.078876978769625
20250924-2229-55b2-270a-a4d6f0216854_19_49,20250924-2229-55b2-270a-a4d6f0216854_19_49.jpg,0.0923070388985579
20250924-2229-55b2-270a-a4d6f0216854_19_92,20250924-2229-55b2-270a-a4d6f0216854_19_92.jpg,0.0264010655851772
20250925-0232-42f2-b523-a5d15b420018_15_05,20250925-0232-42f2-b523-a5d15b420018_15_05.jpg,0.0234918008123965
20250925-0232-42f2-b523-a5d15b420018_15_139,20250925-0232-42f2-b523-a5d15b420018_15_139.jpg,0.0307365060261103
20250925-0232-42f2-b523-a5d15b420018_15_40,20250925-0232-42f2-b523-a5d15b420018_15_40.jpg,0.0370927569663841
20250925-0232-42f2-b523-a5d15b420018_15_74,20250925-0232-42f2-b523-a5d15b420018_15_74.jpg,0.0212058907109305
20250925-0232-42f2-b523-a5d15b420018_16_11,20250925-0232-42f2-b523-a5d15b420018_16_11.jpg,0.0251674947054357
20250925-0232-42f2-b523-a5d15b420018_16_127,20250925-0232-42f2-b523-a5d15b420018_16_127.jpg,0.0185992381155347
20250925-0232-42f2-b523-a5d15b420018_16_155,20250925-0232-42f2-b523-a5d15b420018_16_155.jpg,0.0384330420768011
20250925-0232-42f2-b523-a5d15b420018_16_168,20250925-0232-42f2-b523-a5d15b420018_16_168.jpg,0.0241169066425136
20250925-0232-42f2-b523-a5d15b420018_16_179,20250925-0232-42f2-b523-a5d15b420018_16_179.jpg,0.0362369633842588
20250925-0232-42f2-b523-a5d15b420018_16_196,20250925-0232-42f2-b523-a5d15b420018_16_196.jpg,0.0335830214313305
20250925-0232-42f2-b523-a5d15b420018_16_74,20250925-0232-42f2-b523-a5d15b420018_16_74.jpg,0.0252865391531361
20250925-0232-42f2-b523-a5d15b420018_16_96,20250925-0232-42f2-b523-a5d15b420018_16_96.jpg,0.0527466800751228
20250925-0232-42f2-b523-a5d15b420018_17_13,20250925-0232-42f2-b523-a5d15b420018_17_13.jpg,0.0232036733519336
20250925-0232-42f2-b523-a5d15b420018_17_170,20250925-0232-42f2-b523-a5d15b420018_17_170.jpg,0.0485659831262693
20250925-0232-42f2-b523-a5d15b420018_17_77,20250925-0232-42f2-b523-a5d15b420018_17_77.jpg,0.034225397341741
20250925-0232-42f2-b523-a5d15b420018_17_88,20250925-0232-42f2-b523-a5d15b420018_17_88.jpg,0.0243747419520312
