exam_id,question_id,sample_id,basename,post_selection_source,cluster_id,cluster_size_raw,cosine_to_centroid,triggered_replacement,decision,decision_reason,randoms_in_cluster_before,rank_in_cluster_by_cosine
20240527-0257-25e8-3008-c6addc717258,15,20240527-0257-25e8-3008-c6addc717258/15/20240527-0257-25e8-3008-c6addc717258_15_15.jpg,20240527-0257-25e8-3008-c6addc717258_15_15.jpg,hard,cluster_5,2606,0.697704553604126,False,keep,non_random_source=hard,,
20240527-0257-25e8-3008-c6addc717258,15,20240527-0257-25e8-3008-c6addc717258/15/20240527-0257-25e8-3008-c6addc717258_15_153.jpg,20240527-0257-25e8-3008-c6addc717258_15_153.jpg,diverse,cluster_5,2606,0.7441372275352478,False,keep,non_random_source=diverse,,
20240527-0257-25e8-3008-c6addc717258,15,20240527-0257-25e8-3008-c6addc717258/15/20240527-0257-25e8-3008-c6addc717258_15_158.jpg,20240527-0257-25e8-3008-c6addc717258_15_158.jpg,diverse,cluster_2,2092,0.7920274138450623,False,keep,non_random_source=diverse,,
20240527-0257-25e8-3008-c6addc717258,15,20240527-0257-25e8-3008-c6addc717258/15/20240527-0257-25e8-3008-c6addc717258_15_72.jpg,20240527-0257-25e8-3008-c6addc717258_15_72.jpg,hard,cluster_5,2606,0.6769959926605225,False,keep,non_random_source=hard,,
20240527-0257-25e8-3008-c6addc717258,16,20240527-0257-25e8-3008-c6addc717258/16/20240527-0257-25e8-3008-c6addc717258_16_104.jpg,20240527-0257-25e8-3008-c6addc717258_16_104.jpg,hard,cluster_6,3834,0.8034709692001343,False,keep,non_random_source=hard,,
20240527-0257-25e8-3008-c6addc717258,16,20240527-0257-25e8-3008-c6addc717258/16/20240527-0257-25e8-3008-c6addc717258_16_163.jpg,20240527-0257-25e8-3008-c6addc717258_16_163.jpg,diverse,cluster_6,3834,0.8311032652854919,False,keep,non_random_source=diverse,,
20240527-0257-25e8-3008-c6addc717258,16,20240527-0257-25e8-3008-c6addc717258/16/20240527-0257-25e8-3008-c6addc717258_16_192.jpg,20240527-0257-25e8-3008-c6addc717258_16_192.jpg,diverse,cluster_6,3834,0.6869819164276123,False,keep,non_random_source=diverse,,
20240527-0257-25e8-3008-c6addc717258,16,20240527-0257-25e8-3008-c6addc717258/16/20240527-0257-25e8-3008-c6addc717258_16_86.jpg,20240527-0257-25e8-3008-c6addc717258_16_86.jpg,hard,cluster_6,3834,0.8330654501914978,False,keep,non_random_source=hard,,
20240527-0257-25e8-3008-c6addc717258,17,20240527-0257-25e8-3008-c6addc717258/17/20240527-0257-25e8-3008-c6addc717258_17_110.jpg,20240527-0257-25e8-3008-c6addc717258_17_110.jpg,hard,cluster_11,4191,0.8741499185562134,True,keep,non_random_source=hard,,
20240527-0257-25e8-3008-c6addc717258,17,20240527-0257-25e8-3008-c6addc717258/17/20240527-0257-25e8-3008-c6addc717258_17_128.jpg,20240527-0257-25e8-3008-c6addc717258_17_128.jpg,diverse,cluster_7,2261,0.6240507960319519,True,keep,non_random_source=diverse,,
20240527-0257-25e8-3008-c6addc717258,17,20240527-0257-25e8-3008-c6addc717258/17/20240527-0257-25e8-3008-c6addc717258_17_149.jpg,20240527-0257-25e8-3008-c6addc717258_17_149.jpg,diverse,cluster_11,4191,0.8546983003616333,True,keep,non_random_source=diverse,,
20240527-0257-25e8-3008-c6addc717258,17,20240527-0257-25e8-3008-c6addc717258/17/20240527-0257-25e8-3008-c6addc717258_17_152.jpg,20240527-0257-25e8-3008-c6addc717258_17_152.jpg,replacement,cluster_11,4191,0.7877560257911682,True,keep,non_random_source=replacement,,
20240527-0257-25e8-3008-c6addc717258,17,20240527-0257-25e8-3008-c6addc717258/17/20240527-0257-25e8-3008-c6addc717258_17_153.jpg,20240527-0257-25e8-3008-c6addc717258_17_153.jpg,hard,cluster_11,4191,0.8465510010719299,True,keep,non_random_source=hard,,
20240527-0257-25e8-3008-c6addc717258,17,20240527-0257-25e8-3008-c6addc717258/17/20240527-0257-25e8-3008-c6addc717258_17_176.jpg,20240527-0257-25e8-3008-c6addc717258_17_176.jpg,replacement,cluster_11,4191,0.6207202076911926,True,keep,non_random_source=replacement,,
20240527-0257-25e8-3008-c6addc717258,17,20240527-0257-25e8-3008-c6addc717258/17/20240527-0257-25e8-3008-c6addc717258_17_32.jpg,20240527-0257-25e8-3008-c6addc717258_17_32.jpg,replacement,cluster_11,4191,0.8368871808052063,True,keep,non_random_source=replacement,,
20240527-0257-25e8-3008-c6addc717258,17,20240527-0257-25e8-3008-c6addc717258/17/20240527-0257-25e8-3008-c6addc717258_17_64.jpg,20240527-0257-25e8-3008-c6addc717258_17_64.jpg,replacement,cluster_9,3636,0.8152883648872375,True,keep,non_random_source=replacement,,
20240527-0257-25e8-3008-c6addc717258,18,20240527-0257-25e8-3008-c6addc717258/18/20240527-0257-25e8-3008-c6addc717258_18_124.jpg,20240527-0257-25e8-3008-c6addc717258_18_124.jpg,diverse,cluster_0,2169,0.8043721318244934,False,keep,non_random_source=diverse,,
20240527-0257-25e8-3008-c6addc717258,18,20240527-0257-25e8-3008-c6addc717258/18/20240527-0257-25e8-3008-c6addc717258_18_165.jpg,20240527-0257-25e8-3008-c6addc717258_18_165.jpg,hard,cluster_0,2169,0.8098971843719482,False,keep,non_random_source=hard,,
20240527-0257-25e8-3008-c6addc717258,18,20240527-0257-25e8-3008-c6addc717258/18/20240527-0257-25e8-3008-c6addc717258_18_183.jpg,20240527-0257-25e8-3008-c6addc717258_18_183.jpg,diverse,cluster_3,2444,0.8030093908309937,False,keep,non_random_source=diverse,,
20240527-0257-25e8-3008-c6addc717258,18,20240527-0257-25e8-3008-c6addc717258/18/20240527-0257-25e8-3008-c6addc717258_18_36.jpg,20240527-0257-25e8-3008-c6addc717258_18_36.jpg,hard,cluster_0,2169,0.7904404997825623,False,keep,non_random_source=hard,,
20240527-0257-25e8-3008-c6addc717258,19,20240527-0257-25e8-3008-c6addc717258/19/20240527-0257-25e8-3008-c6addc717258_19_123.jpg,20240527-0257-25e8-3008-c6addc717258_19_123.jpg,replacement,cluster_4,3444,0.776435911655426,True,keep,non_random_source=replacement,,
20240527-0257-25e8-3008-c6addc717258,19,20240527-0257-25e8-3008-c6addc717258/19/20240527-0257-25e8-3008-c6addc717258_19_14.jpg,20240527-0257-25e8-3008-c6addc717258_19_14.jpg,replacement,cluster_4,3444,0.7491459250450134,True,keep,non_random_source=replacement,,
20240527-0257-25e8-3008-c6addc717258,19,20240527-0257-25e8-3008-c6addc717258/19/20240527-0257-25e8-3008-c6addc717258_19_141.jpg,20240527-0257-25e8-3008-c6addc717258_19_141.jpg,diverse,cluster_4,3444,0.7722861170768738,True,keep,non_random_source=diverse,,
20240527-0257-25e8-3008-c6addc717258,19,20240527-0257-25e8-3008-c6addc717258/19/20240527-0257-25e8-3008-c6addc717258_19_161.jpg,20240527-0257-25e8-3008-c6addc717258_19_161.jpg,replacement,cluster_4,3444,0.8021507859230042,True,keep,non_random_source=replacement,,
20240527-0257-25e8-3008-c6addc717258,19,20240527-0257-25e8-3008-c6addc717258/19/20240527-0257-25e8-3008-c6addc717258_19_163.jpg,20240527-0257-25e8-3008-c6addc717258_19_163.jpg,hard,cluster_8,2333,0.6050487756729126,True,keep,non_random_source=hard,,
20240527-0257-25e8-3008-c6addc717258,19,20240527-0257-25e8-3008-c6addc717258/19/20240527-0257-25e8-3008-c6addc717258_19_168.jpg,20240527-0257-25e8-3008-c6addc717258_19_168.jpg,hard,cluster_8,2333,0.6566095352172852,True,keep,non_random_source=hard,,
20240527-0257-25e8-3008-c6addc717258,19,20240527-0257-25e8-3008-c6addc717258/19/20240527-0257-25e8-3008-c6addc717258_19_49.jpg,20240527-0257-25e8-3008-c6addc717258_19_49.jpg,diverse,cluster_8,2333,0.6406738758087158,True,keep,non_random_source=diverse,,
20240527-0257-25e8-3008-c6addc717258,19,20240527-0257-25e8-3008-c6addc717258/19/20240527-0257-25e8-3008-c6addc717258_19_56.jpg,20240527-0257-25e8-3008-c6addc717258_19_56.jpg,replacement,cluster_4,3444,0.7775677442550659,True,keep,non_random_source=replacement,,
20240527-1328-161a-c2c0-676cb0382723,15,20240527-1328-161a-c2c0-676cb0382723/15/20240527-1328-161a-c2c0-676cb0382723_15_102.jpg,20240527-1328-161a-c2c0-676cb0382723_15_102.jpg,hard,cluster_6,3834,0.7865762114524841,False,keep,non_random_source=hard,,
20240527-1328-161a-c2c0-676cb0382723,15,20240527-1328-161a-c2c0-676cb0382723/15/20240527-1328-161a-c2c0-676cb0382723_15_111.jpg,20240527-1328-161a-c2c0-676cb0382723_15_111.jpg,hard,cluster_6,3834,0.7674144506454468,False,keep,non_random_source=hard,,
20240527-1328-161a-c2c0-676cb0382723,15,20240527-1328-161a-c2c0-676cb0382723/15/20240527-1328-161a-c2c0-676cb0382723_15_22.jpg,20240527-1328-161a-c2c0-676cb0382723_15_22.jpg,diverse,cluster_6,3834,0.7982637882232666,False,keep,non_random_source=diverse,,
20240527-1328-161a-c2c0-676cb0382723,15,20240527-1328-161a-c2c0-676cb0382723/15/20240527-1328-161a-c2c0-676cb0382723_15_24.jpg,20240527-1328-161a-c2c0-676cb0382723_15_24.jpg,diverse,cluster_6,3834,0.5474433302879333,False,keep,non_random_source=diverse,,
20240527-1328-161a-c2c0-676cb0382723,16,20240527-1328-161a-c2c0-676cb0382723/16/20240527-1328-161a-c2c0-676cb0382723_16_116.jpg,20240527-1328-161a-c2c0-676cb0382723_16_116.jpg,hard,cluster_4,3444,0.47623366117477417,False,keep,non_random_source=hard,,
20240527-1328-161a-c2c0-676cb0382723,16,20240527-1328-161a-c2c0-676cb0382723/16/20240527-1328-161a-c2c0-676cb0382723_16_131.jpg,20240527-1328-161a-c2c0-676cb0382723_16_131.jpg,diverse,cluster_8,2333,0.5401405692100525,False,keep,non_random_source=diverse,,
20240527-1328-161a-c2c0-676cb0382723,16,20240527-1328-161a-c2c0-676cb0382723/16/20240527-1328-161a-c2c0-676cb0382723_16_151.jpg,20240527-1328-161a-c2c0-676cb0382723_16_151.jpg,hard,cluster_8,2333,0.4656202495098114,False,keep,non_random_source=hard,,
20240527-1328-161a-c2c0-676cb0382723,16,20240527-1328-161a-c2c0-676cb0382723/16/20240527-1328-161a-c2c0-676cb0382723_16_91.jpg,20240527-1328-161a-c2c0-676cb0382723_16_91.jpg,diverse,cluster_4,3444,0.7155269384384155,False,keep,non_random_source=diverse,,
20240527-1328-161a-c2c0-676cb0382723,17,20240527-1328-161a-c2c0-676cb0382723/17/20240527-1328-161a-c2c0-676cb0382723_17_09.jpg,20240527-1328-161a-c2c0-676cb0382723_17_09.jpg,replacement,cluster_1,1389,0.6740351915359497,True,keep,non_random_source=replacement,,
20240527-1328-161a-c2c0-676cb0382723,17,20240527-1328-161a-c2c0-676cb0382723/17/20240527-1328-161a-c2c0-676cb0382723_17_138.jpg,20240527-1328-161a-c2c0-676cb0382723_17_138.jpg,hard,cluster_11,4191,0.596778929233551,True,keep,non_random_source=hard,,
20240527-1328-161a-c2c0-676cb0382723,17,20240527-1328-161a-c2c0-676cb0382723/17/20240527-1328-161a-c2c0-676cb0382723_17_144.jpg,20240527-1328-161a-c2c0-676cb0382723_17_144.jpg,diverse,cluster_1,1389,0.5814835429191589,True,keep,non_random_source=diverse,,
20240527-1328-161a-c2c0-676cb0382723,17,20240527-1328-161a-c2c0-676cb0382723/17/20240527-1328-161a-c2c0-676cb0382723_17_148.jpg,20240527-1328-161a-c2c0-676cb0382723_17_148.jpg,replacement,cluster_9,3636,0.5588749647140503,True,keep,non_random_source=replacement,,
20240527-1328-161a-c2c0-676cb0382723,17,20240527-1328-161a-c2c0-676cb0382723/17/20240527-1328-161a-c2c0-676cb0382723_17_194.jpg,20240527-1328-161a-c2c0-676cb0382723_17_194.jpg,diverse,cluster_9,3636,0.6825553178787231,True,keep,non_random_source=diverse,,
20240527-1328-161a-c2c0-676cb0382723,17,20240527-1328-161a-c2c0-676cb0382723/17/20240527-1328-161a-c2c0-676cb0382723_17_49.jpg,20240527-1328-161a-c2c0-676cb0382723_17_49.jpg,replacement,cluster_9,3636,0.7435497641563416,True,keep,non_random_source=replacement,,
20240527-1328-161a-c2c0-676cb0382723,17,20240527-1328-161a-c2c0-676cb0382723/17/20240527-1328-161a-c2c0-676cb0382723_17_79.jpg,20240527-1328-161a-c2c0-676cb0382723_17_79.jpg,replacement,cluster_1,1389,0.6229128837585449,True,keep,non_random_source=replacement,,
20240527-1328-161a-c2c0-676cb0382723,17,20240527-1328-161a-c2c0-676cb0382723/17/20240527-1328-161a-c2c0-676cb0382723_17_86.jpg,20240527-1328-161a-c2c0-676cb0382723_17_86.jpg,hard,cluster_11,4191,0.6848249435424805,True,keep,non_random_source=hard,,
20240527-1328-161a-c2c0-676cb0382723,18,20240527-1328-161a-c2c0-676cb0382723/18/20240527-1328-161a-c2c0-676cb0382723_18_115.jpg,20240527-1328-161a-c2c0-676cb0382723_18_115.jpg,hard,cluster_0,2169,0.7551108002662659,True,keep,non_random_source=hard,,
20240527-1328-161a-c2c0-676cb0382723,18,20240527-1328-161a-c2c0-676cb0382723/18/20240527-1328-161a-c2c0-676cb0382723_18_128.jpg,20240527-1328-161a-c2c0-676cb0382723_18_128.jpg,replacement,cluster_3,2444,0.6318726539611816,True,keep,non_random_source=replacement,,
20240527-1328-161a-c2c0-676cb0382723,18,20240527-1328-161a-c2c0-676cb0382723/18/20240527-1328-161a-c2c0-676cb0382723_18_13.jpg,20240527-1328-161a-c2c0-676cb0382723_18_13.jpg,hard,cluster_0,2169,0.6499523520469666,True,keep,non_random_source=hard,,
20240527-1328-161a-c2c0-676cb0382723,18,20240527-1328-161a-c2c0-676cb0382723/18/20240527-1328-161a-c2c0-676cb0382723_18_179.jpg,20240527-1328-161a-c2c0-676cb0382723_18_179.jpg,replacement,cluster_3,2444,0.5905863642692566,True,keep,non_random_source=replacement,,
20240527-1328-161a-c2c0-676cb0382723,18,20240527-1328-161a-c2c0-676cb0382723/18/20240527-1328-161a-c2c0-676cb0382723_18_51.jpg,20240527-1328-161a-c2c0-676cb0382723_18_51.jpg,replacement,cluster_3,2444,0.8649486899375916,True,keep,non_random_source=replacement,,
20240527-1328-161a-c2c0-676cb0382723,18,20240527-1328-161a-c2c0-676cb0382723/18/20240527-1328-161a-c2c0-676cb0382723_18_60.jpg,20240527-1328-161a-c2c0-676cb0382723_18_60.jpg,diverse,cluster_3,2444,0.8163550496101379,True,keep,non_random_source=diverse,,
20240527-1328-161a-c2c0-676cb0382723,18,20240527-1328-161a-c2c0-676cb0382723/18/20240527-1328-161a-c2c0-676cb0382723_18_68.jpg,20240527-1328-161a-c2c0-676cb0382723_18_68.jpg,replacement,cluster_3,2444,0.7911250591278076,True,keep,non_random_source=replacement,,
20240527-1328-161a-c2c0-676cb0382723,18,20240527-1328-161a-c2c0-676cb0382723/18/20240527-1328-161a-c2c0-676cb0382723_18_95.jpg,20240527-1328-161a-c2c0-676cb0382723_18_95.jpg,diverse,cluster_0,2169,0.4689515233039856,True,keep,non_random_source=diverse,,
20240527-1328-161a-c2c0-676cb0382723,19,20240527-1328-161a-c2c0-676cb0382723/19/20240527-1328-161a-c2c0-676cb0382723_19_05.jpg,20240527-1328-161a-c2c0-676cb0382723_19_05.jpg,hard,cluster_11,4191,0.33574092388153076,False,keep,non_random_source=hard,,
20240527-1328-161a-c2c0-676cb0382723,19,20240527-1328-161a-c2c0-676cb0382723/19/20240527-1328-161a-c2c0-676cb0382723_19_101.jpg,20240527-1328-161a-c2c0-676cb0382723_19_101.jpg,diverse,cluster_9,3636,0.6023958325386047,False,keep,non_random_source=diverse,,
20240527-1328-161a-c2c0-676cb0382723,19,20240527-1328-161a-c2c0-676cb0382723/19/20240527-1328-161a-c2c0-676cb0382723_19_78.jpg,20240527-1328-161a-c2c0-676cb0382723_19_78.jpg,diverse,cluster_9,3636,0.8118193745613098,False,keep,non_random_source=diverse,,
20240527-1328-161a-c2c0-676cb0382723,19,20240527-1328-161a-c2c0-676cb0382723/19/20240527-1328-161a-c2c0-676cb0382723_19_91.jpg,20240527-1328-161a-c2c0-676cb0382723_19_91.jpg,hard,cluster_1,1389,0.38960978388786316,False,keep,non_random_source=hard,,
20240529-0315-024e-6c33-50e02f788585,%e4%ba%8c.15,20240529-0315-024e-6c33-50e02f788585/%e4%ba%8c.15/20240529-0315-024e-6c33-50e02f788585_%e4%ba%8c.15_160.jpg,20240529-0315-024e-6c33-50e02f788585_%e4%ba%8c.15_160.jpg,hard,cluster_6,3834,0.7948293089866638,False,keep,non_random_source=hard,,
20240529-0315-024e-6c33-50e02f788585,%e4%ba%8c.15,20240529-0315-024e-6c33-50e02f788585/%e4%ba%8c.15/20240529-0315-024e-6c33-50e02f788585_%e4%ba%8c.15_190.jpg,20240529-0315-024e-6c33-50e02f788585_%e4%ba%8c.15_190.jpg,diverse,cluster_6,3834,0.6616909503936768,False,keep,non_random_source=diverse,,
20240529-0315-024e-6c33-50e02f788585,%e4%ba%8c.15,20240529-0315-024e-6c33-50e02f788585/%e4%ba%8c.15/20240529-0315-024e-6c33-50e02f788585_%e4%ba%8c.15_33.jpg,20240529-0315-024e-6c33-50e02f788585_%e4%ba%8c.15_33.jpg,hard,cluster_6,3834,0.7651048898696899,False,keep,non_random_source=hard,,
20240529-0315-024e-6c33-50e02f788585,%e4%ba%8c.15,20240529-0315-024e-6c33-50e02f788585/%e4%ba%8c.15/20240529-0315-024e-6c33-50e02f788585_%e4%ba%8c.15_90.jpg,20240529-0315-024e-6c33-50e02f788585_%e4%ba%8c.15_90.jpg,diverse,cluster_6,3834,0.808383584022522,False,keep,non_random_source=diverse,,
20240529-0315-024e-6c33-50e02f788585,%e4%ba%8c.16,20240529-0315-024e-6c33-50e02f788585/%e4%ba%8c.16/20240529-0315-024e-6c33-50e02f788585_%e4%ba%8c.16_115.jpg,20240529-0315-024e-6c33-50e02f788585_%e4%ba%8c.16_115.jpg,diverse,cluster_8,2333,0.6189855933189392,False,keep,non_random_source=diverse,,
20240529-0315-024e-6c33-50e02f788585,%e4%ba%8c.16,20240529-0315-024e-6c33-50e02f788585/%e4%ba%8c.16/20240529-0315-024e-6c33-50e02f788585_%e4%ba%8c.16_122.jpg,20240529-0315-024e-6c33-50e02f788585_%e4%ba%8c.16_122.jpg,hard,cluster_8,2333,0.539879560470581,False,keep,non_random_source=hard,,
20240529-0315-024e-6c33-50e02f788585,%e4%ba%8c.16,20240529-0315-024e-6c33-50e02f788585/%e4%ba%8c.16/20240529-0315-024e-6c33-50e02f788585_%e4%ba%8c.16_143.jpg,20240529-0315-024e-6c33-50e02f788585_%e4%ba%8c.16_143.jpg,hard,cluster_8,2333,0.6654964089393616,False,keep,non_random_source=hard,,
20240529-0315-024e-6c33-50e02f788585,%e4%ba%8c.16,20240529-0315-024e-6c33-50e02f788585/%e4%ba%8c.16/20240529-0315-024e-6c33-50e02f788585_%e4%ba%8c.16_175.jpg,20240529-0315-024e-6c33-50e02f788585_%e4%ba%8c.16_175.jpg,diverse,cluster_4,3444,0.7382763624191284,False,keep,non_random_source=diverse,,
20240529-0315-024e-6c33-50e02f788585,%e4%ba%8c.17,20240529-0315-024e-6c33-50e02f788585/%e4%ba%8c.17/20240529-0315-024e-6c33-50e02f788585_%e4%ba%8c.17_121.jpg,20240529-0315-024e-6c33-50e02f788585_%e4%ba%8c.17_121.jpg,hard,cluster_11,4191,0.8636990785598755,False,keep,non_random_source=hard,,
20240529-0315-024e-6c33-50e02f788585,%e4%ba%8c.17,20240529-0315-024e-6c33-50e02f788585/%e4%ba%8c.17/20240529-0315-024e-6c33-50e02f788585_%e4%ba%8c.17_153.jpg,20240529-0315-024e-6c33-50e02f788585_%e4%ba%8c.17_153.jpg,hard,cluster_11,4191,0.8635924458503723,False,keep,non_random_source=hard,,
20240529-0315-024e-6c33-50e02f788585,%e4%ba%8c.17,20240529-0315-024e-6c33-50e02f788585/%e4%ba%8c.17/20240529-0315-024e-6c33-50e02f788585_%e4%ba%8c.17_31.jpg,20240529-0315-024e-6c33-50e02f788585_%e4%ba%8c.17_31.jpg,diverse,cluster_11,4191,0.8720148801803589,False,keep,non_random_source=diverse,,
20240529-0315-024e-6c33-50e02f788585,%e4%ba%8c.17,20240529-0315-024e-6c33-50e02f788585/%e4%ba%8c.17/20240529-0315-024e-6c33-50e02f788585_%e4%ba%8c.17_47.jpg,20240529-0315-024e-6c33-50e02f788585_%e4%ba%8c.17_47.jpg,diverse,cluster_9,3636,0.6770887970924377,False,keep,non_random_source=diverse,,
20240529-0315-024e-6c33-50e02f788585,%e4%ba%8c.18,20240529-0315-024e-6c33-50e02f788585/%e4%ba%8c.18/20240529-0315-024e-6c33-50e02f788585_%e4%ba%8c.18_111.jpg,20240529-0315-024e-6c33-50e02f788585_%e4%ba%8c.18_111.jpg,hard,cluster_0,2169,0.6863988041877747,False,keep,non_random_source=hard,,
20240529-0315-024e-6c33-50e02f788585,%e4%ba%8c.18,20240529-0315-024e-6c33-50e02f788585/%e4%ba%8c.18/20240529-0315-024e-6c33-50e02f788585_%e4%ba%8c.18_30.jpg,20240529-0315-024e-6c33-50e02f788585_%e4%ba%8c.18_30.jpg,hard,cluster_0,2169,0.6908234357833862,False,keep,non_random_source=hard,,
20240529-0315-024e-6c33-50e02f788585,%e4%ba%8c.18,20240529-0315-024e-6c33-50e02f788585/%e4%ba%8c.18/20240529-0315-024e-6c33-50e02f788585_%e4%ba%8c.18_36.jpg,20240529-0315-024e-6c33-50e02f788585_%e4%ba%8c.18_36.jpg,diverse,cluster_3,2444,0.7483364343643188,False,keep,non_random_source=diverse,,
20240529-0315-024e-6c33-50e02f788585,%e4%ba%8c.18,20240529-0315-024e-6c33-50e02f788585/%e4%ba%8c.18/20240529-0315-024e-6c33-50e02f788585_%e4%ba%8c.18_82.jpg,20240529-0315-024e-6c33-50e02f788585_%e4%ba%8c.18_82.jpg,diverse,cluster_0,2169,0.7746263146400452,False,keep,non_random_source=diverse,,
20240529-0315-024e-6c33-50e02f788585,%e4%ba%8c.19,20240529-0315-024e-6c33-50e02f788585/%e4%ba%8c.19/20240529-0315-024e-6c33-50e02f788585_%e4%ba%8c.19_14.jpg,20240529-0315-024e-6c33-50e02f788585_%e4%ba%8c.19_14.jpg,diverse,cluster_10,2055,0.7562476396560669,False,keep,non_random_source=diverse,,
20240529-0315-024e-6c33-50e02f788585,%e4%ba%8c.19,20240529-0315-024e-6c33-50e02f788585/%e4%ba%8c.19/20240529-0315-024e-6c33-50e02f788585_%e4%ba%8c.19_21.jpg,20240529-0315-024e-6c33-50e02f788585_%e4%ba%8c.19_21.jpg,hard,cluster_10,2055,0.5207595825195312,False,keep,non_random_source=hard,,
20240529-0315-024e-6c33-50e02f788585,%e4%ba%8c.19,20240529-0315-024e-6c33-50e02f788585/%e4%ba%8c.19/20240529-0315-024e-6c33-50e02f788585_%e4%ba%8c.19_39.jpg,20240529-0315-024e-6c33-50e02f788585_%e4%ba%8c.19_39.jpg,hard,cluster_10,2055,0.673893928527832,False,keep,non_random_source=hard,,
20240529-0315-024e-6c33-50e02f788585,%e4%ba%8c.19,20240529-0315-024e-6c33-50e02f788585/%e4%ba%8c.19/20240529-0315-024e-6c33-50e02f788585_%e4%ba%8c.19_44.jpg,20240529-0315-024e-6c33-50e02f788585_%e4%ba%8c.19_44.jpg,diverse,cluster_4,3444,0.5992116332054138,False,keep,non_random_source=diverse,,
20240530-0534-44f4-2dcf-0bc7d2998193,15,20240530-0534-44f4-2dcf-0bc7d2998193/15/20240530-0534-44f4-2dcf-0bc7d2998193_15_106.jpg,20240530-0534-44f4-2dcf-0bc7d2998193_15_106.jpg,diverse,cluster_11,4191,0.7695485353469849,False,keep,non_random_source=diverse,,
20240530-0534-44f4-2dcf-0bc7d2998193,15,20240530-0534-44f4-2dcf-0bc7d2998193/15/20240530-0534-44f4-2dcf-0bc7d2998193_15_129.jpg,20240530-0534-44f4-2dcf-0bc7d2998193_15_129.jpg,diverse,cluster_7,2261,0.6830461621284485,False,keep,non_random_source=diverse,,
20240530-0534-44f4-2dcf-0bc7d2998193,15,20240530-0534-44f4-2dcf-0bc7d2998193/15/20240530-0534-44f4-2dcf-0bc7d2998193_15_38.jpg,20240530-0534-44f4-2dcf-0bc7d2998193_15_38.jpg,hard,cluster_11,4191,0.7222181558609009,False,keep,non_random_source=hard,,
20240530-0534-44f4-2dcf-0bc7d2998193,15,20240530-0534-44f4-2dcf-0bc7d2998193/15/20240530-0534-44f4-2dcf-0bc7d2998193_15_46.jpg,20240530-0534-44f4-2dcf-0bc7d2998193_15_46.jpg,hard,cluster_11,4191,0.771388053894043,False,keep,non_random_source=hard,,
20240530-0534-44f4-2dcf-0bc7d2998193,16,20240530-0534-44f4-2dcf-0bc7d2998193/16/20240530-0534-44f4-2dcf-0bc7d2998193_16_129.jpg,20240530-0534-44f4-2dcf-0bc7d2998193_16_129.jpg,replacement,cluster_2,2092,0.6712431311607361,True,keep,non_random_source=replacement,,
20240530-0534-44f4-2dcf-0bc7d2998193,16,20240530-0534-44f4-2dcf-0bc7d2998193/16/20240530-0534-44f4-2dcf-0bc7d2998193_16_164.jpg,20240530-0534-44f4-2dcf-0bc7d2998193_16_164.jpg,replacement,cluster_2,2092,0.6722612380981445,True,keep,non_random_source=replacement,,
20240530-0534-44f4-2dcf-0bc7d2998193,16,20240530-0534-44f4-2dcf-0bc7d2998193/16/20240530-0534-44f4-2dcf-0bc7d2998193_16_167.jpg,20240530-0534-44f4-2dcf-0bc7d2998193_16_167.jpg,hard,cluster_5,2606,0.8260716795921326,True,keep,non_random_source=hard,,
20240530-0534-44f4-2dcf-0bc7d2998193,16,20240530-0534-44f4-2dcf-0bc7d2998193/16/20240530-0534-44f4-2dcf-0bc7d2998193_16_176.jpg,20240530-0534-44f4-2dcf-0bc7d2998193_16_176.jpg,replacement,cluster_2,2092,0.6675993204116821,True,keep,non_random_source=replacement,,
20240530-0534-44f4-2dcf-0bc7d2998193,16,20240530-0534-44f4-2dcf-0bc7d2998193/16/20240530-0534-44f4-2dcf-0bc7d2998193_16_190.jpg,20240530-0534-44f4-2dcf-0bc7d2998193_16_190.jpg,hard,cluster_5,2606,0.8607871532440186,True,keep,non_random_source=hard,,
20240530-0534-44f4-2dcf-0bc7d2998193,16,20240530-0534-44f4-2dcf-0bc7d2998193/16/20240530-0534-44f4-2dcf-0bc7d2998193_16_21.jpg,20240530-0534-44f4-2dcf-0bc7d2998193_16_21.jpg,replacement,cluster_5,2606,0.7977972030639648,True,keep,non_random_source=replacement,,
20240530-0534-44f4-2dcf-0bc7d2998193,16,20240530-0534-44f4-2dcf-0bc7d2998193/16/20240530-0534-44f4-2dcf-0bc7d2998193_16_89.jpg,20240530-0534-44f4-2dcf-0bc7d2998193_16_89.jpg,diverse,cluster_2,2092,0.6580920219421387,True,keep,non_random_source=diverse,,
20240530-0534-44f4-2dcf-0bc7d2998193,16,20240530-0534-44f4-2dcf-0bc7d2998193/16/20240530-0534-44f4-2dcf-0bc7d2998193_16_91.jpg,20240530-0534-44f4-2dcf-0bc7d2998193_16_91.jpg,diverse,cluster_5,2606,0.8170890808105469,True,keep,non_random_source=diverse,,
20240530-0534-44f4-2dcf-0bc7d2998193,17,20240530-0534-44f4-2dcf-0bc7d2998193/17/20240530-0534-44f4-2dcf-0bc7d2998193_17_06.jpg,20240530-0534-44f4-2dcf-0bc7d2998193_17_06.jpg,hard,cluster_6,3834,0.7917717099189758,False,keep,non_random_source=hard,,
20240530-0534-44f4-2dcf-0bc7d2998193,17,20240530-0534-44f4-2dcf-0bc7d2998193/17/20240530-0534-44f4-2dcf-0bc7d2998193_17_33.jpg,20240530-0534-44f4-2dcf-0bc7d2998193_17_33.jpg,diverse,cluster_2,2092,0.7068474888801575,False,keep,non_random_source=diverse,,
20240530-0534-44f4-2dcf-0bc7d2998193,17,20240530-0534-44f4-2dcf-0bc7d2998193/17/20240530-0534-44f4-2dcf-0bc7d2998193_17_38.jpg,20240530-0534-44f4-2dcf-0bc7d2998193_17_38.jpg,hard,cluster_6,3834,0.7475067973136902,False,keep,non_random_source=hard,,
20240530-0534-44f4-2dcf-0bc7d2998193,17,20240530-0534-44f4-2dcf-0bc7d2998193/17/20240530-0534-44f4-2dcf-0bc7d2998193_17_60.jpg,20240530-0534-44f4-2dcf-0bc7d2998193_17_60.jpg,diverse,cluster_6,3834,0.8644316792488098,False,keep,non_random_source=diverse,,
20240530-0534-44f4-2dcf-0bc7d2998193,18,20240530-0534-44f4-2dcf-0bc7d2998193/18/20240530-0534-44f4-2dcf-0bc7d2998193_18_02.jpg,20240530-0534-44f4-2dcf-0bc7d2998193_18_02.jpg,replacement,cluster_4,3444,0.5741334557533264,True,keep,non_random_source=replacement,,
20240530-0534-44f4-2dcf-0bc7d2998193,18,20240530-0534-44f4-2dcf-0bc7d2998193/18/20240530-0534-44f4-2dcf-0bc7d2998193_18_11.jpg,20240530-0534-44f4-2dcf-0bc7d2998193_18_11.jpg,replacement,cluster_4,3444,0.5712601542472839,True,keep,non_random_source=replacement,,
20240530-0534-44f4-2dcf-0bc7d2998193,18,20240530-0534-44f4-2dcf-0bc7d2998193/18/20240530-0534-44f4-2dcf-0bc7d2998193_18_139.jpg,20240530-0534-44f4-2dcf-0bc7d2998193_18_139.jpg,replacement,cluster_8,2333,0.473348468542099,True,keep,non_random_source=replacement,,
20240530-0534-44f4-2dcf-0bc7d2998193,18,20240530-0534-44f4-2dcf-0bc7d2998193/18/20240530-0534-44f4-2dcf-0bc7d2998193_18_144.jpg,20240530-0534-44f4-2dcf-0bc7d2998193_18_144.jpg,diverse,cluster_4,3444,0.6442639231681824,True,keep,non_random_source=diverse,,
20240530-0534-44f4-2dcf-0bc7d2998193,18,20240530-0534-44f4-2dcf-0bc7d2998193/18/20240530-0534-44f4-2dcf-0bc7d2998193_18_158.jpg,20240530-0534-44f4-2dcf-0bc7d2998193_18_158.jpg,diverse,cluster_8,2333,0.5242523550987244,True,keep,non_random_source=diverse,,
20240530-0534-44f4-2dcf-0bc7d2998193,18,20240530-0534-44f4-2dcf-0bc7d2998193/18/20240530-0534-44f4-2dcf-0bc7d2998193_18_37.jpg,20240530-0534-44f4-2dcf-0bc7d2998193_18_37.jpg,hard,cluster_8,2333,0.5847059488296509,True,keep,non_random_source=hard,,
20240530-0534-44f4-2dcf-0bc7d2998193,18,20240530-0534-44f4-2dcf-0bc7d2998193/18/20240530-0534-44f4-2dcf-0bc7d2998193_18_91.jpg,20240530-0534-44f4-2dcf-0bc7d2998193_18_91.jpg,hard,cluster_8,2333,0.6032506823539734,True,keep,non_random_source=hard,,
20240530-0534-44f4-2dcf-0bc7d2998193,18,20240530-0534-44f4-2dcf-0bc7d2998193/18/20240530-0534-44f4-2dcf-0bc7d2998193_18_96.jpg,20240530-0534-44f4-2dcf-0bc7d2998193_18_96.jpg,replacement,cluster_4,3444,0.6195433139801025,True,keep,non_random_source=replacement,,
20240530-0534-44f4-2dcf-0bc7d2998193,19,20240530-0534-44f4-2dcf-0bc7d2998193/19/20240530-0534-44f4-2dcf-0bc7d2998193_19_118.jpg,20240530-0534-44f4-2dcf-0bc7d2998193_19_118.jpg,hard,cluster_0,2169,0.7811748385429382,False,keep,non_random_source=hard,,
20240530-0534-44f4-2dcf-0bc7d2998193,19,20240530-0534-44f4-2dcf-0bc7d2998193/19/20240530-0534-44f4-2dcf-0bc7d2998193_19_127.jpg,20240530-0534-44f4-2dcf-0bc7d2998193_19_127.jpg,diverse,cluster_3,2444,0.7347858548164368,False,keep,non_random_source=diverse,,
20240530-0534-44f4-2dcf-0bc7d2998193,19,20240530-0534-44f4-2dcf-0bc7d2998193/19/20240530-0534-44f4-2dcf-0bc7d2998193_19_128.jpg,20240530-0534-44f4-2dcf-0bc7d2998193_19_128.jpg,diverse,cluster_0,2169,0.7457984685897827,False,keep,non_random_source=diverse,,
20240530-0534-44f4-2dcf-0bc7d2998193,19,20240530-0534-44f4-2dcf-0bc7d2998193/19/20240530-0534-44f4-2dcf-0bc7d2998193_19_13.jpg,20240530-0534-44f4-2dcf-0bc7d2998193_19_13.jpg,hard,cluster_0,2169,0.7768617272377014,False,keep,non_random_source=hard,,
20240530-0649-08f8-dbdc-e647da599475,%e4%b8%80.16,20240530-0649-08f8-dbdc-e647da599475/%e4%b8%80.16/20240530-0649-08f8-dbdc-e647da599475_%e4%b8%80.16_126.jpg,20240530-0649-08f8-dbdc-e647da599475_%e4%b8%80.16_126.jpg,hard,cluster_8,2333,0.7179955840110779,False,keep,non_random_source=hard,,
20240530-0649-08f8-dbdc-e647da599475,%e4%b8%80.16,20240530-0649-08f8-dbdc-e647da599475/%e4%b8%80.16/20240530-0649-08f8-dbdc-e647da599475_%e4%b8%80.16_186.jpg,20240530-0649-08f8-dbdc-e647da599475_%e4%b8%80.16_186.jpg,diverse,cluster_4,3444,0.7229883074760437,False,keep,non_random_source=diverse,,
20240530-0649-08f8-dbdc-e647da599475,%e4%b8%80.16,20240530-0649-08f8-dbdc-e647da599475/%e4%b8%80.16/20240530-0649-08f8-dbdc-e647da599475_%e4%b8%80.16_197.jpg,20240530-0649-08f8-dbdc-e647da599475_%e4%b8%80.16_197.jpg,hard,cluster_8,2333,0.7374918460845947,False,keep,non_random_source=hard,,
20240530-0649-08f8-dbdc-e647da599475,%e4%b8%80.16,20240530-0649-08f8-dbdc-e647da599475/%e4%b8%80.16/20240530-0649-08f8-dbdc-e647da599475_%e4%b8%80.16_33.jpg,20240530-0649-08f8-dbdc-e647da599475_%e4%b8%80.16_33.jpg,diverse,cluster_8,2333,0.7128028869628906,False,keep,non_random_source=diverse,,
20240530-0649-08f8-dbdc-e647da599475,%e4%b8%80.17,20240530-0649-08f8-dbdc-e647da599475/%e4%b8%80.17/20240530-0649-08f8-dbdc-e647da599475_%e4%b8%80.17_117.jpg,20240530-0649-08f8-dbdc-e647da599475_%e4%b8%80.17_117.jpg,diverse,cluster_1,1389,0.7119144201278687,False,keep,non_random_source=diverse,,
20240530-0649-08f8-dbdc-e647da599475,%e4%b8%80.17,20240530-0649-08f8-dbdc-e647da599475/%e4%b8%80.17/20240530-0649-08f8-dbdc-e647da599475_%e4%b8%80.17_126.jpg,20240530-0649-08f8-dbdc-e647da599475_%e4%b8%80.17_126.jpg,hard,cluster_11,4191,0.6630957722663879,False,keep,non_random_source=hard,,
20240530-0649-08f8-dbdc-e647da599475,%e4%b8%80.17,20240530-0649-08f8-dbdc-e647da599475/%e4%b8%80.17/20240530-0649-08f8-dbdc-e647da599475_%e4%b8%80.17_157.jpg,20240530-0649-08f8-dbdc-e647da599475_%e4%b8%80.17_157.jpg,diverse,cluster_9,3636,0.739258348941803,False,keep,non_random_source=diverse,,
20240530-0649-08f8-dbdc-e647da599475,%e4%b8%80.17,20240530-0649-08f8-dbdc-e647da599475/%e4%b8%80.17/20240530-0649-08f8-dbdc-e647da599475_%e4%b8%80.17_199.jpg,20240530-0649-08f8-dbdc-e647da599475_%e4%b8%80.17_199.jpg,hard,cluster_1,1389,0.5894040465354919,False,keep,non_random_source=hard,,
20240530-0703-3456-733b-887290986497,%e4%b8%80.16,20240530-0703-3456-733b-887290986497/%e4%b8%80.16/20240530-0703-3456-733b-887290986497_%e4%b8%80.16_06.jpg,20240530-0703-3456-733b-887290986497_%e4%b8%80.16_06.jpg,diverse,cluster_6,3834,0.774719774723053,True,keep,non_random_source=diverse,,
20240530-0703-3456-733b-887290986497,%e4%b8%80.16,20240530-0703-3456-733b-887290986497/%e4%b8%80.16/20240530-0703-3456-733b-887290986497_%e4%b8%80.16_110.jpg,20240530-0703-3456-733b-887290986497_%e4%b8%80.16_110.jpg,replacement,cluster_6,3834,0.7472368478775024,True,keep,non_random_source=replacement,,
20240530-0703-3456-733b-887290986497,%e4%b8%80.16,20240530-0703-3456-733b-887290986497/%e4%b8%80.16/20240530-0703-3456-733b-887290986497_%e4%b8%80.16_153.jpg,20240530-0703-3456-733b-887290986497_%e4%b8%80.16_153.jpg,hard,cluster_6,3834,0.7645015716552734,True,keep,non_random_source=hard,,
20240530-0703-3456-733b-887290986497,%e4%b8%80.16,20240530-0703-3456-733b-887290986497/%e4%b8%80.16/20240530-0703-3456-733b-887290986497_%e4%b8%80.16_174.jpg,20240530-0703-3456-733b-887290986497_%e4%b8%80.16_174.jpg,hard,cluster_6,3834,0.8112832903862,True,keep,non_random_source=hard,,
20240530-0703-3456-733b-887290986497,%e4%b8%80.16,20240530-0703-3456-733b-887290986497/%e4%b8%80.16/20240530-0703-3456-733b-887290986497_%e4%b8%80.16_26.jpg,20240530-0703-3456-733b-887290986497_%e4%b8%80.16_26.jpg,replacement,cluster_2,2092,0.623005211353302,True,keep,non_random_source=replacement,,
20240530-0703-3456-733b-887290986497,%e4%b8%80.16,20240530-0703-3456-733b-887290986497/%e4%b8%80.16/20240530-0703-3456-733b-887290986497_%e4%b8%80.16_41.jpg,20240530-0703-3456-733b-887290986497_%e4%b8%80.16_41.jpg,replacement,cluster_6,3834,0.7721189856529236,True,keep,non_random_source=replacement,,
20240530-0703-3456-733b-887290986497,%e4%b8%80.16,20240530-0703-3456-733b-887290986497/%e4%b8%80.16/20240530-0703-3456-733b-887290986497_%e4%b8%80.16_76.jpg,20240530-0703-3456-733b-887290986497_%e4%b8%80.16_76.jpg,replacement,cluster_6,3834,0.7950706481933594,True,keep,non_random_source=replacement,,
20240530-0703-3456-733b-887290986497,%e4%b8%80.16,20240530-0703-3456-733b-887290986497/%e4%b8%80.16/20240530-0703-3456-733b-887290986497_%e4%b8%80.16_79.jpg,20240530-0703-3456-733b-887290986497_%e4%b8%80.16_79.jpg,diverse,cluster_2,2092,0.7369976043701172,True,keep,non_random_source=diverse,,
20240530-0703-3456-733b-887290986497,%e4%b8%80.17,20240530-0703-3456-733b-887290986497/%e4%b8%80.17/20240530-0703-3456-733b-887290986497_%e4%b8%80.17_08.jpg,20240530-0703-3456-733b-887290986497_%e4%b8%80.17_08.jpg,hard,cluster_0,2169,0.7607071995735168,False,keep,non_random_source=hard,,
20240530-0703-3456-733b-887290986497,%e4%b8%80.17,20240530-0703-3456-733b-887290986497/%e4%b8%80.17/20240530-0703-3456-733b-887290986497_%e4%b8%80.17_103.jpg,20240530-0703-3456-733b-887290986497_%e4%b8%80.17_103.jpg,diverse,cluster_0,2169,0.7503136992454529,False,keep,non_random_source=diverse,,
20240530-0703-3456-733b-887290986497,%e4%b8%80.17,20240530-0703-3456-733b-887290986497/%e4%b8%80.17/20240530-0703-3456-733b-887290986497_%e4%b8%80.17_190.jpg,20240530-0703-3456-733b-887290986497_%e4%b8%80.17_190.jpg,hard,cluster_0,2169,0.7278167605400085,False,keep,non_random_source=hard,,
20240530-0703-3456-733b-887290986497,%e4%b8%80.17,20240530-0703-3456-733b-887290986497/%e4%b8%80.17/20240530-0703-3456-733b-887290986497_%e4%b8%80.17_40.jpg,20240530-0703-3456-733b-887290986497_%e4%b8%80.17_40.jpg,diverse,cluster_3,2444,0.7874077558517456,False,keep,non_random_source=diverse,,
20240530-0703-3456-733b-887290986497,%e4%b8%80.18,20240530-0703-3456-733b-887290986497/%e4%b8%80.18/20240530-0703-3456-733b-887290986497_%e4%b8%80.18_103.jpg,20240530-0703-3456-733b-887290986497_%e4%b8%80.18_103.jpg,hard,cluster_11,4191,0.799156665802002,False,keep,non_random_source=hard,,
20240530-0703-3456-733b-887290986497,%e4%b8%80.18,20240530-0703-3456-733b-887290986497/%e4%b8%80.18/20240530-0703-3456-733b-887290986497_%e4%b8%80.18_39.jpg,20240530-0703-3456-733b-887290986497_%e4%b8%80.18_39.jpg,diverse,cluster_11,4191,0.8926641941070557,False,keep,non_random_source=diverse,,
20240530-0703-3456-733b-887290986497,%e4%b8%80.18,20240530-0703-3456-733b-887290986497/%e4%b8%80.18/20240530-0703-3456-733b-887290986497_%e4%b8%80.18_62.jpg,20240530-0703-3456-733b-887290986497_%e4%b8%80.18_62.jpg,hard,cluster_11,4191,0.7786979079246521,False,keep,non_random_source=hard,,
20240530-0703-3456-733b-887290986497,%e4%b8%80.18,20240530-0703-3456-733b-887290986497/%e4%b8%80.18/20240530-0703-3456-733b-887290986497_%e4%b8%80.18_77.jpg,20240530-0703-3456-733b-887290986497_%e4%b8%80.18_77.jpg,diverse,cluster_9,3636,0.7724389433860779,False,keep,non_random_source=diverse,,
20250225-1109-2036-d5a8-48cb2a607426,15,20250225-1109-2036-d5a8-48cb2a607426/15/20250225-1109-2036-d5a8-48cb2a607426_15_167.jpg,20250225-1109-2036-d5a8-48cb2a607426_15_167.jpg,diverse,cluster_5,2606,0.8021116852760315,False,keep,non_random_source=diverse,,
20250225-1109-2036-d5a8-48cb2a607426,15,20250225-1109-2036-d5a8-48cb2a607426/15/20250225-1109-2036-d5a8-48cb2a607426_15_37.jpg,20250225-1109-2036-d5a8-48cb2a607426_15_37.jpg,hard,cluster_5,2606,0.6757625341415405,False,keep,non_random_source=hard,,
20250225-1109-2036-d5a8-48cb2a607426,15,20250225-1109-2036-d5a8-48cb2a607426/15/20250225-1109-2036-d5a8-48cb2a607426_15_41.jpg,20250225-1109-2036-d5a8-48cb2a607426_15_41.jpg,diverse,cluster_5,2606,0.4219464659690857,False,keep,non_random_source=diverse,,
20250225-1109-2036-d5a8-48cb2a607426,15,20250225-1109-2036-d5a8-48cb2a607426/15/20250225-1109-2036-d5a8-48cb2a607426_15_80.jpg,20250225-1109-2036-d5a8-48cb2a607426_15_80.jpg,hard,cluster_5,2606,0.7241806983947754,False,keep,non_random_source=hard,,
20250225-1109-2036-d5a8-48cb2a607426,16,20250225-1109-2036-d5a8-48cb2a607426/16/20250225-1109-2036-d5a8-48cb2a607426_16_01.jpg,20250225-1109-2036-d5a8-48cb2a607426_16_01.jpg,hard,cluster_6,3834,0.8535163998603821,False,keep,non_random_source=hard,,
20250225-1109-2036-d5a8-48cb2a607426,16,20250225-1109-2036-d5a8-48cb2a607426/16/20250225-1109-2036-d5a8-48cb2a607426_16_159.jpg,20250225-1109-2036-d5a8-48cb2a607426_16_159.jpg,diverse,cluster_6,3834,0.5886893272399902,False,keep,non_random_source=diverse,,
20250225-1109-2036-d5a8-48cb2a607426,16,20250225-1109-2036-d5a8-48cb2a607426/16/20250225-1109-2036-d5a8-48cb2a607426_16_181.jpg,20250225-1109-2036-d5a8-48cb2a607426_16_181.jpg,diverse,cluster_6,3834,0.8194952011108398,False,keep,non_random_source=diverse,,
20250225-1109-2036-d5a8-48cb2a607426,16,20250225-1109-2036-d5a8-48cb2a607426/16/20250225-1109-2036-d5a8-48cb2a607426_16_29.jpg,20250225-1109-2036-d5a8-48cb2a607426_16_29.jpg,hard,cluster_6,3834,0.8399875164031982,False,keep,non_random_source=hard,,
20250225-1109-2036-d5a8-48cb2a607426,17,20250225-1109-2036-d5a8-48cb2a607426/17/20250225-1109-2036-d5a8-48cb2a607426_17_116.jpg,20250225-1109-2036-d5a8-48cb2a607426_17_116.jpg,diverse,cluster_11,4191,0.8654496073722839,False,keep,non_random_source=diverse,,
20250225-1109-2036-d5a8-48cb2a607426,17,20250225-1109-2036-d5a8-48cb2a607426/17/20250225-1109-2036-d5a8-48cb2a607426_17_143.jpg,20250225-1109-2036-d5a8-48cb2a607426_17_143.jpg,diverse,cluster_9,3636,0.7768428921699524,False,keep,non_random_source=diverse,,
20250225-1109-2036-d5a8-48cb2a607426,17,20250225-1109-2036-d5a8-48cb2a607426/17/20250225-1109-2036-d5a8-48cb2a607426_17_192.jpg,20250225-1109-2036-d5a8-48cb2a607426_17_192.jpg,hard,cluster_11,4191,0.8076760768890381,False,keep,non_random_source=hard,,
20250225-1109-2036-d5a8-48cb2a607426,17,20250225-1109-2036-d5a8-48cb2a607426/17/20250225-1109-2036-d5a8-48cb2a607426_17_37.jpg,20250225-1109-2036-d5a8-48cb2a607426_17_37.jpg,hard,cluster_11,4191,0.8265469670295715,False,keep,non_random_source=hard,,
20250225-1109-2036-d5a8-48cb2a607426,18,20250225-1109-2036-d5a8-48cb2a607426/18/20250225-1109-2036-d5a8-48cb2a607426_18_101.jpg,20250225-1109-2036-d5a8-48cb2a607426_18_101.jpg,diverse,cluster_0,2169,0.8093782067298889,False,keep,non_random_source=diverse,,
20250225-1109-2036-d5a8-48cb2a607426,18,20250225-1109-2036-d5a8-48cb2a607426/18/20250225-1109-2036-d5a8-48cb2a607426_18_56.jpg,20250225-1109-2036-d5a8-48cb2a607426_18_56.jpg,hard,cluster_0,2169,0.7473449110984802,False,keep,non_random_source=hard,,
20250225-1109-2036-d5a8-48cb2a607426,18,20250225-1109-2036-d5a8-48cb2a607426/18/20250225-1109-2036-d5a8-48cb2a607426_18_70.jpg,20250225-1109-2036-d5a8-48cb2a607426_18_70.jpg,diverse,cluster_3,2444,0.8560525178909302,False,keep,non_random_source=diverse,,
20250225-1109-2036-d5a8-48cb2a607426,18,20250225-1109-2036-d5a8-48cb2a607426/18/20250225-1109-2036-d5a8-48cb2a607426_18_72.jpg,20250225-1109-2036-d5a8-48cb2a607426_18_72.jpg,hard,cluster_0,2169,0.7617692947387695,False,keep,non_random_source=hard,,
20250225-1109-2036-d5a8-48cb2a607426,19,20250225-1109-2036-d5a8-48cb2a607426/19/20250225-1109-2036-d5a8-48cb2a607426_19_114.jpg,20250225-1109-2036-d5a8-48cb2a607426_19_114.jpg,diverse,cluster_8,2333,0.55668044090271,False,keep,non_random_source=diverse,,
20250225-1109-2036-d5a8-48cb2a607426,19,20250225-1109-2036-d5a8-48cb2a607426/19/20250225-1109-2036-d5a8-48cb2a607426_19_199.jpg,20250225-1109-2036-d5a8-48cb2a607426_19_199.jpg,diverse,cluster_4,3444,0.8162343502044678,False,keep,non_random_source=diverse,,
20250225-1109-2036-d5a8-48cb2a607426,19,20250225-1109-2036-d5a8-48cb2a607426/19/20250225-1109-2036-d5a8-48cb2a607426_19_20.jpg,20250225-1109-2036-d5a8-48cb2a607426_19_20.jpg,hard,cluster_8,2333,0.5080186128616333,False,keep,non_random_source=hard,,
20250225-1109-2036-d5a8-48cb2a607426,19,20250225-1109-2036-d5a8-48cb2a607426/19/20250225-1109-2036-d5a8-48cb2a607426_19_51.jpg,20250225-1109-2036-d5a8-48cb2a607426_19_51.jpg,hard,cluster_8,2333,0.6505667567253113,False,keep,non_random_source=hard,,
20250225-1206-579f-9e1b-6ca63e934625,16,20250225-1206-579f-9e1b-6ca63e934625/16/20250225-1206-579f-9e1b-6ca63e934625_16_21.jpg,20250225-1206-579f-9e1b-6ca63e934625_16_21.jpg,hard,cluster_6,3834,0.7333341240882874,False,keep,non_random_source=hard,,
20250225-1206-579f-9e1b-6ca63e934625,16,20250225-1206-579f-9e1b-6ca63e934625/16/20250225-1206-579f-9e1b-6ca63e934625_16_36.jpg,20250225-1206-579f-9e1b-6ca63e934625_16_36.jpg,hard,cluster_6,3834,0.7720794081687927,False,keep,non_random_source=hard,,
20250225-1206-579f-9e1b-6ca63e934625,16,20250225-1206-579f-9e1b-6ca63e934625/16/20250225-1206-579f-9e1b-6ca63e934625_16_77.jpg,20250225-1206-579f-9e1b-6ca63e934625_16_77.jpg,diverse,cluster_6,3834,0.7304458618164062,False,keep,non_random_source=diverse,,
20250225-1206-579f-9e1b-6ca63e934625,16,20250225-1206-579f-9e1b-6ca63e934625/16/20250225-1206-579f-9e1b-6ca63e934625_16_80.jpg,20250225-1206-579f-9e1b-6ca63e934625_16_80.jpg,diverse,cluster_2,2092,0.7787033915519714,False,keep,non_random_source=diverse,,
20250225-1206-579f-9e1b-6ca63e934625,17,20250225-1206-579f-9e1b-6ca63e934625/17/20250225-1206-579f-9e1b-6ca63e934625_17_113.jpg,20250225-1206-579f-9e1b-6ca63e934625_17_113.jpg,diverse,cluster_4,3444,0.7851561903953552,True,keep,non_random_source=diverse,,
20250225-1206-579f-9e1b-6ca63e934625,17,20250225-1206-579f-9e1b-6ca63e934625/17/20250225-1206-579f-9e1b-6ca63e934625_17_14.jpg,20250225-1206-579f-9e1b-6ca63e934625_17_14.jpg,hard,cluster_8,2333,0.6537272334098816,True,keep,non_random_source=hard,,
20250225-1206-579f-9e1b-6ca63e934625,17,20250225-1206-579f-9e1b-6ca63e934625/17/20250225-1206-579f-9e1b-6ca63e934625_17_153.jpg,20250225-1206-579f-9e1b-6ca63e934625_17_153.jpg,replacement,cluster_8,2333,0.6187258362770081,True,keep,non_random_source=replacement,,
20250225-1206-579f-9e1b-6ca63e934625,17,20250225-1206-579f-9e1b-6ca63e934625/17/20250225-1206-579f-9e1b-6ca63e934625_17_22.jpg,20250225-1206-579f-9e1b-6ca63e934625_17_22.jpg,replacement,cluster_4,3444,0.7284680604934692,True,keep,non_random_source=replacement,,
20250225-1206-579f-9e1b-6ca63e934625,17,20250225-1206-579f-9e1b-6ca63e934625/17/20250225-1206-579f-9e1b-6ca63e934625_17_23.jpg,20250225-1206-579f-9e1b-6ca63e934625_17_23.jpg,diverse,cluster_8,2333,0.6773041486740112,True,keep,non_random_source=diverse,,
20250225-1206-579f-9e1b-6ca63e934625,17,20250225-1206-579f-9e1b-6ca63e934625/17/20250225-1206-579f-9e1b-6ca63e934625_17_80.jpg,20250225-1206-579f-9e1b-6ca63e934625_17_80.jpg,replacement,cluster_4,3444,0.7577409744262695,True,keep,non_random_source=replacement,,
20250225-1206-579f-9e1b-6ca63e934625,17,20250225-1206-579f-9e1b-6ca63e934625/17/20250225-1206-579f-9e1b-6ca63e934625_17_86.jpg,20250225-1206-579f-9e1b-6ca63e934625_17_86.jpg,replacement,cluster_8,2333,0.7292359471321106,True,keep,non_random_source=replacement,,
20250225-1206-579f-9e1b-6ca63e934625,17,20250225-1206-579f-9e1b-6ca63e934625/17/20250225-1206-579f-9e1b-6ca63e934625_17_98.jpg,20250225-1206-579f-9e1b-6ca63e934625_17_98.jpg,hard,cluster_8,2333,0.6503216624259949,True,keep,non_random_source=hard,,
20250302-0119-5504-3ab4-d65aee370319,15,20250302-0119-5504-3ab4-d65aee370319/15/20250302-0119-5504-3ab4-d65aee370319_15_106.jpg,20250302-0119-5504-3ab4-d65aee370319_15_106.jpg,replacement,cluster_4,3444,0.545401930809021,True,keep,non_random_source=replacement,,
20250302-0119-5504-3ab4-d65aee370319,15,20250302-0119-5504-3ab4-d65aee370319/15/20250302-0119-5504-3ab4-d65aee370319_15_143.jpg,20250302-0119-5504-3ab4-d65aee370319_15_143.jpg,replacement,cluster_8,2333,0.5184282064437866,True,keep,non_random_source=replacement,,
20250302-0119-5504-3ab4-d65aee370319,15,20250302-0119-5504-3ab4-d65aee370319/15/20250302-0119-5504-3ab4-d65aee370319_15_185.jpg,20250302-0119-5504-3ab4-d65aee370319_15_185.jpg,diverse,cluster_4,3444,0.7756622433662415,True,keep,non_random_source=diverse,,
20250302-0119-5504-3ab4-d65aee370319,15,20250302-0119-5504-3ab4-d65aee370319/15/20250302-0119-5504-3ab4-d65aee370319_15_190.jpg,20250302-0119-5504-3ab4-d65aee370319_15_190.jpg,diverse,cluster_1,1389,0.4272715747356415,True,keep,non_random_source=diverse,,
20250302-0119-5504-3ab4-d65aee370319,15,20250302-0119-5504-3ab4-d65aee370319/15/20250302-0119-5504-3ab4-d65aee370319_15_45.jpg,20250302-0119-5504-3ab4-d65aee370319_15_45.jpg,replacement,cluster_4,3444,0.5623217225074768,True,keep,non_random_source=replacement,,
20250302-0119-5504-3ab4-d65aee370319,15,20250302-0119-5504-3ab4-d65aee370319/15/20250302-0119-5504-3ab4-d65aee370319_15_56.jpg,20250302-0119-5504-3ab4-d65aee370319_15_56.jpg,hard,cluster_4,3444,0.4079511761665344,True,keep,non_random_source=hard,,
20250302-0119-5504-3ab4-d65aee370319,15,20250302-0119-5504-3ab4-d65aee370319/15/20250302-0119-5504-3ab4-d65aee370319_15_67.jpg,20250302-0119-5504-3ab4-d65aee370319_15_67.jpg,hard,cluster_8,2333,0.536935031414032,True,keep,non_random_source=hard,,
20250302-0119-5504-3ab4-d65aee370319,15,20250302-0119-5504-3ab4-d65aee370319/15/20250302-0119-5504-3ab4-d65aee370319_15_79.jpg,20250302-0119-5504-3ab4-d65aee370319_15_79.jpg,replacement,cluster_4,3444,0.5720191597938538,True,keep,non_random_source=replacement,,
20250302-0119-5504-3ab4-d65aee370319,16,20250302-0119-5504-3ab4-d65aee370319/16/20250302-0119-5504-3ab4-d65aee370319_16_11.jpg,20250302-0119-5504-3ab4-d65aee370319_16_11.jpg,diverse,cluster_7,2261,0.575315535068512,False,keep,non_random_source=diverse,,
20250302-0119-5504-3ab4-d65aee370319,16,20250302-0119-5504-3ab4-d65aee370319/16/20250302-0119-5504-3ab4-d65aee370319_16_153.jpg,20250302-0119-5504-3ab4-d65aee370319_16_153.jpg,hard,cluster_11,4191,0.6724019050598145,False,keep,non_random_source=hard,,
20250302-0119-5504-3ab4-d65aee370319,16,20250302-0119-5504-3ab4-d65aee370319/16/20250302-0119-5504-3ab4-d65aee370319_16_183.jpg,20250302-0119-5504-3ab4-d65aee370319_16_183.jpg,hard,cluster_11,4191,0.7140793800354004,False,keep,non_random_source=hard,,
20250302-0119-5504-3ab4-d65aee370319,16,20250302-0119-5504-3ab4-d65aee370319/16/20250302-0119-5504-3ab4-d65aee370319_16_195.jpg,20250302-0119-5504-3ab4-d65aee370319_16_195.jpg,diverse,cluster_11,4191,0.7170506119728088,False,keep,non_random_source=diverse,,
20250302-0119-5504-3ab4-d65aee370319,17,20250302-0119-5504-3ab4-d65aee370319/17/20250302-0119-5504-3ab4-d65aee370319_17_121.jpg,20250302-0119-5504-3ab4-d65aee370319_17_121.jpg,hard,cluster_6,3834,0.7562635540962219,False,keep,non_random_source=hard,,
20250302-0119-5504-3ab4-d65aee370319,17,20250302-0119-5504-3ab4-d65aee370319/17/20250302-0119-5504-3ab4-d65aee370319_17_15.jpg,20250302-0119-5504-3ab4-d65aee370319_17_15.jpg,diverse,cluster_2,2092,0.6416875123977661,False,keep,non_random_source=diverse,,
20250302-0119-5504-3ab4-d65aee370319,17,20250302-0119-5504-3ab4-d65aee370319/17/20250302-0119-5504-3ab4-d65aee370319_17_184.jpg,20250302-0119-5504-3ab4-d65aee370319_17_184.jpg,hard,cluster_6,3834,0.780211865901947,False,keep,non_random_source=hard,,
20250302-0119-5504-3ab4-d65aee370319,17,20250302-0119-5504-3ab4-d65aee370319/17/20250302-0119-5504-3ab4-d65aee370319_17_38.jpg,20250302-0119-5504-3ab4-d65aee370319_17_38.jpg,diverse,cluster_6,3834,0.7822619080543518,False,keep,non_random_source=diverse,,
20250302-2343-271e-0255-bb6b16097802,%e4%ba%8c.15,20250302-2343-271e-0255-bb6b16097802/%e4%ba%8c.15/20250302-2343-271e-0255-bb6b16097802_%e4%ba%8c.15_150.jpg,20250302-2343-271e-0255-bb6b16097802_%e4%ba%8c.15_150.jpg,diverse,cluster_4,3444,0.7244651913642883,False,keep,non_random_source=diverse,,
20250302-2343-271e-0255-bb6b16097802,%e4%ba%8c.15,20250302-2343-271e-0255-bb6b16097802/%e4%ba%8c.15/20250302-2343-271e-0255-bb6b16097802_%e4%ba%8c.15_159.jpg,20250302-2343-271e-0255-bb6b16097802_%e4%ba%8c.15_159.jpg,hard,cluster_8,2333,0.6064929962158203,False,keep,non_random_source=hard,,
20250302-2343-271e-0255-bb6b16097802,%e4%ba%8c.15,20250302-2343-271e-0255-bb6b16097802/%e4%ba%8c.15/20250302-2343-271e-0255-bb6b16097802_%e4%ba%8c.15_185.jpg,20250302-2343-271e-0255-bb6b16097802_%e4%ba%8c.15_185.jpg,hard,cluster_8,2333,0.577850341796875,False,keep,non_random_source=hard,,
20250302-2343-271e-0255-bb6b16097802,%e4%ba%8c.15,20250302-2343-271e-0255-bb6b16097802/%e4%ba%8c.15/20250302-2343-271e-0255-bb6b16097802_%e4%ba%8c.15_75.jpg,20250302-2343-271e-0255-bb6b16097802_%e4%ba%8c.15_75.jpg,diverse,cluster_8,2333,0.6274842023849487,False,keep,non_random_source=diverse,,
20250302-2343-271e-0255-bb6b16097802,%e4%ba%8c.16,20250302-2343-271e-0255-bb6b16097802/%e4%ba%8c.16/20250302-2343-271e-0255-bb6b16097802_%e4%ba%8c.16_07.jpg,20250302-2343-271e-0255-bb6b16097802_%e4%ba%8c.16_07.jpg,diverse,cluster_6,3834,0.764854371547699,False,keep,non_random_source=diverse,,
20250302-2343-271e-0255-bb6b16097802,%e4%ba%8c.16,20250302-2343-271e-0255-bb6b16097802/%e4%ba%8c.16/20250302-2343-271e-0255-bb6b16097802_%e4%ba%8c.16_135.jpg,20250302-2343-271e-0255-bb6b16097802_%e4%ba%8c.16_135.jpg,hard,cluster_6,3834,0.7683745622634888,False,keep,non_random_source=hard,,
20250302-2343-271e-0255-bb6b16097802,%e4%ba%8c.16,20250302-2343-271e-0255-bb6b16097802/%e4%ba%8c.16/20250302-2343-271e-0255-bb6b16097802_%e4%ba%8c.16_174.jpg,20250302-2343-271e-0255-bb6b16097802_%e4%ba%8c.16_174.jpg,diverse,cluster_2,2092,0.7823664546012878,False,keep,non_random_source=diverse,,
20250302-2343-271e-0255-bb6b16097802,%e4%ba%8c.16,20250302-2343-271e-0255-bb6b16097802/%e4%ba%8c.16/20250302-2343-271e-0255-bb6b16097802_%e4%ba%8c.16_94.jpg,20250302-2343-271e-0255-bb6b16097802_%e4%ba%8c.16_94.jpg,hard,cluster_6,3834,0.8118398785591125,False,keep,non_random_source=hard,,
20250302-2343-271e-0255-bb6b16097802,%e4%ba%8c.17,20250302-2343-271e-0255-bb6b16097802/%e4%ba%8c.17/20250302-2343-271e-0255-bb6b16097802_%e4%ba%8c.17_144.jpg,20250302-2343-271e-0255-bb6b16097802_%e4%ba%8c.17_144.jpg,hard,cluster_0,2169,0.7757887840270996,False,keep,non_random_source=hard,,
20250302-2343-271e-0255-bb6b16097802,%e4%ba%8c.17,20250302-2343-271e-0255-bb6b16097802/%e4%ba%8c.17/20250302-2343-271e-0255-bb6b16097802_%e4%ba%8c.17_153.jpg,20250302-2343-271e-0255-bb6b16097802_%e4%ba%8c.17_153.jpg,hard,cluster_0,2169,0.7848007082939148,False,keep,non_random_source=hard,,
20250302-2343-271e-0255-bb6b16097802,%e4%ba%8c.17,20250302-2343-271e-0255-bb6b16097802/%e4%ba%8c.17/20250302-2343-271e-0255-bb6b16097802_%e4%ba%8c.17_170.jpg,20250302-2343-271e-0255-bb6b16097802_%e4%ba%8c.17_170.jpg,diverse,cluster_3,2444,0.8418344855308533,False,keep,non_random_source=diverse,,
20250302-2343-271e-0255-bb6b16097802,%e4%ba%8c.17,20250302-2343-271e-0255-bb6b16097802/%e4%ba%8c.17/20250302-2343-271e-0255-bb6b16097802_%e4%ba%8c.17_91.jpg,20250302-2343-271e-0255-bb6b16097802_%e4%ba%8c.17_91.jpg,diverse,cluster_0,2169,0.4680219292640686,False,keep,non_random_source=diverse,,
20250302-2343-271e-0255-bb6b16097802,%e4%ba%8c.18,20250302-2343-271e-0255-bb6b16097802/%e4%ba%8c.18/20250302-2343-271e-0255-bb6b16097802_%e4%ba%8c.18_146.jpg,20250302-2343-271e-0255-bb6b16097802_%e4%ba%8c.18_146.jpg,hard,cluster_11,4191,0.6604822278022766,True,keep,non_random_source=hard,,
20250302-2343-271e-0255-bb6b16097802,%e4%ba%8c.18,20250302-2343-271e-0255-bb6b16097802/%e4%ba%8c.18/20250302-2343-271e-0255-bb6b16097802_%e4%ba%8c.18_159.jpg,20250302-2343-271e-0255-bb6b16097802_%e4%ba%8c.18_159.jpg,replacement,cluster_9,3636,0.7728727459907532,True,keep,non_random_source=replacement,,
20250302-2343-271e-0255-bb6b16097802,%e4%ba%8c.18,20250302-2343-271e-0255-bb6b16097802/%e4%ba%8c.18/20250302-2343-271e-0255-bb6b16097802_%e4%ba%8c.18_184.jpg,20250302-2343-271e-0255-bb6b16097802_%e4%ba%8c.18_184.jpg,replacement,cluster_7,2261,0.5523519515991211,True,keep,non_random_source=replacement,,
20250302-2343-271e-0255-bb6b16097802,%e4%ba%8c.18,20250302-2343-271e-0255-bb6b16097802/%e4%ba%8c.18/20250302-2343-271e-0255-bb6b16097802_%e4%ba%8c.18_192.jpg,20250302-2343-271e-0255-bb6b16097802_%e4%ba%8c.18_192.jpg,replacement,cluster_11,4191,0.6014076471328735,True,keep,non_random_source=replacement,,
20250302-2343-271e-0255-bb6b16097802,%e4%ba%8c.18,20250302-2343-271e-0255-bb6b16097802/%e4%ba%8c.18/20250302-2343-271e-0255-bb6b16097802_%e4%ba%8c.18_28.jpg,20250302-2343-271e-0255-bb6b16097802_%e4%ba%8c.18_28.jpg,diverse,cluster_9,3636,0.7523952722549438,True,keep,non_random_source=diverse,,
20250302-2343-271e-0255-bb6b16097802,%e4%ba%8c.18,20250302-2343-271e-0255-bb6b16097802/%e4%ba%8c.18/20250302-2343-271e-0255-bb6b16097802_%e4%ba%8c.18_30.jpg,20250302-2343-271e-0255-bb6b16097802_%e4%ba%8c.18_30.jpg,hard,cluster_11,4191,0.6082714200019836,True,keep,non_random_source=hard,,
20250302-2343-271e-0255-bb6b16097802,%e4%ba%8c.18,20250302-2343-271e-0255-bb6b16097802/%e4%ba%8c.18/20250302-2343-271e-0255-bb6b16097802_%e4%ba%8c.18_58.jpg,20250302-2343-271e-0255-bb6b16097802_%e4%ba%8c.18_58.jpg,replacement,cluster_9,3636,0.7937591671943665,True,keep,non_random_source=replacement,,
20250302-2343-271e-0255-bb6b16097802,%e4%ba%8c.18,20250302-2343-271e-0255-bb6b16097802/%e4%ba%8c.18/20250302-2343-271e-0255-bb6b16097802_%e4%ba%8c.18_89.jpg,20250302-2343-271e-0255-bb6b16097802_%e4%ba%8c.18_89.jpg,diverse,cluster_11,4191,0.6886026859283447,True,keep,non_random_source=diverse,,
20250302-2343-271e-0255-bb6b16097802,%e4%ba%8c.19,20250302-2343-271e-0255-bb6b16097802/%e4%ba%8c.19/20250302-2343-271e-0255-bb6b16097802_%e4%ba%8c.19_137.jpg,20250302-2343-271e-0255-bb6b16097802_%e4%ba%8c.19_137.jpg,diverse,cluster_4,3444,0.6584576964378357,True,keep,non_random_source=diverse,,
20250302-2343-271e-0255-bb6b16097802,%e4%ba%8c.19,20250302-2343-271e-0255-bb6b16097802/%e4%ba%8c.19/20250302-2343-271e-0255-bb6b16097802_%e4%ba%8c.19_138.jpg,20250302-2343-271e-0255-bb6b16097802_%e4%ba%8c.19_138.jpg,diverse,cluster_10,2055,0.5917556285858154,True,keep,non_random_source=diverse,,
20250302-2343-271e-0255-bb6b16097802,%e4%ba%8c.19,20250302-2343-271e-0255-bb6b16097802/%e4%ba%8c.19/20250302-2343-271e-0255-bb6b16097802_%e4%ba%8c.19_146.jpg,20250302-2343-271e-0255-bb6b16097802_%e4%ba%8c.19_146.jpg,hard,cluster_10,2055,0.6835755109786987,True,keep,non_random_source=hard,,
20250302-2343-271e-0255-bb6b16097802,%e4%ba%8c.19,20250302-2343-271e-0255-bb6b16097802/%e4%ba%8c.19/20250302-2343-271e-0255-bb6b16097802_%e4%ba%8c.19_152.jpg,20250302-2343-271e-0255-bb6b16097802_%e4%ba%8c.19_152.jpg,hard,cluster_10,2055,0.4831792414188385,True,keep,non_random_source=hard,,
20250302-2343-271e-0255-bb6b16097802,%e4%ba%8c.19,20250302-2343-271e-0255-bb6b16097802/%e4%ba%8c.19/20250302-2343-271e-0255-bb6b16097802_%e4%ba%8c.19_168.jpg,20250302-2343-271e-0255-bb6b16097802_%e4%ba%8c.19_168.jpg,replacement,cluster_4,3444,0.7657585740089417,True,keep,non_random_source=replacement,,
20250302-2343-271e-0255-bb6b16097802,%e4%ba%8c.19,20250302-2343-271e-0255-bb6b16097802/%e4%ba%8c.19/20250302-2343-271e-0255-bb6b16097802_%e4%ba%8c.19_181.jpg,20250302-2343-271e-0255-bb6b16097802_%e4%ba%8c.19_181.jpg,replacement,cluster_4,3444,0.6718326807022095,True,keep,non_random_source=replacement,,
20250302-2343-271e-0255-bb6b16097802,%e4%ba%8c.19,20250302-2343-271e-0255-bb6b16097802/%e4%ba%8c.19/20250302-2343-271e-0255-bb6b16097802_%e4%ba%8c.19_41.jpg,20250302-2343-271e-0255-bb6b16097802_%e4%ba%8c.19_41.jpg,replacement,cluster_4,3444,0.7316630482673645,True,keep,non_random_source=replacement,,
20250302-2343-271e-0255-bb6b16097802,%e4%ba%8c.19,20250302-2343-271e-0255-bb6b16097802/%e4%ba%8c.19/20250302-2343-271e-0255-bb6b16097802_%e4%ba%8c.19_82.jpg,20250302-2343-271e-0255-bb6b16097802_%e4%ba%8c.19_82.jpg,replacement,cluster_4,3444,0.694276750087738,True,keep,non_random_source=replacement,,
20250824-0231-5998-1040-afb4c7110116,15,20250824-0231-5998-1040-afb4c7110116/15/20250824-0231-5998-1040-afb4c7110116_15_03.jpg,20250824-0231-5998-1040-afb4c7110116_15_03.jpg,diverse,cluster_4,3444,0.5167090892791748,False,keep,non_random_source=diverse,,
20250824-0231-5998-1040-afb4c7110116,15,20250824-0231-5998-1040-afb4c7110116/15/20250824-0231-5998-1040-afb4c7110116_15_119.jpg,20250824-0231-5998-1040-afb4c7110116_15_119.jpg,hard,cluster_10,2055,0.7891458868980408,False,keep,non_random_source=hard,,
20250824-0231-5998-1040-afb4c7110116,15,20250824-0231-5998-1040-afb4c7110116/15/20250824-0231-5998-1040-afb4c7110116_15_137.jpg,20250824-0231-5998-1040-afb4c7110116_15_137.jpg,hard,cluster_10,2055,0.8215409517288208,False,keep,non_random_source=hard,,
20250824-0231-5998-1040-afb4c7110116,15,20250824-0231-5998-1040-afb4c7110116/15/20250824-0231-5998-1040-afb4c7110116_15_34.jpg,20250824-0231-5998-1040-afb4c7110116_15_34.jpg,diverse,cluster_10,2055,0.8578523993492126,False,keep,non_random_source=diverse,,
20250824-0231-5998-1040-afb4c7110116,16,20250824-0231-5998-1040-afb4c7110116/16/20250824-0231-5998-1040-afb4c7110116_16_127.jpg,20250824-0231-5998-1040-afb4c7110116_16_127.jpg,diverse,cluster_4,3444,0.5557810664176941,False,keep,non_random_source=diverse,,
20250824-0231-5998-1040-afb4c7110116,16,20250824-0231-5998-1040-afb4c7110116/16/20250824-0231-5998-1040-afb4c7110116_16_25.jpg,20250824-0231-5998-1040-afb4c7110116_16_25.jpg,hard,cluster_8,2333,0.6127539277076721,False,keep,non_random_source=hard,,
20250824-0231-5998-1040-afb4c7110116,16,20250824-0231-5998-1040-afb4c7110116/16/20250824-0231-5998-1040-afb4c7110116_16_64.jpg,20250824-0231-5998-1040-afb4c7110116_16_64.jpg,hard,cluster_8,2333,0.5550495386123657,False,keep,non_random_source=hard,,
20250824-0231-5998-1040-afb4c7110116,16,20250824-0231-5998-1040-afb4c7110116/16/20250824-0231-5998-1040-afb4c7110116_16_92.jpg,20250824-0231-5998-1040-afb4c7110116_16_92.jpg,diverse,cluster_8,2333,0.6385025382041931,False,keep,non_random_source=diverse,,
20250824-0231-5998-1040-afb4c7110116,17,20250824-0231-5998-1040-afb4c7110116/17/20250824-0231-5998-1040-afb4c7110116_17_115.jpg,20250824-0231-5998-1040-afb4c7110116_17_115.jpg,hard,cluster_11,4191,0.7533504366874695,False,keep,non_random_source=hard,,
20250824-0231-5998-1040-afb4c7110116,17,20250824-0231-5998-1040-afb4c7110116/17/20250824-0231-5998-1040-afb4c7110116_17_183.jpg,20250824-0231-5998-1040-afb4c7110116_17_183.jpg,hard,cluster_11,4191,0.7199190855026245,False,keep,non_random_source=hard,,
20250824-0231-5998-1040-afb4c7110116,17,20250824-0231-5998-1040-afb4c7110116/17/20250824-0231-5998-1040-afb4c7110116_17_37.jpg,20250824-0231-5998-1040-afb4c7110116_17_37.jpg,diverse,cluster_7,2261,0.5944680571556091,False,keep,non_random_source=diverse,,
20250824-0231-5998-1040-afb4c7110116,17,20250824-0231-5998-1040-afb4c7110116/17/20250824-0231-5998-1040-afb4c7110116_17_68.jpg,20250824-0231-5998-1040-afb4c7110116_17_68.jpg,diverse,cluster_11,4191,0.7762462496757507,False,keep,non_random_source=diverse,,
20250824-0231-5998-1040-afb4c7110116,18,20250824-0231-5998-1040-afb4c7110116/18/20250824-0231-5998-1040-afb4c7110116_18_109.jpg,20250824-0231-5998-1040-afb4c7110116_18_109.jpg,diverse,cluster_8,2333,0.5272136926651001,False,keep,non_random_source=diverse,,
20250824-0231-5998-1040-afb4c7110116,18,20250824-0231-5998-1040-afb4c7110116/18/20250824-0231-5998-1040-afb4c7110116_18_123.jpg,20250824-0231-5998-1040-afb4c7110116_18_123.jpg,hard,cluster_8,2333,0.5475410223007202,False,keep,non_random_source=hard,,
20250824-0231-5998-1040-afb4c7110116,18,20250824-0231-5998-1040-afb4c7110116/18/20250824-0231-5998-1040-afb4c7110116_18_128.jpg,20250824-0231-5998-1040-afb4c7110116_18_128.jpg,hard,cluster_8,2333,0.5120488405227661,False,keep,non_random_source=hard,,
20250824-0231-5998-1040-afb4c7110116,18,20250824-0231-5998-1040-afb4c7110116/18/20250824-0231-5998-1040-afb4c7110116_18_132.jpg,20250824-0231-5998-1040-afb4c7110116_18_132.jpg,diverse,cluster_4,3444,0.6253073811531067,False,keep,non_random_source=diverse,,
20250824-0231-5998-1040-afb4c7110116,19,20250824-0231-5998-1040-afb4c7110116/19/20250824-0231-5998-1040-afb4c7110116_19_105.jpg,20250824-0231-5998-1040-afb4c7110116_19_105.jpg,diverse,cluster_7,2261,0.6108623147010803,False,keep,non_random_source=diverse,,
20250824-0231-5998-1040-afb4c7110116,19,20250824-0231-5998-1040-afb4c7110116/19/20250824-0231-5998-1040-afb4c7110116_19_132.jpg,20250824-0231-5998-1040-afb4c7110116_19_132.jpg,diverse,cluster_11,4191,0.8658841252326965,False,keep,non_random_source=diverse,,
20250824-0231-5998-1040-afb4c7110116,19,20250824-0231-5998-1040-afb4c7110116/19/20250824-0231-5998-1040-afb4c7110116_19_195.jpg,20250824-0231-5998-1040-afb4c7110116_19_195.jpg,hard,cluster_11,4191,0.7682292461395264,False,keep,non_random_source=hard,,
20250824-0231-5998-1040-afb4c7110116,19,20250824-0231-5998-1040-afb4c7110116/19/20250824-0231-5998-1040-afb4c7110116_19_23.jpg,20250824-0231-5998-1040-afb4c7110116_19_23.jpg,hard,cluster_11,4191,0.7120435833930969,False,keep,non_random_source=hard,,
20250825-0258-3866-a577-42ed1b311756,15,20250825-0258-3866-a577-42ed1b311756/15/20250825-0258-3866-a577-42ed1b311756_15_125.jpg,20250825-0258-3866-a577-42ed1b311756_15_125.jpg,hard,cluster_8,2333,0.6515153050422668,False,keep,non_random_source=hard,,
20250825-0258-3866-a577-42ed1b311756,15,20250825-0258-3866-a577-42ed1b311756/15/20250825-0258-3866-a577-42ed1b311756_15_136.jpg,20250825-0258-3866-a577-42ed1b311756_15_136.jpg,diverse,cluster_4,3444,0.5418429374694824,False,keep,non_random_source=diverse,,
20250825-0258-3866-a577-42ed1b311756,15,20250825-0258-3866-a577-42ed1b311756/15/20250825-0258-3866-a577-42ed1b311756_15_172.jpg,20250825-0258-3866-a577-42ed1b311756_15_172.jpg,diverse,cluster_8,2333,0.6717715263366699,False,keep,non_random_source=diverse,,
20250825-0258-3866-a577-42ed1b311756,15,20250825-0258-3866-a577-42ed1b311756/15/20250825-0258-3866-a577-42ed1b311756_15_18.jpg,20250825-0258-3866-a577-42ed1b311756_15_18.jpg,hard,cluster_8,2333,0.6183068156242371,False,keep,non_random_source=hard,,
20250825-0258-3866-a577-42ed1b311756,16,20250825-0258-3866-a577-42ed1b311756/16/20250825-0258-3866-a577-42ed1b311756_16_101.jpg,20250825-0258-3866-a577-42ed1b311756_16_101.jpg,diverse,cluster_10,2055,0.7512118816375732,True,keep,non_random_source=diverse,,
20250825-0258-3866-a577-42ed1b311756,16,20250825-0258-3866-a577-42ed1b311756/16/20250825-0258-3866-a577-42ed1b311756_16_119.jpg,20250825-0258-3866-a577-42ed1b311756_16_119.jpg,hard,cluster_10,2055,0.6569543480873108,True,keep,non_random_source=hard,,
20250825-0258-3866-a577-42ed1b311756,16,20250825-0258-3866-a577-42ed1b311756/16/20250825-0258-3866-a577-42ed1b311756_16_134.jpg,20250825-0258-3866-a577-42ed1b311756_16_134.jpg,hard,cluster_10,2055,0.7637139558792114,True,keep,non_random_source=hard,,
20250825-0258-3866-a577-42ed1b311756,16,20250825-0258-3866-a577-42ed1b311756/16/20250825-0258-3866-a577-42ed1b311756_16_158.jpg,20250825-0258-3866-a577-42ed1b311756_16_158.jpg,replacement,cluster_4,3444,0.5788170695304871,True,keep,non_random_source=replacement,,
20250825-0258-3866-a577-42ed1b311756,16,20250825-0258-3866-a577-42ed1b311756/16/20250825-0258-3866-a577-42ed1b311756_16_182.jpg,20250825-0258-3866-a577-42ed1b311756_16_182.jpg,diverse,cluster_4,3444,0.598527193069458,True,keep,non_random_source=diverse,,
20250825-0258-3866-a577-42ed1b311756,16,20250825-0258-3866-a577-42ed1b311756/16/20250825-0258-3866-a577-42ed1b311756_16_36.jpg,20250825-0258-3866-a577-42ed1b311756_16_36.jpg,replacement,cluster_10,2055,0.4332975447177887,True,keep,non_random_source=replacement,,
20250825-0258-3866-a577-42ed1b311756,16,20250825-0258-3866-a577-42ed1b311756/16/20250825-0258-3866-a577-42ed1b311756_16_45.jpg,20250825-0258-3866-a577-42ed1b311756_16_45.jpg,replacement,cluster_4,3444,0.6771239042282104,True,keep,non_random_source=replacement,,
20250825-0258-3866-a577-42ed1b311756,16,20250825-0258-3866-a577-42ed1b311756/16/20250825-0258-3866-a577-42ed1b311756_16_73.jpg,20250825-0258-3866-a577-42ed1b311756_16_73.jpg,replacement,cluster_4,3444,0.5870423913002014,True,keep,non_random_source=replacement,,
20250825-0258-3866-a577-42ed1b311756,17,20250825-0258-3866-a577-42ed1b311756/17/20250825-0258-3866-a577-42ed1b311756_17_150.jpg,20250825-0258-3866-a577-42ed1b311756_17_150.jpg,hard,cluster_0,2169,0.7277241945266724,False,keep,non_random_source=hard,,
20250825-0258-3866-a577-42ed1b311756,17,20250825-0258-3866-a577-42ed1b311756/17/20250825-0258-3866-a577-42ed1b311756_17_68.jpg,20250825-0258-3866-a577-42ed1b311756_17_68.jpg,diverse,cluster_3,2444,0.7711548805236816,False,keep,non_random_source=diverse,,
20250825-0258-3866-a577-42ed1b311756,17,20250825-0258-3866-a577-42ed1b311756/17/20250825-0258-3866-a577-42ed1b311756_17_74.jpg,20250825-0258-3866-a577-42ed1b311756_17_74.jpg,diverse,cluster_0,2169,0.7065891623497009,False,keep,non_random_source=diverse,,
20250825-0258-3866-a577-42ed1b311756,17,20250825-0258-3866-a577-42ed1b311756/17/20250825-0258-3866-a577-42ed1b311756_17_98.jpg,20250825-0258-3866-a577-42ed1b311756_17_98.jpg,hard,cluster_0,2169,0.7171953320503235,False,keep,non_random_source=hard,,
20250825-0258-3866-a577-42ed1b311756,18,20250825-0258-3866-a577-42ed1b311756/18/20250825-0258-3866-a577-42ed1b311756_18_03.jpg,20250825-0258-3866-a577-42ed1b311756_18_03.jpg,hard,cluster_6,3834,0.8084061145782471,False,keep,non_random_source=hard,,
20250825-0258-3866-a577-42ed1b311756,18,20250825-0258-3866-a577-42ed1b311756/18/20250825-0258-3866-a577-42ed1b311756_18_146.jpg,20250825-0258-3866-a577-42ed1b311756_18_146.jpg,hard,cluster_6,3834,0.7545028328895569,False,keep,non_random_source=hard,,
20250825-0258-3866-a577-42ed1b311756,18,20250825-0258-3866-a577-42ed1b311756/18/20250825-0258-3866-a577-42ed1b311756_18_40.jpg,20250825-0258-3866-a577-42ed1b311756_18_40.jpg,diverse,cluster_6,3834,0.7939591407775879,False,keep,non_random_source=diverse,,
20250825-0258-3866-a577-42ed1b311756,18,20250825-0258-3866-a577-42ed1b311756/18/20250825-0258-3866-a577-42ed1b311756_18_99.jpg,20250825-0258-3866-a577-42ed1b311756_18_99.jpg,diverse,cluster_2,2092,0.6749608516693115,False,keep,non_random_source=diverse,,
20250825-0258-3866-a577-42ed1b311756,19,20250825-0258-3866-a577-42ed1b311756/19/20250825-0258-3866-a577-42ed1b311756_19_04.jpg,20250825-0258-3866-a577-42ed1b311756_19_04.jpg,diverse,cluster_9,3636,0.6421115398406982,True,keep,non_random_source=diverse,,
20250825-0258-3866-a577-42ed1b311756,19,20250825-0258-3866-a577-42ed1b311756/19/20250825-0258-3866-a577-42ed1b311756_19_106.jpg,20250825-0258-3866-a577-42ed1b311756_19_106.jpg,replacement,cluster_9,3636,0.5739727020263672,True,keep,non_random_source=replacement,,
20250825-0258-3866-a577-42ed1b311756,19,20250825-0258-3866-a577-42ed1b311756/19/20250825-0258-3866-a577-42ed1b311756_19_119.jpg,20250825-0258-3866-a577-42ed1b311756_19_119.jpg,replacement,cluster_9,3636,0.6226919293403625,True,keep,non_random_source=replacement,,
20250825-0258-3866-a577-42ed1b311756,19,20250825-0258-3866-a577-42ed1b311756/19/20250825-0258-3866-a577-42ed1b311756_19_142.jpg,20250825-0258-3866-a577-42ed1b311756_19_142.jpg,hard,cluster_11,4191,0.6059552431106567,True,keep,non_random_source=hard,,
20250825-0258-3866-a577-42ed1b311756,19,20250825-0258-3866-a577-42ed1b311756/19/20250825-0258-3866-a577-42ed1b311756_19_167.jpg,20250825-0258-3866-a577-42ed1b311756_19_167.jpg,replacement,cluster_7,2261,0.5882465243339539,True,keep,non_random_source=replacement,,
20250825-0258-3866-a577-42ed1b311756,19,20250825-0258-3866-a577-42ed1b311756/19/20250825-0258-3866-a577-42ed1b311756_19_33.jpg,20250825-0258-3866-a577-42ed1b311756_19_33.jpg,replacement,cluster_9,3636,0.6174156069755554,True,keep,non_random_source=replacement,,
20250825-0258-3866-a577-42ed1b311756,19,20250825-0258-3866-a577-42ed1b311756/19/20250825-0258-3866-a577-42ed1b311756_19_63.jpg,20250825-0258-3866-a577-42ed1b311756_19_63.jpg,hard,cluster_12,4553,0.6281172037124634,True,keep,non_random_source=hard,,
20250825-0258-3866-a577-42ed1b311756,19,20250825-0258-3866-a577-42ed1b311756/19/20250825-0258-3866-a577-42ed1b311756_19_72.jpg,20250825-0258-3866-a577-42ed1b311756_19_72.jpg,diverse,cluster_11,4191,0.6296555995941162,True,keep,non_random_source=diverse,,
20250827-0746-4910-63db-fb026a157065,15,20250827-0746-4910-63db-fb026a157065/15/20250827-0746-4910-63db-fb026a157065_15_101.jpg,20250827-0746-4910-63db-fb026a157065_15_101.jpg,diverse,cluster_9,3636,0.620914101600647,True,keep,non_random_source=diverse,,
20250827-0746-4910-63db-fb026a157065,15,20250827-0746-4910-63db-fb026a157065/15/20250827-0746-4910-63db-fb026a157065_15_117.jpg,20250827-0746-4910-63db-fb026a157065_15_117.jpg,replacement,cluster_12,4553,0.6498602032661438,True,keep,non_random_source=replacement,,
20250827-0746-4910-63db-fb026a157065,15,20250827-0746-4910-63db-fb026a157065/15/20250827-0746-4910-63db-fb026a157065_15_17.jpg,20250827-0746-4910-63db-fb026a157065_15_17.jpg,replacement,cluster_7,2261,0.4346059262752533,True,keep,non_random_source=replacement,,
20250827-0746-4910-63db-fb026a157065,15,20250827-0746-4910-63db-fb026a157065/15/20250827-0746-4910-63db-fb026a157065_15_170.jpg,20250827-0746-4910-63db-fb026a157065_15_170.jpg,replacement,cluster_9,3636,0.6063166260719299,True,keep,non_random_source=replacement,,
20250827-0746-4910-63db-fb026a157065,15,20250827-0746-4910-63db-fb026a157065/15/20250827-0746-4910-63db-fb026a157065_15_189.jpg,20250827-0746-4910-63db-fb026a157065_15_189.jpg,hard,cluster_12,4553,0.6489644050598145,True,keep,non_random_source=hard,,
20250827-0746-4910-63db-fb026a157065,15,20250827-0746-4910-63db-fb026a157065/15/20250827-0746-4910-63db-fb026a157065_15_71.jpg,20250827-0746-4910-63db-fb026a157065_15_71.jpg,diverse,cluster_12,4553,0.581349790096283,True,keep,non_random_source=diverse,,
20250827-0746-4910-63db-fb026a157065,15,20250827-0746-4910-63db-fb026a157065/15/20250827-0746-4910-63db-fb026a157065_15_79.jpg,20250827-0746-4910-63db-fb026a157065_15_79.jpg,replacement,cluster_12,4553,0.3908693790435791,True,keep,non_random_source=replacement,,
20250827-0746-4910-63db-fb026a157065,15,20250827-0746-4910-63db-fb026a157065/15/20250827-0746-4910-63db-fb026a157065_15_96.jpg,20250827-0746-4910-63db-fb026a157065_15_96.jpg,hard,cluster_12,4553,0.5817064642906189,True,keep,non_random_source=hard,,
20250827-0746-4910-63db-fb026a157065,16,20250827-0746-4910-63db-fb026a157065/16/20250827-0746-4910-63db-fb026a157065_16_09.jpg,20250827-0746-4910-63db-fb026a157065_16_09.jpg,hard,cluster_12,4553,0.6781876683235168,False,keep,non_random_source=hard,,
20250827-0746-4910-63db-fb026a157065,16,20250827-0746-4910-63db-fb026a157065/16/20250827-0746-4910-63db-fb026a157065_16_103.jpg,20250827-0746-4910-63db-fb026a157065_16_103.jpg,diverse,cluster_7,2261,0.4204026758670807,False,keep,non_random_source=diverse,,
20250827-0746-4910-63db-fb026a157065,16,20250827-0746-4910-63db-fb026a157065/16/20250827-0746-4910-63db-fb026a157065_16_116.jpg,20250827-0746-4910-63db-fb026a157065_16_116.jpg,diverse,cluster_12,4553,0.6361988186836243,False,keep,non_random_source=diverse,,
20250827-0746-4910-63db-fb026a157065,16,20250827-0746-4910-63db-fb026a157065/16/20250827-0746-4910-63db-fb026a157065_16_68.jpg,20250827-0746-4910-63db-fb026a157065_16_68.jpg,hard,cluster_12,4553,0.6403871178627014,False,keep,non_random_source=hard,,
20250827-0746-4910-63db-fb026a157065,17,20250827-0746-4910-63db-fb026a157065/17/20250827-0746-4910-63db-fb026a157065_17_116.jpg,20250827-0746-4910-63db-fb026a157065_17_116.jpg,diverse,cluster_12,4553,0.7892467975616455,False,keep,non_random_source=diverse,,
20250827-0746-4910-63db-fb026a157065,17,20250827-0746-4910-63db-fb026a157065/17/20250827-0746-4910-63db-fb026a157065_17_119.jpg,20250827-0746-4910-63db-fb026a157065_17_119.jpg,hard,cluster_12,4553,0.7162860631942749,False,keep,non_random_source=hard,,
20250827-0746-4910-63db-fb026a157065,17,20250827-0746-4910-63db-fb026a157065/17/20250827-0746-4910-63db-fb026a157065_17_68.jpg,20250827-0746-4910-63db-fb026a157065_17_68.jpg,diverse,cluster_9,3636,0.6785370111465454,False,keep,non_random_source=diverse,,
20250827-0746-4910-63db-fb026a157065,17,20250827-0746-4910-63db-fb026a157065/17/20250827-0746-4910-63db-fb026a157065_17_73.jpg,20250827-0746-4910-63db-fb026a157065_17_73.jpg,hard,cluster_12,4553,0.6594047546386719,False,keep,non_random_source=hard,,
20250827-0746-4910-63db-fb026a157065,18,20250827-0746-4910-63db-fb026a157065/18/20250827-0746-4910-63db-fb026a157065_18_144.jpg,20250827-0746-4910-63db-fb026a157065_18_144.jpg,diverse,cluster_4,3444,0.5139528512954712,False,keep,non_random_source=diverse,,
20250827-0746-4910-63db-fb026a157065,18,20250827-0746-4910-63db-fb026a157065/18/20250827-0746-4910-63db-fb026a157065_18_179.jpg,20250827-0746-4910-63db-fb026a157065_18_179.jpg,hard,cluster_10,2055,0.5926697254180908,False,keep,non_random_source=hard,,
20250827-0746-4910-63db-fb026a157065,18,20250827-0746-4910-63db-fb026a157065/18/20250827-0746-4910-63db-fb026a157065_18_23.jpg,20250827-0746-4910-63db-fb026a157065_18_23.jpg,diverse,cluster_11,4191,0.6357525587081909,False,keep,non_random_source=diverse,,
20250827-0746-4910-63db-fb026a157065,18,20250827-0746-4910-63db-fb026a157065/18/20250827-0746-4910-63db-fb026a157065_18_97.jpg,20250827-0746-4910-63db-fb026a157065_18_97.jpg,hard,cluster_10,2055,0.6898751258850098,False,keep,non_random_source=hard,,
20250827-0746-4910-63db-fb026a157065,19,20250827-0746-4910-63db-fb026a157065/19/20250827-0746-4910-63db-fb026a157065_19_00.jpg,20250827-0746-4910-63db-fb026a157065_19_00.jpg,replacement,cluster_11,4191,0.737744152545929,True,keep,non_random_source=replacement,,
20250827-0746-4910-63db-fb026a157065,19,20250827-0746-4910-63db-fb026a157065/19/20250827-0746-4910-63db-fb026a157065_19_05.jpg,20250827-0746-4910-63db-fb026a157065_19_05.jpg,diverse,cluster_9,3636,0.6565976738929749,True,keep,non_random_source=diverse,,
20250827-0746-4910-63db-fb026a157065,19,20250827-0746-4910-63db-fb026a157065/19/20250827-0746-4910-63db-fb026a157065_19_117.jpg,20250827-0746-4910-63db-fb026a157065_19_117.jpg,replacement,cluster_11,4191,0.6663708090782166,True,keep,non_random_source=replacement,,
20250827-0746-4910-63db-fb026a157065,19,20250827-0746-4910-63db-fb026a157065/19/20250827-0746-4910-63db-fb026a157065_19_176.jpg,20250827-0746-4910-63db-fb026a157065_19_176.jpg,hard,cluster_11,4191,0.6580739617347717,True,keep,non_random_source=hard,,
20250827-0746-4910-63db-fb026a157065,19,20250827-0746-4910-63db-fb026a157065/19/20250827-0746-4910-63db-fb026a157065_19_184.jpg,20250827-0746-4910-63db-fb026a157065_19_184.jpg,diverse,cluster_11,4191,0.8049379587173462,True,keep,non_random_source=diverse,,
20250827-0746-4910-63db-fb026a157065,19,20250827-0746-4910-63db-fb026a157065/19/20250827-0746-4910-63db-fb026a157065_19_35.jpg,20250827-0746-4910-63db-fb026a157065_19_35.jpg,hard,cluster_11,4191,0.7432429790496826,True,keep,non_random_source=hard,,
20250827-0746-4910-63db-fb026a157065,19,20250827-0746-4910-63db-fb026a157065/19/20250827-0746-4910-63db-fb026a157065_19_66.jpg,20250827-0746-4910-63db-fb026a157065_19_66.jpg,replacement,cluster_11,4191,0.7866467237472534,True,keep,non_random_source=replacement,,
20250827-0746-4910-63db-fb026a157065,19,20250827-0746-4910-63db-fb026a157065/19/20250827-0746-4910-63db-fb026a157065_19_94.jpg,20250827-0746-4910-63db-fb026a157065_19_94.jpg,replacement,cluster_9,3636,0.7917690873146057,True,keep,non_random_source=replacement,,
20250828-0742-3331-8c0e-60f42c401241,15,20250828-0742-3331-8c0e-60f42c401241/15/20250828-0742-3331-8c0e-60f42c401241_15_11.jpg,20250828-0742-3331-8c0e-60f42c401241_15_11.jpg,diverse,cluster_11,4191,0.7137275338172913,False,keep,non_random_source=diverse,,
20250828-0742-3331-8c0e-60f42c401241,15,20250828-0742-3331-8c0e-60f42c401241/15/20250828-0742-3331-8c0e-60f42c401241_15_159.jpg,20250828-0742-3331-8c0e-60f42c401241_15_159.jpg,hard,cluster_11,4191,0.6910201907157898,False,keep,non_random_source=hard,,
20250828-0742-3331-8c0e-60f42c401241,15,20250828-0742-3331-8c0e-60f42c401241/15/20250828-0742-3331-8c0e-60f42c401241_15_188.jpg,20250828-0742-3331-8c0e-60f42c401241_15_188.jpg,diverse,cluster_7,2261,0.6147636771202087,False,keep,non_random_source=diverse,,
20250828-0742-3331-8c0e-60f42c401241,15,20250828-0742-3331-8c0e-60f42c401241/15/20250828-0742-3331-8c0e-60f42c401241_15_78.jpg,20250828-0742-3331-8c0e-60f42c401241_15_78.jpg,hard,cluster_11,4191,0.7083682417869568,False,keep,non_random_source=hard,,
20250828-0742-3331-8c0e-60f42c401241,16,20250828-0742-3331-8c0e-60f42c401241/16/20250828-0742-3331-8c0e-60f42c401241_16_157.jpg,20250828-0742-3331-8c0e-60f42c401241_16_157.jpg,hard,cluster_8,2333,0.8147372603416443,False,keep,non_random_source=hard,,
20250828-0742-3331-8c0e-60f42c401241,16,20250828-0742-3331-8c0e-60f42c401241/16/20250828-0742-3331-8c0e-60f42c401241_16_172.jpg,20250828-0742-3331-8c0e-60f42c401241_16_172.jpg,hard,cluster_8,2333,0.5336861610412598,False,keep,non_random_source=hard,,
20250828-0742-3331-8c0e-60f42c401241,16,20250828-0742-3331-8c0e-60f42c401241/16/20250828-0742-3331-8c0e-60f42c401241_16_85.jpg,20250828-0742-3331-8c0e-60f42c401241_16_85.jpg,diverse,cluster_8,2333,0.75504469871521,False,keep,non_random_source=diverse,,
20250828-0742-3331-8c0e-60f42c401241,16,20250828-0742-3331-8c0e-60f42c401241/16/20250828-0742-3331-8c0e-60f42c401241_16_93.jpg,20250828-0742-3331-8c0e-60f42c401241_16_93.jpg,diverse,cluster_4,3444,0.7337207198143005,False,keep,non_random_source=diverse,,
20250828-0742-3331-8c0e-60f42c401241,17,20250828-0742-3331-8c0e-60f42c401241/17/20250828-0742-3331-8c0e-60f42c401241_17_04.jpg,20250828-0742-3331-8c0e-60f42c401241_17_04.jpg,diverse,cluster_2,2092,0.6998109817504883,False,keep,non_random_source=diverse,,
20250828-0742-3331-8c0e-60f42c401241,17,20250828-0742-3331-8c0e-60f42c401241/17/20250828-0742-3331-8c0e-60f42c401241_17_37.jpg,20250828-0742-3331-8c0e-60f42c401241_17_37.jpg,hard,cluster_6,3834,0.8320258855819702,False,keep,non_random_source=hard,,
20250828-0742-3331-8c0e-60f42c401241,17,20250828-0742-3331-8c0e-60f42c401241/17/20250828-0742-3331-8c0e-60f42c401241_17_52.jpg,20250828-0742-3331-8c0e-60f42c401241_17_52.jpg,diverse,cluster_6,3834,0.9134833812713623,False,keep,non_random_source=diverse,,
20250828-0742-3331-8c0e-60f42c401241,17,20250828-0742-3331-8c0e-60f42c401241/17/20250828-0742-3331-8c0e-60f42c401241_17_76.jpg,20250828-0742-3331-8c0e-60f42c401241_17_76.jpg,hard,cluster_6,3834,0.8677312731742859,False,keep,non_random_source=hard,,
20250828-0742-3331-8c0e-60f42c401241,18,20250828-0742-3331-8c0e-60f42c401241/18/20250828-0742-3331-8c0e-60f42c401241_18_108.jpg,20250828-0742-3331-8c0e-60f42c401241_18_108.jpg,diverse,cluster_3,2444,0.806787371635437,False,keep,non_random_source=diverse,,
20250828-0742-3331-8c0e-60f42c401241,18,20250828-0742-3331-8c0e-60f42c401241/18/20250828-0742-3331-8c0e-60f42c401241_18_168.jpg,20250828-0742-3331-8c0e-60f42c401241_18_168.jpg,hard,cluster_0,2169,0.7896828055381775,False,keep,non_random_source=hard,,
20250828-0742-3331-8c0e-60f42c401241,18,20250828-0742-3331-8c0e-60f42c401241/18/20250828-0742-3331-8c0e-60f42c401241_18_24.jpg,20250828-0742-3331-8c0e-60f42c401241_18_24.jpg,diverse,cluster_0,2169,0.8073779940605164,False,keep,non_random_source=diverse,,
20250828-0742-3331-8c0e-60f42c401241,18,20250828-0742-3331-8c0e-60f42c401241/18/20250828-0742-3331-8c0e-60f42c401241_18_97.jpg,20250828-0742-3331-8c0e-60f42c401241_18_97.jpg,hard,cluster_0,2169,0.7856760621070862,False,keep,non_random_source=hard,,
20250829-0225-35b5-4745-e35fe5638955,16,20250829-0225-35b5-4745-e35fe5638955/16/20250829-0225-35b5-4745-e35fe5638955_16_106.jpg,20250829-0225-35b5-4745-e35fe5638955_16_106.jpg,replacement,cluster_8,2333,0.5426275134086609,True,keep,non_random_source=replacement,,
20250829-0225-35b5-4745-e35fe5638955,16,20250829-0225-35b5-4745-e35fe5638955/16/20250829-0225-35b5-4745-e35fe5638955_16_118.jpg,20250829-0225-35b5-4745-e35fe5638955_16_118.jpg,replacement,cluster_4,3444,0.709918737411499,True,keep,non_random_source=replacement,,
20250829-0225-35b5-4745-e35fe5638955,16,20250829-0225-35b5-4745-e35fe5638955/16/20250829-0225-35b5-4745-e35fe5638955_16_133.jpg,20250829-0225-35b5-4745-e35fe5638955_16_133.jpg,replacement,cluster_8,2333,0.6331918835639954,True,keep,non_random_source=replacement,,
20250829-0225-35b5-4745-e35fe5638955,16,20250829-0225-35b5-4745-e35fe5638955/16/20250829-0225-35b5-4745-e35fe5638955_16_162.jpg,20250829-0225-35b5-4745-e35fe5638955_16_162.jpg,hard,cluster_8,2333,0.6258344650268555,True,keep,non_random_source=hard,,
20250829-0225-35b5-4745-e35fe5638955,16,20250829-0225-35b5-4745-e35fe5638955/16/20250829-0225-35b5-4745-e35fe5638955_16_52.jpg,20250829-0225-35b5-4745-e35fe5638955_16_52.jpg,diverse,cluster_8,2333,0.6708789467811584,True,keep,non_random_source=diverse,,
20250829-0225-35b5-4745-e35fe5638955,16,20250829-0225-35b5-4745-e35fe5638955/16/20250829-0225-35b5-4745-e35fe5638955_16_55.jpg,20250829-0225-35b5-4745-e35fe5638955_16_55.jpg,hard,cluster_8,2333,0.6768695712089539,True,keep,non_random_source=hard,,
20250829-0225-35b5-4745-e35fe5638955,16,20250829-0225-35b5-4745-e35fe5638955/16/20250829-0225-35b5-4745-e35fe5638955_16_79.jpg,20250829-0225-35b5-4745-e35fe5638955_16_79.jpg,diverse,cluster_4,3444,0.6401552557945251,True,keep,non_random_source=diverse,,
20250829-0225-35b5-4745-e35fe5638955,16,20250829-0225-35b5-4745-e35fe5638955/16/20250829-0225-35b5-4745-e35fe5638955_16_97.jpg,20250829-0225-35b5-4745-e35fe5638955_16_97.jpg,replacement,cluster_8,2333,0.7150377631187439,True,keep,non_random_source=replacement,,
20250829-0225-35b5-4745-e35fe5638955,17,20250829-0225-35b5-4745-e35fe5638955/17/20250829-0225-35b5-4745-e35fe5638955_17_120.jpg,20250829-0225-35b5-4745-e35fe5638955_17_120.jpg,hard,cluster_5,2606,0.8371484279632568,True,keep,non_random_source=hard,,
20250829-0225-35b5-4745-e35fe5638955,17,20250829-0225-35b5-4745-e35fe5638955/17/20250829-0225-35b5-4745-e35fe5638955_17_126.jpg,20250829-0225-35b5-4745-e35fe5638955_17_126.jpg,replacement,cluster_5,2606,0.7342833280563354,True,keep,non_random_source=replacement,,
20250829-0225-35b5-4745-e35fe5638955,17,20250829-0225-35b5-4745-e35fe5638955/17/20250829-0225-35b5-4745-e35fe5638955_17_157.jpg,20250829-0225-35b5-4745-e35fe5638955_17_157.jpg,diverse,cluster_2,2092,0.6908978223800659,True,keep,non_random_source=diverse,,
20250829-0225-35b5-4745-e35fe5638955,17,20250829-0225-35b5-4745-e35fe5638955/17/20250829-0225-35b5-4745-e35fe5638955_17_185.jpg,20250829-0225-35b5-4745-e35fe5638955_17_185.jpg,replacement,cluster_2,2092,0.7541882395744324,True,keep,non_random_source=replacement,,
20250829-0225-35b5-4745-e35fe5638955,17,20250829-0225-35b5-4745-e35fe5638955/17/20250829-0225-35b5-4745-e35fe5638955_17_20.jpg,20250829-0225-35b5-4745-e35fe5638955_17_20.jpg,replacement,cluster_2,2092,0.7567321062088013,True,keep,non_random_source=replacement,,
20250829-0225-35b5-4745-e35fe5638955,17,20250829-0225-35b5-4745-e35fe5638955/17/20250829-0225-35b5-4745-e35fe5638955_17_77.jpg,20250829-0225-35b5-4745-e35fe5638955_17_77.jpg,diverse,cluster_5,2606,0.8002232909202576,True,keep,non_random_source=diverse,,
20250829-0225-35b5-4745-e35fe5638955,17,20250829-0225-35b5-4745-e35fe5638955/17/20250829-0225-35b5-4745-e35fe5638955_17_81.jpg,20250829-0225-35b5-4745-e35fe5638955_17_81.jpg,hard,cluster_5,2606,0.752654492855072,True,keep,non_random_source=hard,,
20250829-0225-35b5-4745-e35fe5638955,17,20250829-0225-35b5-4745-e35fe5638955/17/20250829-0225-35b5-4745-e35fe5638955_17_98.jpg,20250829-0225-35b5-4745-e35fe5638955_17_98.jpg,replacement,cluster_5,2606,0.6237945556640625,True,keep,non_random_source=replacement,,
20250829-0225-35b5-4745-e35fe5638955,18,20250829-0225-35b5-4745-e35fe5638955/18/20250829-0225-35b5-4745-e35fe5638955_18_118.jpg,20250829-0225-35b5-4745-e35fe5638955_18_118.jpg,hard,cluster_0,2169,0.701589822769165,False,keep,non_random_source=hard,,
20250829-0225-35b5-4745-e35fe5638955,18,20250829-0225-35b5-4745-e35fe5638955/18/20250829-0225-35b5-4745-e35fe5638955_18_143.jpg,20250829-0225-35b5-4745-e35fe5638955_18_143.jpg,hard,cluster_0,2169,0.7874422073364258,False,keep,non_random_source=hard,,
20250829-0225-35b5-4745-e35fe5638955,18,20250829-0225-35b5-4745-e35fe5638955/18/20250829-0225-35b5-4745-e35fe5638955_18_164.jpg,20250829-0225-35b5-4745-e35fe5638955_18_164.jpg,diverse,cluster_3,2444,0.8217167854309082,False,keep,non_random_source=diverse,,
20250829-0225-35b5-4745-e35fe5638955,18,20250829-0225-35b5-4745-e35fe5638955/18/20250829-0225-35b5-4745-e35fe5638955_18_23.jpg,20250829-0225-35b5-4745-e35fe5638955_18_23.jpg,diverse,cluster_0,2169,0.744312584400177,False,keep,non_random_source=diverse,,
20250829-0225-35b5-4745-e35fe5638955,19,20250829-0225-35b5-4745-e35fe5638955/19/20250829-0225-35b5-4745-e35fe5638955_19_10.jpg,20250829-0225-35b5-4745-e35fe5638955_19_10.jpg,hard,cluster_12,4553,0.67246413230896,False,keep,non_random_source=hard,,
20250829-0225-35b5-4745-e35fe5638955,19,20250829-0225-35b5-4745-e35fe5638955/19/20250829-0225-35b5-4745-e35fe5638955_19_174.jpg,20250829-0225-35b5-4745-e35fe5638955_19_174.jpg,hard,cluster_12,4553,0.7025728821754456,False,keep,non_random_source=hard,,
20250829-0225-35b5-4745-e35fe5638955,19,20250829-0225-35b5-4745-e35fe5638955/19/20250829-0225-35b5-4745-e35fe5638955_19_180.jpg,20250829-0225-35b5-4745-e35fe5638955_19_180.jpg,diverse,cluster_9,3636,0.7144108414649963,False,keep,non_random_source=diverse,,
20250829-0225-35b5-4745-e35fe5638955,19,20250829-0225-35b5-4745-e35fe5638955/19/20250829-0225-35b5-4745-e35fe5638955_19_99.jpg,20250829-0225-35b5-4745-e35fe5638955_19_99.jpg,diverse,cluster_12,4553,0.7355881929397583,False,keep,non_random_source=diverse,,
20250829-0943-432b-04de-e316f5467146,15,20250829-0943-432b-04de-e316f5467146/15/20250829-0943-432b-04de-e316f5467146_15_163.jpg,20250829-0943-432b-04de-e316f5467146_15_163.jpg,hard,cluster_9,3636,0.5915585160255432,False,keep,non_random_source=hard,,
20250829-0943-432b-04de-e316f5467146,15,20250829-0943-432b-04de-e316f5467146/15/20250829-0943-432b-04de-e316f5467146_15_188.jpg,20250829-0943-432b-04de-e316f5467146_15_188.jpg,hard,cluster_9,3636,0.6243922710418701,False,keep,non_random_source=hard,,
20250829-0943-432b-04de-e316f5467146,15,20250829-0943-432b-04de-e316f5467146/15/20250829-0943-432b-04de-e316f5467146_15_191.jpg,20250829-0943-432b-04de-e316f5467146_15_191.jpg,diverse,cluster_9,3636,0.6642794609069824,False,keep,non_random_source=diverse,,
20250829-0943-432b-04de-e316f5467146,15,20250829-0943-432b-04de-e316f5467146/15/20250829-0943-432b-04de-e316f5467146_15_195.jpg,20250829-0943-432b-04de-e316f5467146_15_195.jpg,diverse,cluster_7,2261,0.31619390845298767,False,keep,non_random_source=diverse,,
20250829-0943-432b-04de-e316f5467146,16,20250829-0943-432b-04de-e316f5467146/16/20250829-0943-432b-04de-e316f5467146_16_146.jpg,20250829-0943-432b-04de-e316f5467146_16_146.jpg,hard,cluster_12,4553,0.6596092581748962,False,keep,non_random_source=hard,,
20250829-0943-432b-04de-e316f5467146,16,20250829-0943-432b-04de-e316f5467146/16/20250829-0943-432b-04de-e316f5467146_16_19.jpg,20250829-0943-432b-04de-e316f5467146_16_19.jpg,hard,cluster_12,4553,0.6936743855476379,False,keep,non_random_source=hard,,
20250829-0943-432b-04de-e316f5467146,16,20250829-0943-432b-04de-e316f5467146/16/20250829-0943-432b-04de-e316f5467146_16_47.jpg,20250829-0943-432b-04de-e316f5467146_16_47.jpg,diverse,cluster_12,4553,0.778282105922699,False,keep,non_random_source=diverse,,
20250829-0943-432b-04de-e316f5467146,16,20250829-0943-432b-04de-e316f5467146/16/20250829-0943-432b-04de-e316f5467146_16_91.jpg,20250829-0943-432b-04de-e316f5467146_16_91.jpg,diverse,cluster_7,2261,0.6354818344116211,False,keep,non_random_source=diverse,,
20250829-0943-432b-04de-e316f5467146,17,20250829-0943-432b-04de-e316f5467146/17/20250829-0943-432b-04de-e316f5467146_17_03.jpg,20250829-0943-432b-04de-e316f5467146_17_03.jpg,hard,cluster_12,4553,0.6033883690834045,True,keep,non_random_source=hard,,
20250829-0943-432b-04de-e316f5467146,17,20250829-0943-432b-04de-e316f5467146/17/20250829-0943-432b-04de-e316f5467146_17_100.jpg,20250829-0943-432b-04de-e316f5467146_17_100.jpg,diverse,cluster_12,4553,0.606024980545044,True,keep,non_random_source=diverse,,
20250829-0943-432b-04de-e316f5467146,17,20250829-0943-432b-04de-e316f5467146/17/20250829-0943-432b-04de-e316f5467146_17_103.jpg,20250829-0943-432b-04de-e316f5467146_17_103.jpg,replacement,cluster_9,3636,0.698793888092041,True,keep,non_random_source=replacement,,
20250829-0943-432b-04de-e316f5467146,17,20250829-0943-432b-04de-e316f5467146/17/20250829-0943-432b-04de-e316f5467146_17_107.jpg,20250829-0943-432b-04de-e316f5467146_17_107.jpg,hard,cluster_12,4553,0.5997795462608337,True,keep,non_random_source=hard,,
20250829-0943-432b-04de-e316f5467146,17,20250829-0943-432b-04de-e316f5467146/17/20250829-0943-432b-04de-e316f5467146_17_108.jpg,20250829-0943-432b-04de-e316f5467146_17_108.jpg,replacement,cluster_9,3636,0.7272458076477051,True,keep,non_random_source=replacement,,
20250829-0943-432b-04de-e316f5467146,17,20250829-0943-432b-04de-e316f5467146/17/20250829-0943-432b-04de-e316f5467146_17_12.jpg,20250829-0943-432b-04de-e316f5467146_17_12.jpg,replacement,cluster_12,4553,0.48932987451553345,True,keep,non_random_source=replacement,,
20250829-0943-432b-04de-e316f5467146,17,20250829-0943-432b-04de-e316f5467146/17/20250829-0943-432b-04de-e316f5467146_17_41.jpg,20250829-0943-432b-04de-e316f5467146_17_41.jpg,replacement,cluster_9,3636,0.730367124080658,True,keep,non_random_source=replacement,,
20250829-0943-432b-04de-e316f5467146,17,20250829-0943-432b-04de-e316f5467146/17/20250829-0943-432b-04de-e316f5467146_17_43.jpg,20250829-0943-432b-04de-e316f5467146_17_43.jpg,diverse,cluster_9,3636,0.7187216877937317,True,keep,non_random_source=diverse,,
20250829-0943-432b-04de-e316f5467146,18,20250829-0943-432b-04de-e316f5467146/18/20250829-0943-432b-04de-e316f5467146_18_113.jpg,20250829-0943-432b-04de-e316f5467146_18_113.jpg,hard,cluster_12,4553,0.7345132231712341,False,keep,non_random_source=hard,,
20250829-0943-432b-04de-e316f5467146,18,20250829-0943-432b-04de-e316f5467146/18/20250829-0943-432b-04de-e316f5467146_18_115.jpg,20250829-0943-432b-04de-e316f5467146_18_115.jpg,diverse,cluster_9,3636,0.7188583612442017,False,keep,non_random_source=diverse,,
20250829-0943-432b-04de-e316f5467146,18,20250829-0943-432b-04de-e316f5467146/18/20250829-0943-432b-04de-e316f5467146_18_40.jpg,20250829-0943-432b-04de-e316f5467146_18_40.jpg,diverse,cluster_12,4553,0.7885796427726746,False,keep,non_random_source=diverse,,
20250829-0943-432b-04de-e316f5467146,18,20250829-0943-432b-04de-e316f5467146/18/20250829-0943-432b-04de-e316f5467146_18_43.jpg,20250829-0943-432b-04de-e316f5467146_18_43.jpg,hard,cluster_12,4553,0.6632304191589355,False,keep,non_random_source=hard,,
20250829-0943-432b-04de-e316f5467146,19,20250829-0943-432b-04de-e316f5467146/19/20250829-0943-432b-04de-e316f5467146_19_14.jpg,20250829-0943-432b-04de-e316f5467146_19_14.jpg,hard,cluster_12,4553,0.6823152303695679,False,keep,non_random_source=hard,,
20250829-0943-432b-04de-e316f5467146,19,20250829-0943-432b-04de-e316f5467146/19/20250829-0943-432b-04de-e316f5467146_19_171.jpg,20250829-0943-432b-04de-e316f5467146_19_171.jpg,diverse,cluster_9,3636,0.7575637102127075,False,keep,non_random_source=diverse,,
20250829-0943-432b-04de-e316f5467146,19,20250829-0943-432b-04de-e316f5467146/19/20250829-0943-432b-04de-e316f5467146_19_193.jpg,20250829-0943-432b-04de-e316f5467146_19_193.jpg,hard,cluster_12,4553,0.643271803855896,False,keep,non_random_source=hard,,
20250829-0943-432b-04de-e316f5467146,19,20250829-0943-432b-04de-e316f5467146/19/20250829-0943-432b-04de-e316f5467146_19_44.jpg,20250829-0943-432b-04de-e316f5467146_19_44.jpg,diverse,cluster_12,4553,0.7058108448982239,False,keep,non_random_source=diverse,,
20250829-0948-50a2-07a3-7a4185010420,%e4%b8%80.15,20250829-0948-50a2-07a3-7a4185010420/%e4%b8%80.15/20250829-0948-50a2-07a3-7a4185010420_%e4%b8%80.15_127.jpg,20250829-0948-50a2-07a3-7a4185010420_%e4%b8%80.15_127.jpg,diverse,cluster_4,3444,0.6727632284164429,False,keep,non_random_source=diverse,,
20250829-0948-50a2-07a3-7a4185010420,%e4%b8%80.15,20250829-0948-50a2-07a3-7a4185010420/%e4%b8%80.15/20250829-0948-50a2-07a3-7a4185010420_%e4%b8%80.15_150.jpg,20250829-0948-50a2-07a3-7a4185010420_%e4%b8%80.15_150.jpg,hard,cluster_10,2055,0.3186700940132141,False,keep,non_random_source=hard,,
20250829-0948-50a2-07a3-7a4185010420,%e4%b8%80.15,20250829-0948-50a2-07a3-7a4185010420/%e4%b8%80.15/20250829-0948-50a2-07a3-7a4185010420_%e4%b8%80.15_30.jpg,20250829-0948-50a2-07a3-7a4185010420_%e4%b8%80.15_30.jpg,diverse,cluster_10,2055,0.33101555705070496,False,keep,non_random_source=diverse,,
20250829-0948-50a2-07a3-7a4185010420,%e4%b8%80.15,20250829-0948-50a2-07a3-7a4185010420/%e4%b8%80.15/20250829-0948-50a2-07a3-7a4185010420_%e4%b8%80.15_94.jpg,20250829-0948-50a2-07a3-7a4185010420_%e4%b8%80.15_94.jpg,hard,cluster_12,4553,0.4806586802005768,False,keep,non_random_source=hard,,
20250829-0948-50a2-07a3-7a4185010420,%e4%b8%80.16,20250829-0948-50a2-07a3-7a4185010420/%e4%b8%80.16/20250829-0948-50a2-07a3-7a4185010420_%e4%b8%80.16_02.jpg,20250829-0948-50a2-07a3-7a4185010420_%e4%b8%80.16_02.jpg,hard,cluster_12,4553,0.6996074914932251,False,keep,non_random_source=hard,,
20250829-0948-50a2-07a3-7a4185010420,%e4%b8%80.16,20250829-0948-50a2-07a3-7a4185010420/%e4%b8%80.16/20250829-0948-50a2-07a3-7a4185010420_%e4%b8%80.16_106.jpg,20250829-0948-50a2-07a3-7a4185010420_%e4%b8%80.16_106.jpg,diverse,cluster_9,3636,0.793375551700592,False,keep,non_random_source=diverse,,
20250829-0948-50a2-07a3-7a4185010420,%e4%b8%80.16,20250829-0948-50a2-07a3-7a4185010420/%e4%b8%80.16/20250829-0948-50a2-07a3-7a4185010420_%e4%b8%80.16_136.jpg,20250829-0948-50a2-07a3-7a4185010420_%e4%b8%80.16_136.jpg,diverse,cluster_12,4553,0.6714298129081726,False,keep,non_random_source=diverse,,
20250829-0948-50a2-07a3-7a4185010420,%e4%b8%80.16,20250829-0948-50a2-07a3-7a4185010420/%e4%b8%80.16/20250829-0948-50a2-07a3-7a4185010420_%e4%b8%80.16_93.jpg,20250829-0948-50a2-07a3-7a4185010420_%e4%b8%80.16_93.jpg,hard,cluster_12,4553,0.6338756084442139,False,keep,non_random_source=hard,,
20250829-0948-50a2-07a3-7a4185010420,%e4%b8%80.17,20250829-0948-50a2-07a3-7a4185010420/%e4%b8%80.17/20250829-0948-50a2-07a3-7a4185010420_%e4%b8%80.17_06.jpg,20250829-0948-50a2-07a3-7a4185010420_%e4%b8%80.17_06.jpg,replacement,cluster_7,2261,0.5403453707695007,True,keep,non_random_source=replacement,,
20250829-0948-50a2-07a3-7a4185010420,%e4%b8%80.17,20250829-0948-50a2-07a3-7a4185010420/%e4%b8%80.17/20250829-0948-50a2-07a3-7a4185010420_%e4%b8%80.17_104.jpg,20250829-0948-50a2-07a3-7a4185010420_%e4%b8%80.17_104.jpg,replacement,cluster_9,3636,0.74961918592453,True,keep,non_random_source=replacement,,
20250829-0948-50a2-07a3-7a4185010420,%e4%b8%80.17,20250829-0948-50a2-07a3-7a4185010420/%e4%b8%80.17/20250829-0948-50a2-07a3-7a4185010420_%e4%b8%80.17_111.jpg,20250829-0948-50a2-07a3-7a4185010420_%e4%b8%80.17_111.jpg,replacement,cluster_12,4553,0.638863205909729,True,keep,non_random_source=replacement,,
20250829-0948-50a2-07a3-7a4185010420,%e4%b8%80.17,20250829-0948-50a2-07a3-7a4185010420/%e4%b8%80.17/20250829-0948-50a2-07a3-7a4185010420_%e4%b8%80.17_39.jpg,20250829-0948-50a2-07a3-7a4185010420_%e4%b8%80.17_39.jpg,hard,cluster_12,4553,0.7724471688270569,True,keep,non_random_source=hard,,
20250829-0948-50a2-07a3-7a4185010420,%e4%b8%80.17,20250829-0948-50a2-07a3-7a4185010420/%e4%b8%80.17/20250829-0948-50a2-07a3-7a4185010420_%e4%b8%80.17_41.jpg,20250829-0948-50a2-07a3-7a4185010420_%e4%b8%80.17_41.jpg,diverse,cluster_12,4553,0.8034778833389282,True,keep,non_random_source=diverse,,
20250829-0948-50a2-07a3-7a4185010420,%e4%b8%80.17,20250829-0948-50a2-07a3-7a4185010420/%e4%b8%80.17/20250829-0948-50a2-07a3-7a4185010420_%e4%b8%80.17_53.jpg,20250829-0948-50a2-07a3-7a4185010420_%e4%b8%80.17_53.jpg,diverse,cluster_9,3636,0.7583404183387756,True,keep,non_random_source=diverse,,
20250829-0948-50a2-07a3-7a4185010420,%e4%b8%80.17,20250829-0948-50a2-07a3-7a4185010420/%e4%b8%80.17/20250829-0948-50a2-07a3-7a4185010420_%e4%b8%80.17_86.jpg,20250829-0948-50a2-07a3-7a4185010420_%e4%b8%80.17_86.jpg,hard,cluster_12,4553,0.7182791233062744,True,keep,non_random_source=hard,,
20250829-0948-50a2-07a3-7a4185010420,%e4%b8%80.17,20250829-0948-50a2-07a3-7a4185010420/%e4%b8%80.17/20250829-0948-50a2-07a3-7a4185010420_%e4%b8%80.17_98.jpg,20250829-0948-50a2-07a3-7a4185010420_%e4%b8%80.17_98.jpg,replacement,cluster_12,4553,0.7965952157974243,True,keep,non_random_source=replacement,,
20250829-0948-50a2-07a3-7a4185010420,%e4%b8%80.18,20250829-0948-50a2-07a3-7a4185010420/%e4%b8%80.18/20250829-0948-50a2-07a3-7a4185010420_%e4%b8%80.18_02.jpg,20250829-0948-50a2-07a3-7a4185010420_%e4%b8%80.18_02.jpg,replacement,cluster_9,3636,0.6892973780632019,True,keep,non_random_source=replacement,,
20250829-0948-50a2-07a3-7a4185010420,%e4%b8%80.18,20250829-0948-50a2-07a3-7a4185010420/%e4%b8%80.18/20250829-0948-50a2-07a3-7a4185010420_%e4%b8%80.18_03.jpg,20250829-0948-50a2-07a3-7a4185010420_%e4%b8%80.18_03.jpg,replacement,cluster_12,4553,0.5740023851394653,True,keep,non_random_source=replacement,,
20250829-0948-50a2-07a3-7a4185010420,%e4%b8%80.18,20250829-0948-50a2-07a3-7a4185010420/%e4%b8%80.18/20250829-0948-50a2-07a3-7a4185010420_%e4%b8%80.18_09.jpg,20250829-0948-50a2-07a3-7a4185010420_%e4%b8%80.18_09.jpg,diverse,cluster_9,3636,0.6981276869773865,True,keep,non_random_source=diverse,,
20250829-0948-50a2-07a3-7a4185010420,%e4%b8%80.18,20250829-0948-50a2-07a3-7a4185010420/%e4%b8%80.18/20250829-0948-50a2-07a3-7a4185010420_%e4%b8%80.18_28.jpg,20250829-0948-50a2-07a3-7a4185010420_%e4%b8%80.18_28.jpg,hard,cluster_12,4553,0.650367796421051,True,keep,non_random_source=hard,,
20250829-0948-50a2-07a3-7a4185010420,%e4%b8%80.18,20250829-0948-50a2-07a3-7a4185010420/%e4%b8%80.18/20250829-0948-50a2-07a3-7a4185010420_%e4%b8%80.18_33.jpg,20250829-0948-50a2-07a3-7a4185010420_%e4%b8%80.18_33.jpg,replacement,cluster_7,2261,0.45735737681388855,True,keep,non_random_source=replacement,,
20250829-0948-50a2-07a3-7a4185010420,%e4%b8%80.18,20250829-0948-50a2-07a3-7a4185010420/%e4%b8%80.18/20250829-0948-50a2-07a3-7a4185010420_%e4%b8%80.18_34.jpg,20250829-0948-50a2-07a3-7a4185010420_%e4%b8%80.18_34.jpg,replacement,cluster_7,2261,0.5147804617881775,True,keep,non_random_source=replacement,,
20250829-0948-50a2-07a3-7a4185010420,%e4%b8%80.18,20250829-0948-50a2-07a3-7a4185010420/%e4%b8%80.18/20250829-0948-50a2-07a3-7a4185010420_%e4%b8%80.18_38.jpg,20250829-0948-50a2-07a3-7a4185010420_%e4%b8%80.18_38.jpg,diverse,cluster_12,4553,0.7001280784606934,True,keep,non_random_source=diverse,,
20250829-0948-50a2-07a3-7a4185010420,%e4%b8%80.18,20250829-0948-50a2-07a3-7a4185010420/%e4%b8%80.18/20250829-0948-50a2-07a3-7a4185010420_%e4%b8%80.18_39.jpg,20250829-0948-50a2-07a3-7a4185010420_%e4%b8%80.18_39.jpg,hard,cluster_12,4553,0.6792160272598267,True,keep,non_random_source=hard,,
20250829-0948-50a2-07a3-7a4185010420,%e4%b8%80.19,20250829-0948-50a2-07a3-7a4185010420/%e4%b8%80.19/20250829-0948-50a2-07a3-7a4185010420_%e4%b8%80.19_108.jpg,20250829-0948-50a2-07a3-7a4185010420_%e4%b8%80.19_108.jpg,hard,cluster_12,4553,0.7171135544776917,False,keep,non_random_source=hard,,
20250829-0948-50a2-07a3-7a4185010420,%e4%b8%80.19,20250829-0948-50a2-07a3-7a4185010420/%e4%b8%80.19/20250829-0948-50a2-07a3-7a4185010420_%e4%b8%80.19_109.jpg,20250829-0948-50a2-07a3-7a4185010420_%e4%b8%80.19_109.jpg,hard,cluster_12,4553,0.7543088793754578,False,keep,non_random_source=hard,,
20250829-0948-50a2-07a3-7a4185010420,%e4%b8%80.19,20250829-0948-50a2-07a3-7a4185010420/%e4%b8%80.19/20250829-0948-50a2-07a3-7a4185010420_%e4%b8%80.19_23.jpg,20250829-0948-50a2-07a3-7a4185010420_%e4%b8%80.19_23.jpg,diverse,cluster_9,3636,0.7955343127250671,False,keep,non_random_source=diverse,,
20250829-0948-50a2-07a3-7a4185010420,%e4%b8%80.19,20250829-0948-50a2-07a3-7a4185010420/%e4%b8%80.19/20250829-0948-50a2-07a3-7a4185010420_%e4%b8%80.19_73.jpg,20250829-0948-50a2-07a3-7a4185010420_%e4%b8%80.19_73.jpg,diverse,cluster_12,4553,0.7211666703224182,False,keep,non_random_source=diverse,,
20250901-2343-4757-927b-89dd1c171615,16,20250901-2343-4757-927b-89dd1c171615/16/20250901-2343-4757-927b-89dd1c171615_16_109.jpg,20250901-2343-4757-927b-89dd1c171615_16_109.jpg,diverse,cluster_2,2092,0.7410072684288025,False,keep,non_random_source=diverse,,
20250901-2343-4757-927b-89dd1c171615,16,20250901-2343-4757-927b-89dd1c171615/16/20250901-2343-4757-927b-89dd1c171615_16_36.jpg,20250901-2343-4757-927b-89dd1c171615_16_36.jpg,hard,cluster_6,3834,0.742769181728363,False,keep,non_random_source=hard,,
20250901-2343-4757-927b-89dd1c171615,16,20250901-2343-4757-927b-89dd1c171615/16/20250901-2343-4757-927b-89dd1c171615_16_84.jpg,20250901-2343-4757-927b-89dd1c171615_16_84.jpg,diverse,cluster_6,3834,0.7753217816352844,False,keep,non_random_source=diverse,,
20250901-2343-4757-927b-89dd1c171615,16,20250901-2343-4757-927b-89dd1c171615/16/20250901-2343-4757-927b-89dd1c171615_16_88.jpg,20250901-2343-4757-927b-89dd1c171615_16_88.jpg,hard,cluster_6,3834,0.7579806447029114,False,keep,non_random_source=hard,,
20250901-2343-4757-927b-89dd1c171615,17,20250901-2343-4757-927b-89dd1c171615/17/20250901-2343-4757-927b-89dd1c171615_17_17.jpg,20250901-2343-4757-927b-89dd1c171615_17_17.jpg,hard,cluster_8,2333,0.6877905130386353,False,keep,non_random_source=hard,,
20250901-2343-4757-927b-89dd1c171615,17,20250901-2343-4757-927b-89dd1c171615/17/20250901-2343-4757-927b-89dd1c171615_17_58.jpg,20250901-2343-4757-927b-89dd1c171615_17_58.jpg,diverse,cluster_8,2333,0.7633002400398254,False,keep,non_random_source=diverse,,
20250901-2343-4757-927b-89dd1c171615,17,20250901-2343-4757-927b-89dd1c171615/17/20250901-2343-4757-927b-89dd1c171615_17_68.jpg,20250901-2343-4757-927b-89dd1c171615_17_68.jpg,hard,cluster_0,2169,0.7049705982208252,False,keep,non_random_source=hard,,
20250901-2343-4757-927b-89dd1c171615,17,20250901-2343-4757-927b-89dd1c171615/17/20250901-2343-4757-927b-89dd1c171615_17_94.jpg,20250901-2343-4757-927b-89dd1c171615_17_94.jpg,diverse,cluster_4,3444,0.7557114958763123,False,keep,non_random_source=diverse,,
20250901-2343-4757-927b-89dd1c171615,19,20250901-2343-4757-927b-89dd1c171615/19/20250901-2343-4757-927b-89dd1c171615_19_12.jpg,20250901-2343-4757-927b-89dd1c171615_19_12.jpg,replacement,cluster_11,4191,0.8480042219161987,True,keep,non_random_source=replacement,,
20250901-2343-4757-927b-89dd1c171615,19,20250901-2343-4757-927b-89dd1c171615/19/20250901-2343-4757-927b-89dd1c171615_19_123.jpg,20250901-2343-4757-927b-89dd1c171615_19_123.jpg,diverse,cluster_11,4191,0.7840794920921326,True,keep,non_random_source=diverse,,
20250901-2343-4757-927b-89dd1c171615,19,20250901-2343-4757-927b-89dd1c171615/19/20250901-2343-4757-927b-89dd1c171615_19_16.jpg,20250901-2343-4757-927b-89dd1c171615_19_16.jpg,hard,cluster_11,4191,0.734185516834259,True,keep,non_random_source=hard,,
20250901-2343-4757-927b-89dd1c171615,19,20250901-2343-4757-927b-89dd1c171615/19/20250901-2343-4757-927b-89dd1c171615_19_25.jpg,20250901-2343-4757-927b-89dd1c171615_19_25.jpg,replacement,cluster_9,3636,0.7773206830024719,True,keep,non_random_source=replacement,,
20250901-2343-4757-927b-89dd1c171615,19,20250901-2343-4757-927b-89dd1c171615/19/20250901-2343-4757-927b-89dd1c171615_19_26.jpg,20250901-2343-4757-927b-89dd1c171615_19_26.jpg,hard,cluster_11,4191,0.8517856597900391,True,keep,non_random_source=hard,,
20250901-2343-4757-927b-89dd1c171615,19,20250901-2343-4757-927b-89dd1c171615/19/20250901-2343-4757-927b-89dd1c171615_19_59.jpg,20250901-2343-4757-927b-89dd1c171615_19_59.jpg,replacement,cluster_9,3636,0.7511168122291565,True,keep,non_random_source=replacement,,
20250901-2343-4757-927b-89dd1c171615,19,20250901-2343-4757-927b-89dd1c171615/19/20250901-2343-4757-927b-89dd1c171615_19_73.jpg,20250901-2343-4757-927b-89dd1c171615_19_73.jpg,replacement,cluster_7,2261,0.5433979034423828,True,keep,non_random_source=replacement,,
20250901-2343-4757-927b-89dd1c171615,19,20250901-2343-4757-927b-89dd1c171615/19/20250901-2343-4757-927b-89dd1c171615_19_90.jpg,20250901-2343-4757-927b-89dd1c171615_19_90.jpg,diverse,cluster_9,3636,0.7957417964935303,True,keep,non_random_source=diverse,,
20250903-1336-5488-d68d-1fe9c9911732,15,20250903-1336-5488-d68d-1fe9c9911732/15/20250903-1336-5488-d68d-1fe9c9911732_15_124.jpg,20250903-1336-5488-d68d-1fe9c9911732_15_124.jpg,diverse,cluster_10,2055,0.8005924224853516,False,keep,non_random_source=diverse,,
20250903-1336-5488-d68d-1fe9c9911732,15,20250903-1336-5488-d68d-1fe9c9911732/15/20250903-1336-5488-d68d-1fe9c9911732_15_58.jpg,20250903-1336-5488-d68d-1fe9c9911732_15_58.jpg,hard,cluster_10,2055,0.8388799428939819,False,keep,non_random_source=hard,,
20250903-1336-5488-d68d-1fe9c9911732,15,20250903-1336-5488-d68d-1fe9c9911732/15/20250903-1336-5488-d68d-1fe9c9911732_15_88.jpg,20250903-1336-5488-d68d-1fe9c9911732_15_88.jpg,hard,cluster_10,2055,0.770408570766449,False,keep,non_random_source=hard,,
20250903-1336-5488-d68d-1fe9c9911732,15,20250903-1336-5488-d68d-1fe9c9911732/15/20250903-1336-5488-d68d-1fe9c9911732_15_92.jpg,20250903-1336-5488-d68d-1fe9c9911732_15_92.jpg,diverse,cluster_4,3444,0.7155454158782959,False,keep,non_random_source=diverse,,
20250903-1336-5488-d68d-1fe9c9911732,16,20250903-1336-5488-d68d-1fe9c9911732/16/20250903-1336-5488-d68d-1fe9c9911732_16_132.jpg,20250903-1336-5488-d68d-1fe9c9911732_16_132.jpg,hard,cluster_6,3834,0.8690111041069031,False,keep,non_random_source=hard,,
20250903-1336-5488-d68d-1fe9c9911732,16,20250903-1336-5488-d68d-1fe9c9911732/16/20250903-1336-5488-d68d-1fe9c9911732_16_186.jpg,20250903-1336-5488-d68d-1fe9c9911732_16_186.jpg,diverse,cluster_6,3834,0.8623138070106506,False,keep,non_random_source=diverse,,
20250903-1336-5488-d68d-1fe9c9911732,16,20250903-1336-5488-d68d-1fe9c9911732/16/20250903-1336-5488-d68d-1fe9c9911732_16_196.jpg,20250903-1336-5488-d68d-1fe9c9911732_16_196.jpg,hard,cluster_6,3834,0.8371829390525818,False,keep,non_random_source=hard,,
20250903-1336-5488-d68d-1fe9c9911732,16,20250903-1336-5488-d68d-1fe9c9911732/16/20250903-1336-5488-d68d-1fe9c9911732_16_30.jpg,20250903-1336-5488-d68d-1fe9c9911732_16_30.jpg,diverse,cluster_2,2092,0.7590309977531433,False,keep,non_random_source=diverse,,
20250903-1336-5488-d68d-1fe9c9911732,17,20250903-1336-5488-d68d-1fe9c9911732/17/20250903-1336-5488-d68d-1fe9c9911732_17_15.jpg,20250903-1336-5488-d68d-1fe9c9911732_17_15.jpg,diverse,cluster_5,2606,0.9125557541847229,False,keep,non_random_source=diverse,,
20250903-1336-5488-d68d-1fe9c9911732,17,20250903-1336-5488-d68d-1fe9c9911732/17/20250903-1336-5488-d68d-1fe9c9911732_17_20.jpg,20250903-1336-5488-d68d-1fe9c9911732_17_20.jpg,hard,cluster_5,2606,0.8593243360519409,False,keep,non_random_source=hard,,
20250903-1336-5488-d68d-1fe9c9911732,17,20250903-1336-5488-d68d-1fe9c9911732/17/20250903-1336-5488-d68d-1fe9c9911732_17_47.jpg,20250903-1336-5488-d68d-1fe9c9911732_17_47.jpg,hard,cluster_5,2606,0.8541135191917419,False,keep,non_random_source=hard,,
20250903-1336-5488-d68d-1fe9c9911732,17,20250903-1336-5488-d68d-1fe9c9911732/17/20250903-1336-5488-d68d-1fe9c9911732_17_60.jpg,20250903-1336-5488-d68d-1fe9c9911732_17_60.jpg,diverse,cluster_2,2092,0.7554576992988586,False,keep,non_random_source=diverse,,
20250903-1336-5488-d68d-1fe9c9911732,18,20250903-1336-5488-d68d-1fe9c9911732/18/20250903-1336-5488-d68d-1fe9c9911732_18_112.jpg,20250903-1336-5488-d68d-1fe9c9911732_18_112.jpg,hard,cluster_0,2169,0.7522154450416565,False,keep,non_random_source=hard,,
20250903-1336-5488-d68d-1fe9c9911732,18,20250903-1336-5488-d68d-1fe9c9911732/18/20250903-1336-5488-d68d-1fe9c9911732_18_137.jpg,20250903-1336-5488-d68d-1fe9c9911732_18_137.jpg,diverse,cluster_3,2444,0.826632559299469,False,keep,non_random_source=diverse,,
20250903-1336-5488-d68d-1fe9c9911732,18,20250903-1336-5488-d68d-1fe9c9911732/18/20250903-1336-5488-d68d-1fe9c9911732_18_183.jpg,20250903-1336-5488-d68d-1fe9c9911732_18_183.jpg,hard,cluster_0,2169,0.7293345928192139,False,keep,non_random_source=hard,,
20250903-1336-5488-d68d-1fe9c9911732,18,20250903-1336-5488-d68d-1fe9c9911732/18/20250903-1336-5488-d68d-1fe9c9911732_18_29.jpg,20250903-1336-5488-d68d-1fe9c9911732_18_29.jpg,diverse,cluster_0,2169,0.7266496419906616,False,keep,non_random_source=diverse,,
20250903-1336-5488-d68d-1fe9c9911732,19,20250903-1336-5488-d68d-1fe9c9911732/19/20250903-1336-5488-d68d-1fe9c9911732_19_107.jpg,20250903-1336-5488-d68d-1fe9c9911732_19_107.jpg,diverse,cluster_11,4191,0.7448346018791199,False,keep,non_random_source=diverse,,
20250903-1336-5488-d68d-1fe9c9911732,19,20250903-1336-5488-d68d-1fe9c9911732/19/20250903-1336-5488-d68d-1fe9c9911732_19_126.jpg,20250903-1336-5488-d68d-1fe9c9911732_19_126.jpg,hard,cluster_11,4191,0.803886353969574,False,keep,non_random_source=hard,,
20250903-1336-5488-d68d-1fe9c9911732,19,20250903-1336-5488-d68d-1fe9c9911732/19/20250903-1336-5488-d68d-1fe9c9911732_19_129.jpg,20250903-1336-5488-d68d-1fe9c9911732_19_129.jpg,diverse,cluster_9,3636,0.8110165596008301,False,keep,non_random_source=diverse,,
20250903-1336-5488-d68d-1fe9c9911732,19,20250903-1336-5488-d68d-1fe9c9911732/19/20250903-1336-5488-d68d-1fe9c9911732_19_169.jpg,20250903-1336-5488-d68d-1fe9c9911732_19_169.jpg,hard,cluster_11,4191,0.8135130405426025,False,keep,non_random_source=hard,,
20250904-0316-3901-ffa0-f534d0588492,%e4%b8%89.16,20250904-0316-3901-ffa0-f534d0588492/%e4%b8%89.16/20250904-0316-3901-ffa0-f534d0588492_%e4%b8%89.16_131.jpg,20250904-0316-3901-ffa0-f534d0588492_%e4%b8%89.16_131.jpg,hard,cluster_5,2606,0.5539348721504211,False,keep,non_random_source=hard,,
20250904-0316-3901-ffa0-f534d0588492,%e4%b8%89.16,20250904-0316-3901-ffa0-f534d0588492/%e4%b8%89.16/20250904-0316-3901-ffa0-f534d0588492_%e4%b8%89.16_179.jpg,20250904-0316-3901-ffa0-f534d0588492_%e4%b8%89.16_179.jpg,diverse,cluster_2,2092,0.8523716926574707,False,keep,non_random_source=diverse,,
20250904-0316-3901-ffa0-f534d0588492,%e4%b8%89.16,20250904-0316-3901-ffa0-f534d0588492/%e4%b8%89.16/20250904-0316-3901-ffa0-f534d0588492_%e4%b8%89.16_60.jpg,20250904-0316-3901-ffa0-f534d0588492_%e4%b8%89.16_60.jpg,diverse,cluster_6,3834,0.550923228263855,False,keep,non_random_source=diverse,,
20250904-0316-3901-ffa0-f534d0588492,%e4%b8%89.16,20250904-0316-3901-ffa0-f534d0588492/%e4%b8%89.16/20250904-0316-3901-ffa0-f534d0588492_%e4%b8%89.16_79.jpg,20250904-0316-3901-ffa0-f534d0588492_%e4%b8%89.16_79.jpg,hard,cluster_2,2092,0.5357050895690918,False,keep,non_random_source=hard,,
20250904-0316-3901-ffa0-f534d0588492,%e4%b8%89.17,20250904-0316-3901-ffa0-f534d0588492/%e4%b8%89.17/20250904-0316-3901-ffa0-f534d0588492_%e4%b8%89.17_188.jpg,20250904-0316-3901-ffa0-f534d0588492_%e4%b8%89.17_188.jpg,hard,cluster_6,3834,0.8181908130645752,False,keep,non_random_source=hard,,
20250904-0316-3901-ffa0-f534d0588492,%e4%b8%89.17,20250904-0316-3901-ffa0-f534d0588492/%e4%b8%89.17/20250904-0316-3901-ffa0-f534d0588492_%e4%b8%89.17_24.jpg,20250904-0316-3901-ffa0-f534d0588492_%e4%b8%89.17_24.jpg,hard,cluster_6,3834,0.779093325138092,False,keep,non_random_source=hard,,
20250904-0316-3901-ffa0-f534d0588492,%e4%b8%89.17,20250904-0316-3901-ffa0-f534d0588492/%e4%b8%89.17/20250904-0316-3901-ffa0-f534d0588492_%e4%b8%89.17_79.jpg,20250904-0316-3901-ffa0-f534d0588492_%e4%b8%89.17_79.jpg,diverse,cluster_6,3834,0.7850991487503052,False,keep,non_random_source=diverse,,
20250904-0316-3901-ffa0-f534d0588492,%e4%b8%89.17,20250904-0316-3901-ffa0-f534d0588492/%e4%b8%89.17/20250904-0316-3901-ffa0-f534d0588492_%e4%b8%89.17_96.jpg,20250904-0316-3901-ffa0-f534d0588492_%e4%b8%89.17_96.jpg,diverse,cluster_2,2092,0.6439666748046875,False,keep,non_random_source=diverse,,
20250904-0321-09d8-4883-11af53938495,16,20250904-0321-09d8-4883-11af53938495/16/20250904-0321-09d8-4883-11af53938495_16_00.jpg,20250904-0321-09d8-4883-11af53938495_16_00.jpg,hard,cluster_11,4191,0.688711941242218,False,keep,non_random_source=hard,,
20250904-0321-09d8-4883-11af53938495,16,20250904-0321-09d8-4883-11af53938495/16/20250904-0321-09d8-4883-11af53938495_16_01.jpg,20250904-0321-09d8-4883-11af53938495_16_01.jpg,diverse,cluster_9,3636,0.7229495644569397,False,keep,non_random_source=diverse,,
20250904-0321-09d8-4883-11af53938495,16,20250904-0321-09d8-4883-11af53938495/16/20250904-0321-09d8-4883-11af53938495_16_106.jpg,20250904-0321-09d8-4883-11af53938495_16_106.jpg,hard,cluster_1,1389,0.6089769005775452,False,keep,non_random_source=hard,,
20250904-0321-09d8-4883-11af53938495,16,20250904-0321-09d8-4883-11af53938495/16/20250904-0321-09d8-4883-11af53938495_16_81.jpg,20250904-0321-09d8-4883-11af53938495_16_81.jpg,diverse,cluster_11,4191,0.6498331427574158,False,keep,non_random_source=diverse,,
20250904-0321-09d8-4883-11af53938495,17,20250904-0321-09d8-4883-11af53938495/17/20250904-0321-09d8-4883-11af53938495_17_00.jpg,20250904-0321-09d8-4883-11af53938495_17_00.jpg,hard,cluster_12,4553,0.6082395315170288,False,keep,non_random_source=hard,,
20250904-0321-09d8-4883-11af53938495,17,20250904-0321-09d8-4883-11af53938495/17/20250904-0321-09d8-4883-11af53938495_17_117.jpg,20250904-0321-09d8-4883-11af53938495_17_117.jpg,diverse,cluster_12,4553,0.6516332030296326,False,keep,non_random_source=diverse,,
20250904-0321-09d8-4883-11af53938495,17,20250904-0321-09d8-4883-11af53938495/17/20250904-0321-09d8-4883-11af53938495_17_172.jpg,20250904-0321-09d8-4883-11af53938495_17_172.jpg,hard,cluster_12,4553,0.6210932731628418,False,keep,non_random_source=hard,,
20250904-0321-09d8-4883-11af53938495,17,20250904-0321-09d8-4883-11af53938495/17/20250904-0321-09d8-4883-11af53938495_17_191.jpg,20250904-0321-09d8-4883-11af53938495_17_191.jpg,diverse,cluster_9,3636,0.5139018297195435,False,keep,non_random_source=diverse,,
20250906-0057-2468-ab37-0e47ba776166,%e4%ba%8c.15,20250906-0057-2468-ab37-0e47ba776166/%e4%ba%8c.15/20250906-0057-2468-ab37-0e47ba776166_%e4%ba%8c.15_01.jpg,20250906-0057-2468-ab37-0e47ba776166_%e4%ba%8c.15_01.jpg,diverse,cluster_5,2606,0.882427990436554,True,keep,non_random_source=diverse,,
20250906-0057-2468-ab37-0e47ba776166,%e4%ba%8c.15,20250906-0057-2468-ab37-0e47ba776166/%e4%ba%8c.15/20250906-0057-2468-ab37-0e47ba776166_%e4%ba%8c.15_110.jpg,20250906-0057-2468-ab37-0e47ba776166_%e4%ba%8c.15_110.jpg,replacement,cluster_5,2606,0.8588036298751831,True,keep,non_random_source=replacement,,
20250906-0057-2468-ab37-0e47ba776166,%e4%ba%8c.15,20250906-0057-2468-ab37-0e47ba776166/%e4%ba%8c.15/20250906-0057-2468-ab37-0e47ba776166_%e4%ba%8c.15_115.jpg,20250906-0057-2468-ab37-0e47ba776166_%e4%ba%8c.15_115.jpg,diverse,cluster_2,2092,0.541903555393219,True,keep,non_random_source=diverse,,
20250906-0057-2468-ab37-0e47ba776166,%e4%ba%8c.15,20250906-0057-2468-ab37-0e47ba776166/%e4%ba%8c.15/20250906-0057-2468-ab37-0e47ba776166_%e4%ba%8c.15_147.jpg,20250906-0057-2468-ab37-0e47ba776166_%e4%ba%8c.15_147.jpg,replacement,cluster_5,2606,0.7621076107025146,True,keep,non_random_source=replacement,,
20250906-0057-2468-ab37-0e47ba776166,%e4%ba%8c.15,20250906-0057-2468-ab37-0e47ba776166/%e4%ba%8c.15/20250906-0057-2468-ab37-0e47ba776166_%e4%ba%8c.15_149.jpg,20250906-0057-2468-ab37-0e47ba776166_%e4%ba%8c.15_149.jpg,hard,cluster_5,2606,0.6774656176567078,True,keep,non_random_source=hard,,
20250906-0057-2468-ab37-0e47ba776166,%e4%ba%8c.15,20250906-0057-2468-ab37-0e47ba776166/%e4%ba%8c.15/20250906-0057-2468-ab37-0e47ba776166_%e4%ba%8c.15_18.jpg,20250906-0057-2468-ab37-0e47ba776166_%e4%ba%8c.15_18.jpg,replacement,cluster_5,2606,0.7050419449806213,True,keep,non_random_source=replacement,,
20250906-0057-2468-ab37-0e47ba776166,%e4%ba%8c.15,20250906-0057-2468-ab37-0e47ba776166/%e4%ba%8c.15/20250906-0057-2468-ab37-0e47ba776166_%e4%ba%8c.15_29.jpg,20250906-0057-2468-ab37-0e47ba776166_%e4%ba%8c.15_29.jpg,replacement,cluster_5,2606,0.8463382124900818,True,keep,non_random_source=replacement,,
20250906-0057-2468-ab37-0e47ba776166,%e4%ba%8c.15,20250906-0057-2468-ab37-0e47ba776166/%e4%ba%8c.15/20250906-0057-2468-ab37-0e47ba776166_%e4%ba%8c.15_34.jpg,20250906-0057-2468-ab37-0e47ba776166_%e4%ba%8c.15_34.jpg,hard,cluster_5,2606,0.8470055460929871,True,keep,non_random_source=hard,,
20250906-0057-2468-ab37-0e47ba776166,%e4%ba%8c.16,20250906-0057-2468-ab37-0e47ba776166/%e4%ba%8c.16/20250906-0057-2468-ab37-0e47ba776166_%e4%ba%8c.16_116.jpg,20250906-0057-2468-ab37-0e47ba776166_%e4%ba%8c.16_116.jpg,hard,cluster_12,4553,0.552360475063324,False,keep,non_random_source=hard,,
20250906-0057-2468-ab37-0e47ba776166,%e4%ba%8c.16,20250906-0057-2468-ab37-0e47ba776166/%e4%ba%8c.16/20250906-0057-2468-ab37-0e47ba776166_%e4%ba%8c.16_196.jpg,20250906-0057-2468-ab37-0e47ba776166_%e4%ba%8c.16_196.jpg,hard,cluster_12,4553,0.5640571713447571,False,keep,non_random_source=hard,,
20250906-0057-2468-ab37-0e47ba776166,%e4%ba%8c.16,20250906-0057-2468-ab37-0e47ba776166/%e4%ba%8c.16/20250906-0057-2468-ab37-0e47ba776166_%e4%ba%8c.16_29.jpg,20250906-0057-2468-ab37-0e47ba776166_%e4%ba%8c.16_29.jpg,diverse,cluster_7,2261,0.5447566509246826,False,keep,non_random_source=diverse,,
20250906-0057-2468-ab37-0e47ba776166,%e4%ba%8c.16,20250906-0057-2468-ab37-0e47ba776166/%e4%ba%8c.16/20250906-0057-2468-ab37-0e47ba776166_%e4%ba%8c.16_31.jpg,20250906-0057-2468-ab37-0e47ba776166_%e4%ba%8c.16_31.jpg,diverse,cluster_12,4553,0.6200029850006104,False,keep,non_random_source=diverse,,
20250906-0057-2468-ab37-0e47ba776166,%e4%ba%8c.17,20250906-0057-2468-ab37-0e47ba776166/%e4%ba%8c.17/20250906-0057-2468-ab37-0e47ba776166_%e4%ba%8c.17_118.jpg,20250906-0057-2468-ab37-0e47ba776166_%e4%ba%8c.17_118.jpg,hard,cluster_7,2261,0.288995623588562,False,keep,non_random_source=hard,,
20250906-0057-2468-ab37-0e47ba776166,%e4%ba%8c.17,20250906-0057-2468-ab37-0e47ba776166/%e4%ba%8c.17/20250906-0057-2468-ab37-0e47ba776166_%e4%ba%8c.17_141.jpg,20250906-0057-2468-ab37-0e47ba776166_%e4%ba%8c.17_141.jpg,hard,cluster_12,4553,0.6208034753799438,False,keep,non_random_source=hard,,
20250906-0057-2468-ab37-0e47ba776166,%e4%ba%8c.17,20250906-0057-2468-ab37-0e47ba776166/%e4%ba%8c.17/20250906-0057-2468-ab37-0e47ba776166_%e4%ba%8c.17_196.jpg,20250906-0057-2468-ab37-0e47ba776166_%e4%ba%8c.17_196.jpg,diverse,cluster_12,4553,0.6122766137123108,False,keep,non_random_source=diverse,,
20250906-0057-2468-ab37-0e47ba776166,%e4%ba%8c.17,20250906-0057-2468-ab37-0e47ba776166/%e4%ba%8c.17/20250906-0057-2468-ab37-0e47ba776166_%e4%ba%8c.17_25.jpg,20250906-0057-2468-ab37-0e47ba776166_%e4%ba%8c.17_25.jpg,diverse,cluster_9,3636,0.5655020475387573,False,keep,non_random_source=diverse,,
20250906-0057-2468-ab37-0e47ba776166,%e4%ba%8c.18,20250906-0057-2468-ab37-0e47ba776166/%e4%ba%8c.18/20250906-0057-2468-ab37-0e47ba776166_%e4%ba%8c.18_09.jpg,20250906-0057-2468-ab37-0e47ba776166_%e4%ba%8c.18_09.jpg,hard,cluster_11,4191,0.7947345972061157,False,keep,non_random_source=hard,,
20250906-0057-2468-ab37-0e47ba776166,%e4%ba%8c.18,20250906-0057-2468-ab37-0e47ba776166/%e4%ba%8c.18/20250906-0057-2468-ab37-0e47ba776166_%e4%ba%8c.18_126.jpg,20250906-0057-2468-ab37-0e47ba776166_%e4%ba%8c.18_126.jpg,diverse,cluster_11,4191,0.7620194554328918,False,keep,non_random_source=diverse,,
20250906-0057-2468-ab37-0e47ba776166,%e4%ba%8c.18,20250906-0057-2468-ab37-0e47ba776166/%e4%ba%8c.18/20250906-0057-2468-ab37-0e47ba776166_%e4%ba%8c.18_47.jpg,20250906-0057-2468-ab37-0e47ba776166_%e4%ba%8c.18_47.jpg,hard,cluster_11,4191,0.8044766783714294,False,keep,non_random_source=hard,,
20250906-0057-2468-ab37-0e47ba776166,%e4%ba%8c.18,20250906-0057-2468-ab37-0e47ba776166/%e4%ba%8c.18/20250906-0057-2468-ab37-0e47ba776166_%e4%ba%8c.18_80.jpg,20250906-0057-2468-ab37-0e47ba776166_%e4%ba%8c.18_80.jpg,diverse,cluster_11,4191,0.6534208655357361,False,keep,non_random_source=diverse,,
20250906-0057-2468-ab37-0e47ba776166,%e4%ba%8c.19,20250906-0057-2468-ab37-0e47ba776166/%e4%ba%8c.19/20250906-0057-2468-ab37-0e47ba776166_%e4%ba%8c.19_00.jpg,20250906-0057-2468-ab37-0e47ba776166_%e4%ba%8c.19_00.jpg,hard,cluster_11,4191,0.5825666785240173,True,keep,non_random_source=hard,,
20250906-0057-2468-ab37-0e47ba776166,%e4%ba%8c.19,20250906-0057-2468-ab37-0e47ba776166/%e4%ba%8c.19/20250906-0057-2468-ab37-0e47ba776166_%e4%ba%8c.19_09.jpg,20250906-0057-2468-ab37-0e47ba776166_%e4%ba%8c.19_09.jpg,hard,cluster_11,4191,0.7968911528587341,True,keep,non_random_source=hard,,
20250906-0057-2468-ab37-0e47ba776166,%e4%ba%8c.19,20250906-0057-2468-ab37-0e47ba776166/%e4%ba%8c.19/20250906-0057-2468-ab37-0e47ba776166_%e4%ba%8c.19_104.jpg,20250906-0057-2468-ab37-0e47ba776166_%e4%ba%8c.19_104.jpg,replacement,cluster_9,3636,0.7720383405685425,True,keep,non_random_source=replacement,,
20250906-0057-2468-ab37-0e47ba776166,%e4%ba%8c.19,20250906-0057-2468-ab37-0e47ba776166/%e4%ba%8c.19/20250906-0057-2468-ab37-0e47ba776166_%e4%ba%8c.19_107.jpg,20250906-0057-2468-ab37-0e47ba776166_%e4%ba%8c.19_107.jpg,replacement,cluster_11,4191,0.8182699680328369,True,keep,non_random_source=replacement,,
20250906-0057-2468-ab37-0e47ba776166,%e4%ba%8c.19,20250906-0057-2468-ab37-0e47ba776166/%e4%ba%8c.19/20250906-0057-2468-ab37-0e47ba776166_%e4%ba%8c.19_112.jpg,20250906-0057-2468-ab37-0e47ba776166_%e4%ba%8c.19_112.jpg,replacement,cluster_11,4191,0.5470672845840454,True,keep,non_random_source=replacement,,
20250906-0057-2468-ab37-0e47ba776166,%e4%ba%8c.19,20250906-0057-2468-ab37-0e47ba776166/%e4%ba%8c.19/20250906-0057-2468-ab37-0e47ba776166_%e4%ba%8c.19_142.jpg,20250906-0057-2468-ab37-0e47ba776166_%e4%ba%8c.19_142.jpg,diverse,cluster_11,4191,0.8042799830436707,True,keep,non_random_source=diverse,,
20250906-0057-2468-ab37-0e47ba776166,%e4%ba%8c.19,20250906-0057-2468-ab37-0e47ba776166/%e4%ba%8c.19/20250906-0057-2468-ab37-0e47ba776166_%e4%ba%8c.19_31.jpg,20250906-0057-2468-ab37-0e47ba776166_%e4%ba%8c.19_31.jpg,replacement,cluster_11,4191,0.7520303726196289,True,keep,non_random_source=replacement,,
20250906-0057-2468-ab37-0e47ba776166,%e4%ba%8c.19,20250906-0057-2468-ab37-0e47ba776166/%e4%ba%8c.19/20250906-0057-2468-ab37-0e47ba776166_%e4%ba%8c.19_72.jpg,20250906-0057-2468-ab37-0e47ba776166_%e4%ba%8c.19_72.jpg,diverse,cluster_9,3636,0.6552976369857788,True,keep,non_random_source=diverse,,
20250912-0723-5526-e880-1638d5001195,%e4%ba%8c.15,20250912-0723-5526-e880-1638d5001195/%e4%ba%8c.15/20250912-0723-5526-e880-1638d5001195_%e4%ba%8c.15_135.jpg,20250912-0723-5526-e880-1638d5001195_%e4%ba%8c.15_135.jpg,diverse,cluster_4,3444,0.5126338005065918,False,keep,non_random_source=diverse,,
20250912-0723-5526-e880-1638d5001195,%e4%ba%8c.15,20250912-0723-5526-e880-1638d5001195/%e4%ba%8c.15/20250912-0723-5526-e880-1638d5001195_%e4%ba%8c.15_155.jpg,20250912-0723-5526-e880-1638d5001195_%e4%ba%8c.15_155.jpg,hard,cluster_10,2055,0.7815755009651184,False,keep,non_random_source=hard,,
20250912-0723-5526-e880-1638d5001195,%e4%ba%8c.15,20250912-0723-5526-e880-1638d5001195/%e4%ba%8c.15/20250912-0723-5526-e880-1638d5001195_%e4%ba%8c.15_24.jpg,20250912-0723-5526-e880-1638d5001195_%e4%ba%8c.15_24.jpg,hard,cluster_10,2055,0.7645663022994995,False,keep,non_random_source=hard,,
20250912-0723-5526-e880-1638d5001195,%e4%ba%8c.15,20250912-0723-5526-e880-1638d5001195/%e4%ba%8c.15/20250912-0723-5526-e880-1638d5001195_%e4%ba%8c.15_58.jpg,20250912-0723-5526-e880-1638d5001195_%e4%ba%8c.15_58.jpg,diverse,cluster_10,2055,0.8367410898208618,False,keep,non_random_source=diverse,,
20250912-0723-5526-e880-1638d5001195,%e4%ba%8c.16,20250912-0723-5526-e880-1638d5001195/%e4%ba%8c.16/20250912-0723-5526-e880-1638d5001195_%e4%ba%8c.16_121.jpg,20250912-0723-5526-e880-1638d5001195_%e4%ba%8c.16_121.jpg,hard,cluster_6,3834,0.8431695103645325,False,keep,non_random_source=hard,,
20250912-0723-5526-e880-1638d5001195,%e4%ba%8c.16,20250912-0723-5526-e880-1638d5001195/%e4%ba%8c.16/20250912-0723-5526-e880-1638d5001195_%e4%ba%8c.16_164.jpg,20250912-0723-5526-e880-1638d5001195_%e4%ba%8c.16_164.jpg,hard,cluster_6,3834,0.8558731079101562,False,keep,non_random_source=hard,,
20250912-0723-5526-e880-1638d5001195,%e4%ba%8c.16,20250912-0723-5526-e880-1638d5001195/%e4%ba%8c.16/20250912-0723-5526-e880-1638d5001195_%e4%ba%8c.16_168.jpg,20250912-0723-5526-e880-1638d5001195_%e4%ba%8c.16_168.jpg,diverse,cluster_6,3834,0.8212739825248718,False,keep,non_random_source=diverse,,
20250912-0723-5526-e880-1638d5001195,%e4%ba%8c.16,20250912-0723-5526-e880-1638d5001195/%e4%ba%8c.16/20250912-0723-5526-e880-1638d5001195_%e4%ba%8c.16_177.jpg,20250912-0723-5526-e880-1638d5001195_%e4%ba%8c.16_177.jpg,diverse,cluster_6,3834,0.8625648021697998,False,keep,non_random_source=diverse,,
20250912-0723-5526-e880-1638d5001195,%e4%ba%8c.17,20250912-0723-5526-e880-1638d5001195/%e4%ba%8c.17/20250912-0723-5526-e880-1638d5001195_%e4%ba%8c.17_114.jpg,20250912-0723-5526-e880-1638d5001195_%e4%ba%8c.17_114.jpg,hard,cluster_8,2333,0.4809930622577667,False,keep,non_random_source=hard,,
20250912-0723-5526-e880-1638d5001195,%e4%ba%8c.17,20250912-0723-5526-e880-1638d5001195/%e4%ba%8c.17/20250912-0723-5526-e880-1638d5001195_%e4%ba%8c.17_141.jpg,20250912-0723-5526-e880-1638d5001195_%e4%ba%8c.17_141.jpg,diverse,cluster_9,3636,0.6436928510665894,False,keep,non_random_source=diverse,,
20250912-0723-5526-e880-1638d5001195,%e4%ba%8c.17,20250912-0723-5526-e880-1638d5001195/%e4%ba%8c.17/20250912-0723-5526-e880-1638d5001195_%e4%ba%8c.17_163.jpg,20250912-0723-5526-e880-1638d5001195_%e4%ba%8c.17_163.jpg,diverse,cluster_8,2333,0.4524497985839844,False,keep,non_random_source=diverse,,
20250912-0723-5526-e880-1638d5001195,%e4%ba%8c.17,20250912-0723-5526-e880-1638d5001195/%e4%ba%8c.17/20250912-0723-5526-e880-1638d5001195_%e4%ba%8c.17_80.jpg,20250912-0723-5526-e880-1638d5001195_%e4%ba%8c.17_80.jpg,hard,cluster_8,2333,0.4903916120529175,False,keep,non_random_source=hard,,
20250912-0723-5526-e880-1638d5001195,%e4%ba%8c.18,20250912-0723-5526-e880-1638d5001195/%e4%ba%8c.18/20250912-0723-5526-e880-1638d5001195_%e4%ba%8c.18_11.jpg,20250912-0723-5526-e880-1638d5001195_%e4%ba%8c.18_11.jpg,diverse,cluster_11,4191,0.7509781718254089,False,keep,non_random_source=diverse,,
20250912-0723-5526-e880-1638d5001195,%e4%ba%8c.18,20250912-0723-5526-e880-1638d5001195/%e4%ba%8c.18/20250912-0723-5526-e880-1638d5001195_%e4%ba%8c.18_123.jpg,20250912-0723-5526-e880-1638d5001195_%e4%ba%8c.18_123.jpg,hard,cluster_11,4191,0.7476124167442322,False,keep,non_random_source=hard,,
20250912-0723-5526-e880-1638d5001195,%e4%ba%8c.18,20250912-0723-5526-e880-1638d5001195/%e4%ba%8c.18/20250912-0723-5526-e880-1638d5001195_%e4%ba%8c.18_131.jpg,20250912-0723-5526-e880-1638d5001195_%e4%ba%8c.18_131.jpg,diverse,cluster_7,2261,0.5892651677131653,False,keep,non_random_source=diverse,,
20250912-0723-5526-e880-1638d5001195,%e4%ba%8c.18,20250912-0723-5526-e880-1638d5001195/%e4%ba%8c.18/20250912-0723-5526-e880-1638d5001195_%e4%ba%8c.18_44.jpg,20250912-0723-5526-e880-1638d5001195_%e4%ba%8c.18_44.jpg,hard,cluster_11,4191,0.6987209916114807,False,keep,non_random_source=hard,,
20250912-0723-5526-e880-1638d5001195,%e4%ba%8c.19,20250912-0723-5526-e880-1638d5001195/%e4%ba%8c.19/20250912-0723-5526-e880-1638d5001195_%e4%ba%8c.19_00.jpg,20250912-0723-5526-e880-1638d5001195_%e4%ba%8c.19_00.jpg,hard,cluster_11,4191,0.7324923872947693,True,keep,non_random_source=hard,,
20250912-0723-5526-e880-1638d5001195,%e4%ba%8c.19,20250912-0723-5526-e880-1638d5001195/%e4%ba%8c.19/20250912-0723-5526-e880-1638d5001195_%e4%ba%8c.19_03.jpg,20250912-0723-5526-e880-1638d5001195_%e4%ba%8c.19_03.jpg,replacement,cluster_11,4191,0.794606626033783,True,keep,non_random_source=replacement,,
20250912-0723-5526-e880-1638d5001195,%e4%ba%8c.19,20250912-0723-5526-e880-1638d5001195/%e4%ba%8c.19/20250912-0723-5526-e880-1638d5001195_%e4%ba%8c.19_07.jpg,20250912-0723-5526-e880-1638d5001195_%e4%ba%8c.19_07.jpg,diverse,cluster_9,3636,0.7393993139266968,True,keep,non_random_source=diverse,,
20250912-0723-5526-e880-1638d5001195,%e4%ba%8c.19,20250912-0723-5526-e880-1638d5001195/%e4%ba%8c.19/20250912-0723-5526-e880-1638d5001195_%e4%ba%8c.19_127.jpg,20250912-0723-5526-e880-1638d5001195_%e4%ba%8c.19_127.jpg,diverse,cluster_11,4191,0.7571890354156494,True,keep,non_random_source=diverse,,
20250912-0723-5526-e880-1638d5001195,%e4%ba%8c.19,20250912-0723-5526-e880-1638d5001195/%e4%ba%8c.19/20250912-0723-5526-e880-1638d5001195_%e4%ba%8c.19_146.jpg,20250912-0723-5526-e880-1638d5001195_%e4%ba%8c.19_146.jpg,hard,cluster_11,4191,0.6806510090827942,True,keep,non_random_source=hard,,
20250912-0723-5526-e880-1638d5001195,%e4%ba%8c.19,20250912-0723-5526-e880-1638d5001195/%e4%ba%8c.19/20250912-0723-5526-e880-1638d5001195_%e4%ba%8c.19_176.jpg,20250912-0723-5526-e880-1638d5001195_%e4%ba%8c.19_176.jpg,replacement,cluster_9,3636,0.7615195512771606,True,keep,non_random_source=replacement,,
20250912-0723-5526-e880-1638d5001195,%e4%ba%8c.19,20250912-0723-5526-e880-1638d5001195/%e4%ba%8c.19/20250912-0723-5526-e880-1638d5001195_%e4%ba%8c.19_198.jpg,20250912-0723-5526-e880-1638d5001195_%e4%ba%8c.19_198.jpg,replacement,cluster_7,2261,0.5276228189468384,True,keep,non_random_source=replacement,,
20250912-0723-5526-e880-1638d5001195,%e4%ba%8c.19,20250912-0723-5526-e880-1638d5001195/%e4%ba%8c.19/20250912-0723-5526-e880-1638d5001195_%e4%ba%8c.19_71.jpg,20250912-0723-5526-e880-1638d5001195_%e4%ba%8c.19_71.jpg,replacement,cluster_11,4191,0.7930991649627686,True,keep,non_random_source=replacement,,
20250913-0821-097b-0e63-d8dfb5016574,%e4%b8%80.15,20250913-0821-097b-0e63-d8dfb5016574/%e4%b8%80.15/20250913-0821-097b-0e63-d8dfb5016574_%e4%b8%80.15_124.jpg,20250913-0821-097b-0e63-d8dfb5016574_%e4%b8%80.15_124.jpg,hard,cluster_5,2606,0.5569940805435181,True,keep,non_random_source=hard,,
20250913-0821-097b-0e63-d8dfb5016574,%e4%b8%80.15,20250913-0821-097b-0e63-d8dfb5016574/%e4%b8%80.15/20250913-0821-097b-0e63-d8dfb5016574_%e4%b8%80.15_125.jpg,20250913-0821-097b-0e63-d8dfb5016574_%e4%b8%80.15_125.jpg,replacement,cluster_5,2606,0.4475439488887787,True,keep,non_random_source=replacement,,
20250913-0821-097b-0e63-d8dfb5016574,%e4%b8%80.15,20250913-0821-097b-0e63-d8dfb5016574/%e4%b8%80.15/20250913-0821-097b-0e63-d8dfb5016574_%e4%b8%80.15_128.jpg,20250913-0821-097b-0e63-d8dfb5016574_%e4%b8%80.15_128.jpg,replacement,cluster_5,2606,0.6403552889823914,True,keep,non_random_source=replacement,,
20250913-0821-097b-0e63-d8dfb5016574,%e4%b8%80.15,20250913-0821-097b-0e63-d8dfb5016574/%e4%b8%80.15/20250913-0821-097b-0e63-d8dfb5016574_%e4%b8%80.15_14.jpg,20250913-0821-097b-0e63-d8dfb5016574_%e4%b8%80.15_14.jpg,hard,cluster_5,2606,0.5978915691375732,True,keep,non_random_source=hard,,
20250913-0821-097b-0e63-d8dfb5016574,%e4%b8%80.15,20250913-0821-097b-0e63-d8dfb5016574/%e4%b8%80.15/20250913-0821-097b-0e63-d8dfb5016574_%e4%b8%80.15_150.jpg,20250913-0821-097b-0e63-d8dfb5016574_%e4%b8%80.15_150.jpg,diverse,cluster_2,2092,0.6357071995735168,True,keep,non_random_source=diverse,,
20250913-0821-097b-0e63-d8dfb5016574,%e4%b8%80.15,20250913-0821-097b-0e63-d8dfb5016574/%e4%b8%80.15/20250913-0821-097b-0e63-d8dfb5016574_%e4%b8%80.15_153.jpg,20250913-0821-097b-0e63-d8dfb5016574_%e4%b8%80.15_153.jpg,diverse,cluster_5,2606,0.5540250539779663,True,keep,non_random_source=diverse,,
20250913-0821-097b-0e63-d8dfb5016574,%e4%b8%80.15,20250913-0821-097b-0e63-d8dfb5016574/%e4%b8%80.15/20250913-0821-097b-0e63-d8dfb5016574_%e4%b8%80.15_166.jpg,20250913-0821-097b-0e63-d8dfb5016574_%e4%b8%80.15_166.jpg,replacement,cluster_2,2092,0.31709831953048706,True,keep,non_random_source=replacement,,
20250913-0821-097b-0e63-d8dfb5016574,%e4%b8%80.15,20250913-0821-097b-0e63-d8dfb5016574/%e4%b8%80.15/20250913-0821-097b-0e63-d8dfb5016574_%e4%b8%80.15_51.jpg,20250913-0821-097b-0e63-d8dfb5016574_%e4%b8%80.15_51.jpg,replacement,cluster_5,2606,0.5118473172187805,True,keep,non_random_source=replacement,,
20250913-0821-097b-0e63-d8dfb5016574,%e4%b8%80.16,20250913-0821-097b-0e63-d8dfb5016574/%e4%b8%80.16/20250913-0821-097b-0e63-d8dfb5016574_%e4%b8%80.16_06.jpg,20250913-0821-097b-0e63-d8dfb5016574_%e4%b8%80.16_06.jpg,replacement,cluster_5,2606,0.6338337659835815,True,keep,non_random_source=replacement,,
20250913-0821-097b-0e63-d8dfb5016574,%e4%b8%80.16,20250913-0821-097b-0e63-d8dfb5016574/%e4%b8%80.16/20250913-0821-097b-0e63-d8dfb5016574_%e4%b8%80.16_110.jpg,20250913-0821-097b-0e63-d8dfb5016574_%e4%b8%80.16_110.jpg,replacement,cluster_5,2606,0.6444524526596069,True,keep,non_random_source=replacement,,
20250913-0821-097b-0e63-d8dfb5016574,%e4%b8%80.16,20250913-0821-097b-0e63-d8dfb5016574/%e4%b8%80.16/20250913-0821-097b-0e63-d8dfb5016574_%e4%b8%80.16_132.jpg,20250913-0821-097b-0e63-d8dfb5016574_%e4%b8%80.16_132.jpg,hard,cluster_5,2606,0.6123425364494324,True,keep,non_random_source=hard,,
20250913-0821-097b-0e63-d8dfb5016574,%e4%b8%80.16,20250913-0821-097b-0e63-d8dfb5016574/%e4%b8%80.16/20250913-0821-097b-0e63-d8dfb5016574_%e4%b8%80.16_133.jpg,20250913-0821-097b-0e63-d8dfb5016574_%e4%b8%80.16_133.jpg,replacement,cluster_5,2606,0.6640943288803101,True,keep,non_random_source=replacement,,
20250913-0821-097b-0e63-d8dfb5016574,%e4%b8%80.16,20250913-0821-097b-0e63-d8dfb5016574/%e4%b8%80.16/20250913-0821-097b-0e63-d8dfb5016574_%e4%b8%80.16_160.jpg,20250913-0821-097b-0e63-d8dfb5016574_%e4%b8%80.16_160.jpg,diverse,cluster_5,2606,0.6162499785423279,True,keep,non_random_source=diverse,,
20250913-0821-097b-0e63-d8dfb5016574,%e4%b8%80.16,20250913-0821-097b-0e63-d8dfb5016574/%e4%b8%80.16/20250913-0821-097b-0e63-d8dfb5016574_%e4%b8%80.16_48.jpg,20250913-0821-097b-0e63-d8dfb5016574_%e4%b8%80.16_48.jpg,diverse,cluster_5,2606,0.6347059011459351,True,keep,non_random_source=diverse,,
20250913-0821-097b-0e63-d8dfb5016574,%e4%b8%80.16,20250913-0821-097b-0e63-d8dfb5016574/%e4%b8%80.16/20250913-0821-097b-0e63-d8dfb5016574_%e4%b8%80.16_75.jpg,20250913-0821-097b-0e63-d8dfb5016574_%e4%b8%80.16_75.jpg,hard,cluster_5,2606,0.6265577673912048,True,keep,non_random_source=hard,,
20250913-0821-097b-0e63-d8dfb5016574,%e4%b8%80.16,20250913-0821-097b-0e63-d8dfb5016574/%e4%b8%80.16/20250913-0821-097b-0e63-d8dfb5016574_%e4%b8%80.16_85.jpg,20250913-0821-097b-0e63-d8dfb5016574_%e4%b8%80.16_85.jpg,replacement,cluster_5,2606,0.6559998393058777,True,keep,non_random_source=replacement,,
20250913-0821-097b-0e63-d8dfb5016574,%e4%b8%80.17,20250913-0821-097b-0e63-d8dfb5016574/%e4%b8%80.17/20250913-0821-097b-0e63-d8dfb5016574_%e4%b8%80.17_100.jpg,20250913-0821-097b-0e63-d8dfb5016574_%e4%b8%80.17_100.jpg,diverse,cluster_5,2606,0.5568394064903259,False,keep,non_random_source=diverse,,
20250913-0821-097b-0e63-d8dfb5016574,%e4%b8%80.17,20250913-0821-097b-0e63-d8dfb5016574/%e4%b8%80.17/20250913-0821-097b-0e63-d8dfb5016574_%e4%b8%80.17_132.jpg,20250913-0821-097b-0e63-d8dfb5016574_%e4%b8%80.17_132.jpg,hard,cluster_5,2606,0.5476332902908325,False,keep,non_random_source=hard,,
20250913-0821-097b-0e63-d8dfb5016574,%e4%b8%80.17,20250913-0821-097b-0e63-d8dfb5016574/%e4%b8%80.17/20250913-0821-097b-0e63-d8dfb5016574_%e4%b8%80.17_54.jpg,20250913-0821-097b-0e63-d8dfb5016574_%e4%b8%80.17_54.jpg,diverse,cluster_4,3444,0.5808950066566467,False,keep,non_random_source=diverse,,
20250913-0821-097b-0e63-d8dfb5016574,%e4%b8%80.17,20250913-0821-097b-0e63-d8dfb5016574/%e4%b8%80.17/20250913-0821-097b-0e63-d8dfb5016574_%e4%b8%80.17_73.jpg,20250913-0821-097b-0e63-d8dfb5016574_%e4%b8%80.17_73.jpg,hard,cluster_5,2606,0.5283732414245605,False,keep,non_random_source=hard,,
20250913-0821-097b-0e63-d8dfb5016574,%e4%b8%80.18,20250913-0821-097b-0e63-d8dfb5016574/%e4%b8%80.18/20250913-0821-097b-0e63-d8dfb5016574_%e4%b8%80.18_13.jpg,20250913-0821-097b-0e63-d8dfb5016574_%e4%b8%80.18_13.jpg,replacement,cluster_9,3636,0.6822149157524109,True,keep,non_random_source=replacement,,
20250913-0821-097b-0e63-d8dfb5016574,%e4%b8%80.18,20250913-0821-097b-0e63-d8dfb5016574/%e4%b8%80.18/20250913-0821-097b-0e63-d8dfb5016574_%e4%b8%80.18_137.jpg,20250913-0821-097b-0e63-d8dfb5016574_%e4%b8%80.18_137.jpg,hard,cluster_12,4553,0.7365241050720215,True,keep,non_random_source=hard,,
20250913-0821-097b-0e63-d8dfb5016574,%e4%b8%80.18,20250913-0821-097b-0e63-d8dfb5016574/%e4%b8%80.18/20250913-0821-097b-0e63-d8dfb5016574_%e4%b8%80.18_31.jpg,20250913-0821-097b-0e63-d8dfb5016574_%e4%b8%80.18_31.jpg,replacement,cluster_4,3444,0.651925265789032,True,keep,non_random_source=replacement,,
20250913-0821-097b-0e63-d8dfb5016574,%e4%b8%80.18,20250913-0821-097b-0e63-d8dfb5016574/%e4%b8%80.18/20250913-0821-097b-0e63-d8dfb5016574_%e4%b8%80.18_40.jpg,20250913-0821-097b-0e63-d8dfb5016574_%e4%b8%80.18_40.jpg,diverse,cluster_12,4553,0.7371264696121216,True,keep,non_random_source=diverse,,
20250913-0821-097b-0e63-d8dfb5016574,%e4%b8%80.18,20250913-0821-097b-0e63-d8dfb5016574/%e4%b8%80.18/20250913-0821-097b-0e63-d8dfb5016574_%e4%b8%80.18_48.jpg,20250913-0821-097b-0e63-d8dfb5016574_%e4%b8%80.18_48.jpg,hard,cluster_12,4553,0.7131392359733582,True,keep,non_random_source=hard,,
20250913-0821-097b-0e63-d8dfb5016574,%e4%b8%80.18,20250913-0821-097b-0e63-d8dfb5016574/%e4%b8%80.18/20250913-0821-097b-0e63-d8dfb5016574_%e4%b8%80.18_56.jpg,20250913-0821-097b-0e63-d8dfb5016574_%e4%b8%80.18_56.jpg,diverse,cluster_9,3636,0.6901806592941284,True,keep,non_random_source=diverse,,
20250913-0821-097b-0e63-d8dfb5016574,%e4%b8%80.18,20250913-0821-097b-0e63-d8dfb5016574/%e4%b8%80.18/20250913-0821-097b-0e63-d8dfb5016574_%e4%b8%80.18_64.jpg,20250913-0821-097b-0e63-d8dfb5016574_%e4%b8%80.18_64.jpg,replacement,cluster_12,4553,0.6301738023757935,True,keep,non_random_source=replacement,,
20250913-0821-097b-0e63-d8dfb5016574,%e4%b8%80.18,20250913-0821-097b-0e63-d8dfb5016574/%e4%b8%80.18/20250913-0821-097b-0e63-d8dfb5016574_%e4%b8%80.18_74.jpg,20250913-0821-097b-0e63-d8dfb5016574_%e4%b8%80.18_74.jpg,replacement,cluster_12,4553,0.7723885774612427,True,keep,non_random_source=replacement,,
20250915-1217-09f4-78c5-af7146901132,%e4%ba%8c.15,20250915-1217-09f4-78c5-af7146901132/%e4%ba%8c.15/20250915-1217-09f4-78c5-af7146901132_%e4%ba%8c.15_107.jpg,20250915-1217-09f4-78c5-af7146901132_%e4%ba%8c.15_107.jpg,replacement,cluster_9,3636,0.5991140007972717,True,keep,non_random_source=replacement,,
20250915-1217-09f4-78c5-af7146901132,%e4%ba%8c.15,20250915-1217-09f4-78c5-af7146901132/%e4%ba%8c.15/20250915-1217-09f4-78c5-af7146901132_%e4%ba%8c.15_134.jpg,20250915-1217-09f4-78c5-af7146901132_%e4%ba%8c.15_134.jpg,replacement,cluster_7,2261,0.5755072236061096,True,keep,non_random_source=replacement,,
20250915-1217-09f4-78c5-af7146901132,%e4%ba%8c.15,20250915-1217-09f4-78c5-af7146901132/%e4%ba%8c.15/20250915-1217-09f4-78c5-af7146901132_%e4%ba%8c.15_194.jpg,20250915-1217-09f4-78c5-af7146901132_%e4%ba%8c.15_194.jpg,diverse,cluster_12,4553,0.7035406827926636,True,keep,non_random_source=diverse,,
20250915-1217-09f4-78c5-af7146901132,%e4%ba%8c.15,20250915-1217-09f4-78c5-af7146901132/%e4%ba%8c.15/20250915-1217-09f4-78c5-af7146901132_%e4%ba%8c.15_22.jpg,20250915-1217-09f4-78c5-af7146901132_%e4%ba%8c.15_22.jpg,diverse,cluster_7,2261,0.42832067608833313,True,keep,non_random_source=diverse,,
20250915-1217-09f4-78c5-af7146901132,%e4%ba%8c.15,20250915-1217-09f4-78c5-af7146901132/%e4%ba%8c.15/20250915-1217-09f4-78c5-af7146901132_%e4%ba%8c.15_34.jpg,20250915-1217-09f4-78c5-af7146901132_%e4%ba%8c.15_34.jpg,hard,cluster_12,4553,0.5989521741867065,True,keep,non_random_source=hard,,
20250915-1217-09f4-78c5-af7146901132,%e4%ba%8c.15,20250915-1217-09f4-78c5-af7146901132/%e4%ba%8c.15/20250915-1217-09f4-78c5-af7146901132_%e4%ba%8c.15_47.jpg,20250915-1217-09f4-78c5-af7146901132_%e4%ba%8c.15_47.jpg,hard,cluster_12,4553,0.622864842414856,True,keep,non_random_source=hard,,
20250915-1217-09f4-78c5-af7146901132,%e4%ba%8c.15,20250915-1217-09f4-78c5-af7146901132/%e4%ba%8c.15/20250915-1217-09f4-78c5-af7146901132_%e4%ba%8c.15_50.jpg,20250915-1217-09f4-78c5-af7146901132_%e4%ba%8c.15_50.jpg,replacement,cluster_12,4553,0.6489948034286499,True,keep,non_random_source=replacement,,
20250915-1217-09f4-78c5-af7146901132,%e4%ba%8c.15,20250915-1217-09f4-78c5-af7146901132/%e4%ba%8c.15/20250915-1217-09f4-78c5-af7146901132_%e4%ba%8c.15_70.jpg,20250915-1217-09f4-78c5-af7146901132_%e4%ba%8c.15_70.jpg,replacement,cluster_12,4553,0.7248979210853577,True,keep,non_random_source=replacement,,
20250915-1217-09f4-78c5-af7146901132,%e4%ba%8c.16,20250915-1217-09f4-78c5-af7146901132/%e4%ba%8c.16/20250915-1217-09f4-78c5-af7146901132_%e4%ba%8c.16_06.jpg,20250915-1217-09f4-78c5-af7146901132_%e4%ba%8c.16_06.jpg,diverse,cluster_12,4553,0.6395034790039062,True,keep,non_random_source=diverse,,
20250915-1217-09f4-78c5-af7146901132,%e4%ba%8c.16,20250915-1217-09f4-78c5-af7146901132/%e4%ba%8c.16/20250915-1217-09f4-78c5-af7146901132_%e4%ba%8c.16_106.jpg,20250915-1217-09f4-78c5-af7146901132_%e4%ba%8c.16_106.jpg,hard,cluster_12,4553,0.6345900297164917,True,keep,non_random_source=hard,,
20250915-1217-09f4-78c5-af7146901132,%e4%ba%8c.16,20250915-1217-09f4-78c5-af7146901132/%e4%ba%8c.16/20250915-1217-09f4-78c5-af7146901132_%e4%ba%8c.16_140.jpg,20250915-1217-09f4-78c5-af7146901132_%e4%ba%8c.16_140.jpg,diverse,cluster_9,3636,0.5752449631690979,True,keep,non_random_source=diverse,,
20250915-1217-09f4-78c5-af7146901132,%e4%ba%8c.16,20250915-1217-09f4-78c5-af7146901132/%e4%ba%8c.16/20250915-1217-09f4-78c5-af7146901132_%e4%ba%8c.16_183.jpg,20250915-1217-09f4-78c5-af7146901132_%e4%ba%8c.16_183.jpg,replacement,cluster_9,3636,0.5340107083320618,True,keep,non_random_source=replacement,,
20250915-1217-09f4-78c5-af7146901132,%e4%ba%8c.16,20250915-1217-09f4-78c5-af7146901132/%e4%ba%8c.16/20250915-1217-09f4-78c5-af7146901132_%e4%ba%8c.16_194.jpg,20250915-1217-09f4-78c5-af7146901132_%e4%ba%8c.16_194.jpg,replacement,cluster_12,4553,0.6279239058494568,True,keep,non_random_source=replacement,,
20250915-1217-09f4-78c5-af7146901132,%e4%ba%8c.16,20250915-1217-09f4-78c5-af7146901132/%e4%ba%8c.16/20250915-1217-09f4-78c5-af7146901132_%e4%ba%8c.16_54.jpg,20250915-1217-09f4-78c5-af7146901132_%e4%ba%8c.16_54.jpg,replacement,cluster_11,4191,0.5944015383720398,True,keep,non_random_source=replacement,,
20250915-1217-09f4-78c5-af7146901132,%e4%ba%8c.16,20250915-1217-09f4-78c5-af7146901132/%e4%ba%8c.16/20250915-1217-09f4-78c5-af7146901132_%e4%ba%8c.16_62.jpg,20250915-1217-09f4-78c5-af7146901132_%e4%ba%8c.16_62.jpg,hard,cluster_12,4553,0.5888383984565735,True,keep,non_random_source=hard,,
20250915-1217-09f4-78c5-af7146901132,%e4%ba%8c.16,20250915-1217-09f4-78c5-af7146901132/%e4%ba%8c.16/20250915-1217-09f4-78c5-af7146901132_%e4%ba%8c.16_81.jpg,20250915-1217-09f4-78c5-af7146901132_%e4%ba%8c.16_81.jpg,replacement,cluster_12,4553,0.7079265117645264,True,keep,non_random_source=replacement,,
20250915-1217-09f4-78c5-af7146901132,%e4%ba%8c.17,20250915-1217-09f4-78c5-af7146901132/%e4%ba%8c.17/20250915-1217-09f4-78c5-af7146901132_%e4%ba%8c.17_152.jpg,20250915-1217-09f4-78c5-af7146901132_%e4%ba%8c.17_152.jpg,diverse,cluster_5,2606,0.8170269727706909,False,keep,non_random_source=diverse,,
20250915-1217-09f4-78c5-af7146901132,%e4%ba%8c.17,20250915-1217-09f4-78c5-af7146901132/%e4%ba%8c.17/20250915-1217-09f4-78c5-af7146901132_%e4%ba%8c.17_158.jpg,20250915-1217-09f4-78c5-af7146901132_%e4%ba%8c.17_158.jpg,hard,cluster_5,2606,0.7709412574768066,False,keep,non_random_source=hard,,
20250915-1217-09f4-78c5-af7146901132,%e4%ba%8c.17,20250915-1217-09f4-78c5-af7146901132/%e4%ba%8c.17/20250915-1217-09f4-78c5-af7146901132_%e4%ba%8c.17_187.jpg,20250915-1217-09f4-78c5-af7146901132_%e4%ba%8c.17_187.jpg,diverse,cluster_2,2092,0.6819682121276855,False,keep,non_random_source=diverse,,
20250915-1217-09f4-78c5-af7146901132,%e4%ba%8c.17,20250915-1217-09f4-78c5-af7146901132/%e4%ba%8c.17/20250915-1217-09f4-78c5-af7146901132_%e4%ba%8c.17_54.jpg,20250915-1217-09f4-78c5-af7146901132_%e4%ba%8c.17_54.jpg,hard,cluster_5,2606,0.7419707179069519,False,keep,non_random_source=hard,,
20250915-1217-09f4-78c5-af7146901132,%e4%ba%8c.18,20250915-1217-09f4-78c5-af7146901132/%e4%ba%8c.18/20250915-1217-09f4-78c5-af7146901132_%e4%ba%8c.18_113.jpg,20250915-1217-09f4-78c5-af7146901132_%e4%ba%8c.18_113.jpg,hard,cluster_11,4191,0.6895997524261475,True,keep,non_random_source=hard,,
20250915-1217-09f4-78c5-af7146901132,%e4%ba%8c.18,20250915-1217-09f4-78c5-af7146901132/%e4%ba%8c.18/20250915-1217-09f4-78c5-af7146901132_%e4%ba%8c.18_116.jpg,20250915-1217-09f4-78c5-af7146901132_%e4%ba%8c.18_116.jpg,replacement,cluster_12,4553,0.37038305401802063,True,keep,non_random_source=replacement,,
20250915-1217-09f4-78c5-af7146901132,%e4%ba%8c.18,20250915-1217-09f4-78c5-af7146901132/%e4%ba%8c.18/20250915-1217-09f4-78c5-af7146901132_%e4%ba%8c.18_127.jpg,20250915-1217-09f4-78c5-af7146901132_%e4%ba%8c.18_127.jpg,diverse,cluster_11,4191,0.7460249066352844,True,keep,non_random_source=diverse,,
20250915-1217-09f4-78c5-af7146901132,%e4%ba%8c.18,20250915-1217-09f4-78c5-af7146901132/%e4%ba%8c.18/20250915-1217-09f4-78c5-af7146901132_%e4%ba%8c.18_160.jpg,20250915-1217-09f4-78c5-af7146901132_%e4%ba%8c.18_160.jpg,replacement,cluster_9,3636,0.7537825107574463,True,keep,non_random_source=replacement,,
20250915-1217-09f4-78c5-af7146901132,%e4%ba%8c.18,20250915-1217-09f4-78c5-af7146901132/%e4%ba%8c.18/20250915-1217-09f4-78c5-af7146901132_%e4%ba%8c.18_189.jpg,20250915-1217-09f4-78c5-af7146901132_%e4%ba%8c.18_189.jpg,replacement,cluster_11,4191,0.6055501699447632,True,keep,non_random_source=replacement,,
20250915-1217-09f4-78c5-af7146901132,%e4%ba%8c.18,20250915-1217-09f4-78c5-af7146901132/%e4%ba%8c.18/20250915-1217-09f4-78c5-af7146901132_%e4%ba%8c.18_21.jpg,20250915-1217-09f4-78c5-af7146901132_%e4%ba%8c.18_21.jpg,replacement,cluster_11,4191,0.7560858726501465,True,keep,non_random_source=replacement,,
20250915-1217-09f4-78c5-af7146901132,%e4%ba%8c.18,20250915-1217-09f4-78c5-af7146901132/%e4%ba%8c.18/20250915-1217-09f4-78c5-af7146901132_%e4%ba%8c.18_30.jpg,20250915-1217-09f4-78c5-af7146901132_%e4%ba%8c.18_30.jpg,diverse,cluster_9,3636,0.7689334154129028,True,keep,non_random_source=diverse,,
20250915-1217-09f4-78c5-af7146901132,%e4%ba%8c.18,20250915-1217-09f4-78c5-af7146901132/%e4%ba%8c.18/20250915-1217-09f4-78c5-af7146901132_%e4%ba%8c.18_73.jpg,20250915-1217-09f4-78c5-af7146901132_%e4%ba%8c.18_73.jpg,hard,cluster_11,4191,0.7200974822044373,True,keep,non_random_source=hard,,
20250915-1217-09f4-78c5-af7146901132,%e4%ba%8c.19,20250915-1217-09f4-78c5-af7146901132/%e4%ba%8c.19/20250915-1217-09f4-78c5-af7146901132_%e4%ba%8c.19_03.jpg,20250915-1217-09f4-78c5-af7146901132_%e4%ba%8c.19_03.jpg,diverse,cluster_9,3636,0.8031346201896667,False,keep,non_random_source=diverse,,
20250915-1217-09f4-78c5-af7146901132,%e4%ba%8c.19,20250915-1217-09f4-78c5-af7146901132/%e4%ba%8c.19/20250915-1217-09f4-78c5-af7146901132_%e4%ba%8c.19_180.jpg,20250915-1217-09f4-78c5-af7146901132_%e4%ba%8c.19_180.jpg,diverse,cluster_11,4191,0.786392092704773,False,keep,non_random_source=diverse,,
20250915-1217-09f4-78c5-af7146901132,%e4%ba%8c.19,20250915-1217-09f4-78c5-af7146901132/%e4%ba%8c.19/20250915-1217-09f4-78c5-af7146901132_%e4%ba%8c.19_51.jpg,20250915-1217-09f4-78c5-af7146901132_%e4%ba%8c.19_51.jpg,hard,cluster_11,4191,0.7166810631752014,False,keep,non_random_source=hard,,
20250915-1217-09f4-78c5-af7146901132,%e4%ba%8c.19,20250915-1217-09f4-78c5-af7146901132/%e4%ba%8c.19/20250915-1217-09f4-78c5-af7146901132_%e4%ba%8c.19_61.jpg,20250915-1217-09f4-78c5-af7146901132_%e4%ba%8c.19_61.jpg,hard,cluster_11,4191,0.6907433867454529,False,keep,non_random_source=hard,,
20250916-0658-4889-b9ca-51548b850223,15,20250916-0658-4889-b9ca-51548b850223/15/20250916-0658-4889-b9ca-51548b850223_15_178.jpg,20250916-0658-4889-b9ca-51548b850223_15_178.jpg,hard,cluster_11,4191,0.6588441729545593,False,keep,non_random_source=hard,,
20250916-0658-4889-b9ca-51548b850223,15,20250916-0658-4889-b9ca-51548b850223/15/20250916-0658-4889-b9ca-51548b850223_15_33.jpg,20250916-0658-4889-b9ca-51548b850223_15_33.jpg,hard,cluster_12,4553,0.7087714076042175,False,keep,non_random_source=hard,,
20250916-0658-4889-b9ca-51548b850223,15,20250916-0658-4889-b9ca-51548b850223/15/20250916-0658-4889-b9ca-51548b850223_15_70.jpg,20250916-0658-4889-b9ca-51548b850223_15_70.jpg,diverse,cluster_7,2261,0.5910412669181824,False,keep,non_random_source=diverse,,
20250916-0658-4889-b9ca-51548b850223,15,20250916-0658-4889-b9ca-51548b850223/15/20250916-0658-4889-b9ca-51548b850223_15_79.jpg,20250916-0658-4889-b9ca-51548b850223_15_79.jpg,diverse,cluster_12,4553,0.7544773817062378,False,keep,non_random_source=diverse,,
20250916-0658-4889-b9ca-51548b850223,16,20250916-0658-4889-b9ca-51548b850223/16/20250916-0658-4889-b9ca-51548b850223_16_03.jpg,20250916-0658-4889-b9ca-51548b850223_16_03.jpg,diverse,cluster_7,2261,0.5086318850517273,False,keep,non_random_source=diverse,,
20250916-0658-4889-b9ca-51548b850223,16,20250916-0658-4889-b9ca-51548b850223/16/20250916-0658-4889-b9ca-51548b850223_16_05.jpg,20250916-0658-4889-b9ca-51548b850223_16_05.jpg,hard,cluster_12,4553,0.6718534827232361,False,keep,non_random_source=hard,,
20250916-0658-4889-b9ca-51548b850223,16,20250916-0658-4889-b9ca-51548b850223/16/20250916-0658-4889-b9ca-51548b850223_16_119.jpg,20250916-0658-4889-b9ca-51548b850223_16_119.jpg,diverse,cluster_12,4553,0.6695833802223206,False,keep,non_random_source=diverse,,
20250916-0658-4889-b9ca-51548b850223,16,20250916-0658-4889-b9ca-51548b850223/16/20250916-0658-4889-b9ca-51548b850223_16_84.jpg,20250916-0658-4889-b9ca-51548b850223_16_84.jpg,hard,cluster_12,4553,0.6863822340965271,False,keep,non_random_source=hard,,
20250916-0658-4889-b9ca-51548b850223,17,20250916-0658-4889-b9ca-51548b850223/17/20250916-0658-4889-b9ca-51548b850223_17_153.jpg,20250916-0658-4889-b9ca-51548b850223_17_153.jpg,hard,cluster_11,4191,0.8328132629394531,False,keep,non_random_source=hard,,
20250916-0658-4889-b9ca-51548b850223,17,20250916-0658-4889-b9ca-51548b850223/17/20250916-0658-4889-b9ca-51548b850223_17_164.jpg,20250916-0658-4889-b9ca-51548b850223_17_164.jpg,diverse,cluster_7,2261,0.6710656881332397,False,keep,non_random_source=diverse,,
20250916-0658-4889-b9ca-51548b850223,17,20250916-0658-4889-b9ca-51548b850223/17/20250916-0658-4889-b9ca-51548b850223_17_32.jpg,20250916-0658-4889-b9ca-51548b850223_17_32.jpg,hard,cluster_11,4191,0.8388282656669617,False,keep,non_random_source=hard,,
20250916-0658-4889-b9ca-51548b850223,17,20250916-0658-4889-b9ca-51548b850223/17/20250916-0658-4889-b9ca-51548b850223_17_57.jpg,20250916-0658-4889-b9ca-51548b850223_17_57.jpg,diverse,cluster_11,4191,0.8308583498001099,False,keep,non_random_source=diverse,,
20250916-0658-4889-b9ca-51548b850223,18,20250916-0658-4889-b9ca-51548b850223/18/20250916-0658-4889-b9ca-51548b850223_18_112.jpg,20250916-0658-4889-b9ca-51548b850223_18_112.jpg,hard,cluster_11,4191,0.8482215404510498,False,keep,non_random_source=hard,,
20250916-0658-4889-b9ca-51548b850223,18,20250916-0658-4889-b9ca-51548b850223/18/20250916-0658-4889-b9ca-51548b850223_18_140.jpg,20250916-0658-4889-b9ca-51548b850223_18_140.jpg,diverse,cluster_7,2261,0.6378078460693359,False,keep,non_random_source=diverse,,
20250916-0658-4889-b9ca-51548b850223,18,20250916-0658-4889-b9ca-51548b850223/18/20250916-0658-4889-b9ca-51548b850223_18_172.jpg,20250916-0658-4889-b9ca-51548b850223_18_172.jpg,hard,cluster_11,4191,0.8622246384620667,False,keep,non_random_source=hard,,
20250916-0658-4889-b9ca-51548b850223,18,20250916-0658-4889-b9ca-51548b850223/18/20250916-0658-4889-b9ca-51548b850223_18_84.jpg,20250916-0658-4889-b9ca-51548b850223_18_84.jpg,diverse,cluster_11,4191,0.8703734278678894,False,keep,non_random_source=diverse,,
20250916-0658-4889-b9ca-51548b850223,19,20250916-0658-4889-b9ca-51548b850223/19/20250916-0658-4889-b9ca-51548b850223_19_143.jpg,20250916-0658-4889-b9ca-51548b850223_19_143.jpg,hard,cluster_11,4191,0.7219902276992798,False,keep,non_random_source=hard,,
20250916-0658-4889-b9ca-51548b850223,19,20250916-0658-4889-b9ca-51548b850223/19/20250916-0658-4889-b9ca-51548b850223_19_154.jpg,20250916-0658-4889-b9ca-51548b850223_19_154.jpg,diverse,cluster_11,4191,0.7660700678825378,False,keep,non_random_source=diverse,,
20250916-0658-4889-b9ca-51548b850223,19,20250916-0658-4889-b9ca-51548b850223/19/20250916-0658-4889-b9ca-51548b850223_19_156.jpg,20250916-0658-4889-b9ca-51548b850223_19_156.jpg,hard,cluster_11,4191,0.7318102121353149,False,keep,non_random_source=hard,,
20250916-0658-4889-b9ca-51548b850223,19,20250916-0658-4889-b9ca-51548b850223/19/20250916-0658-4889-b9ca-51548b850223_19_20.jpg,20250916-0658-4889-b9ca-51548b850223_19_20.jpg,diverse,cluster_7,2261,0.6581539511680603,False,keep,non_random_source=diverse,,
20250917-0224-5414-c8b8-e7e46c157027,15,20250917-0224-5414-c8b8-e7e46c157027/15/20250917-0224-5414-c8b8-e7e46c157027_15_02.jpg,20250917-0224-5414-c8b8-e7e46c157027_15_02.jpg,replacement,cluster_8,2333,0.7858089208602905,True,keep,non_random_source=replacement,,
20250917-0224-5414-c8b8-e7e46c157027,15,20250917-0224-5414-c8b8-e7e46c157027/15/20250917-0224-5414-c8b8-e7e46c157027_15_17.jpg,20250917-0224-5414-c8b8-e7e46c157027_15_17.jpg,hard,cluster_8,2333,0.8282341957092285,True,keep,non_random_source=hard,,
20250917-0224-5414-c8b8-e7e46c157027,15,20250917-0224-5414-c8b8-e7e46c157027/15/20250917-0224-5414-c8b8-e7e46c157027_15_28.jpg,20250917-0224-5414-c8b8-e7e46c157027_15_28.jpg,replacement,cluster_8,2333,0.7345277667045593,True,keep,non_random_source=replacement,,
20250917-0224-5414-c8b8-e7e46c157027,15,20250917-0224-5414-c8b8-e7e46c157027/15/20250917-0224-5414-c8b8-e7e46c157027_15_30.jpg,20250917-0224-5414-c8b8-e7e46c157027_15_30.jpg,diverse,cluster_4,3444,0.6064538955688477,True,keep,non_random_source=diverse,,
20250917-0224-5414-c8b8-e7e46c157027,15,20250917-0224-5414-c8b8-e7e46c157027/15/20250917-0224-5414-c8b8-e7e46c157027_15_47.jpg,20250917-0224-5414-c8b8-e7e46c157027_15_47.jpg,replacement,cluster_8,2333,0.7297772169113159,True,keep,non_random_source=replacement,,
20250917-0224-5414-c8b8-e7e46c157027,15,20250917-0224-5414-c8b8-e7e46c157027/15/20250917-0224-5414-c8b8-e7e46c157027_15_59.jpg,20250917-0224-5414-c8b8-e7e46c157027_15_59.jpg,diverse,cluster_8,2333,0.7439219951629639,True,keep,non_random_source=diverse,,
20250917-0224-5414-c8b8-e7e46c157027,15,20250917-0224-5414-c8b8-e7e46c157027/15/20250917-0224-5414-c8b8-e7e46c157027_15_65.jpg,20250917-0224-5414-c8b8-e7e46c157027_15_65.jpg,hard,cluster_8,2333,0.8445576429367065,True,keep,non_random_source=hard,,
20250917-0224-5414-c8b8-e7e46c157027,15,20250917-0224-5414-c8b8-e7e46c157027/15/20250917-0224-5414-c8b8-e7e46c157027_15_73.jpg,20250917-0224-5414-c8b8-e7e46c157027_15_73.jpg,replacement,cluster_8,2333,0.7997479438781738,True,keep,non_random_source=replacement,,
20250917-0224-5414-c8b8-e7e46c157027,16,20250917-0224-5414-c8b8-e7e46c157027/16/20250917-0224-5414-c8b8-e7e46c157027_16_04.jpg,20250917-0224-5414-c8b8-e7e46c157027_16_04.jpg,replacement,cluster_6,3834,0.47534897923469543,True,keep,non_random_source=replacement,,
20250917-0224-5414-c8b8-e7e46c157027,16,20250917-0224-5414-c8b8-e7e46c157027/16/20250917-0224-5414-c8b8-e7e46c157027_16_11.jpg,20250917-0224-5414-c8b8-e7e46c157027_16_11.jpg,replacement,cluster_6,3834,0.6660289168357849,True,keep,non_random_source=replacement,,
20250917-0224-5414-c8b8-e7e46c157027,16,20250917-0224-5414-c8b8-e7e46c157027/16/20250917-0224-5414-c8b8-e7e46c157027_16_35.jpg,20250917-0224-5414-c8b8-e7e46c157027_16_35.jpg,diverse,cluster_6,3834,0.5904949307441711,True,keep,non_random_source=diverse,,
20250917-0224-5414-c8b8-e7e46c157027,16,20250917-0224-5414-c8b8-e7e46c157027/16/20250917-0224-5414-c8b8-e7e46c157027_16_51.jpg,20250917-0224-5414-c8b8-e7e46c157027_16_51.jpg,hard,cluster_6,3834,0.7535363435745239,True,keep,non_random_source=hard,,
20250917-0224-5414-c8b8-e7e46c157027,16,20250917-0224-5414-c8b8-e7e46c157027/16/20250917-0224-5414-c8b8-e7e46c157027_16_57.jpg,20250917-0224-5414-c8b8-e7e46c157027_16_57.jpg,replacement,cluster_6,3834,0.7631544470787048,True,keep,non_random_source=replacement,,
20250917-0224-5414-c8b8-e7e46c157027,16,20250917-0224-5414-c8b8-e7e46c157027/16/20250917-0224-5414-c8b8-e7e46c157027_16_65.jpg,20250917-0224-5414-c8b8-e7e46c157027_16_65.jpg,hard,cluster_6,3834,0.8435786366462708,True,keep,non_random_source=hard,,
20250917-0224-5414-c8b8-e7e46c157027,16,20250917-0224-5414-c8b8-e7e46c157027/16/20250917-0224-5414-c8b8-e7e46c157027_16_68.jpg,20250917-0224-5414-c8b8-e7e46c157027_16_68.jpg,replacement,cluster_6,3834,0.7808122038841248,True,keep,non_random_source=replacement,,
20250917-0224-5414-c8b8-e7e46c157027,16,20250917-0224-5414-c8b8-e7e46c157027/16/20250917-0224-5414-c8b8-e7e46c157027_16_71.jpg,20250917-0224-5414-c8b8-e7e46c157027_16_71.jpg,diverse,cluster_6,3834,0.7836623787879944,True,keep,non_random_source=diverse,,
20250917-0224-5414-c8b8-e7e46c157027,17,20250917-0224-5414-c8b8-e7e46c157027/17/20250917-0224-5414-c8b8-e7e46c157027_17_01.jpg,20250917-0224-5414-c8b8-e7e46c157027_17_01.jpg,diverse,cluster_5,2606,0.8594865798950195,False,keep,non_random_source=diverse,,
20250917-0224-5414-c8b8-e7e46c157027,17,20250917-0224-5414-c8b8-e7e46c157027/17/20250917-0224-5414-c8b8-e7e46c157027_17_10.jpg,20250917-0224-5414-c8b8-e7e46c157027_17_10.jpg,diverse,cluster_2,2092,0.7304904460906982,False,keep,non_random_source=diverse,,
20250917-0224-5414-c8b8-e7e46c157027,17,20250917-0224-5414-c8b8-e7e46c157027/17/20250917-0224-5414-c8b8-e7e46c157027_17_63.jpg,20250917-0224-5414-c8b8-e7e46c157027_17_63.jpg,hard,cluster_5,2606,0.7838459610939026,False,keep,non_random_source=hard,,
20250917-0224-5414-c8b8-e7e46c157027,17,20250917-0224-5414-c8b8-e7e46c157027/17/20250917-0224-5414-c8b8-e7e46c157027_17_71.jpg,20250917-0224-5414-c8b8-e7e46c157027_17_71.jpg,hard,cluster_5,2606,0.8289546966552734,False,keep,non_random_source=hard,,
20250917-0224-5414-c8b8-e7e46c157027,18,20250917-0224-5414-c8b8-e7e46c157027/18/20250917-0224-5414-c8b8-e7e46c157027_18_01.jpg,20250917-0224-5414-c8b8-e7e46c157027_18_01.jpg,replacement,cluster_0,2169,0.7291749715805054,True,keep,non_random_source=replacement,,
20250917-0224-5414-c8b8-e7e46c157027,18,20250917-0224-5414-c8b8-e7e46c157027/18/20250917-0224-5414-c8b8-e7e46c157027_18_06.jpg,20250917-0224-5414-c8b8-e7e46c157027_18_06.jpg,replacement,cluster_0,2169,0.7345826029777527,True,keep,non_random_source=replacement,,
20250917-0224-5414-c8b8-e7e46c157027,18,20250917-0224-5414-c8b8-e7e46c157027/18/20250917-0224-5414-c8b8-e7e46c157027_18_07.jpg,20250917-0224-5414-c8b8-e7e46c157027_18_07.jpg,hard,cluster_0,2169,0.7501760125160217,True,keep,non_random_source=hard,,
20250917-0224-5414-c8b8-e7e46c157027,18,20250917-0224-5414-c8b8-e7e46c157027/18/20250917-0224-5414-c8b8-e7e46c157027_18_12.jpg,20250917-0224-5414-c8b8-e7e46c157027_18_12.jpg,hard,cluster_0,2169,0.7203651070594788,True,keep,non_random_source=hard,,
20250917-0224-5414-c8b8-e7e46c157027,18,20250917-0224-5414-c8b8-e7e46c157027/18/20250917-0224-5414-c8b8-e7e46c157027_18_13.jpg,20250917-0224-5414-c8b8-e7e46c157027_18_13.jpg,replacement,cluster_0,2169,0.7858648300170898,True,keep,non_random_source=replacement,,
20250917-0224-5414-c8b8-e7e46c157027,18,20250917-0224-5414-c8b8-e7e46c157027/18/20250917-0224-5414-c8b8-e7e46c157027_18_52.jpg,20250917-0224-5414-c8b8-e7e46c157027_18_52.jpg,diverse,cluster_0,2169,0.7801278233528137,True,keep,non_random_source=diverse,,
20250917-0224-5414-c8b8-e7e46c157027,18,20250917-0224-5414-c8b8-e7e46c157027/18/20250917-0224-5414-c8b8-e7e46c157027_18_56.jpg,20250917-0224-5414-c8b8-e7e46c157027_18_56.jpg,replacement,cluster_0,2169,0.7851036190986633,True,keep,non_random_source=replacement,,
20250917-0224-5414-c8b8-e7e46c157027,18,20250917-0224-5414-c8b8-e7e46c157027/18/20250917-0224-5414-c8b8-e7e46c157027_18_59.jpg,20250917-0224-5414-c8b8-e7e46c157027_18_59.jpg,diverse,cluster_0,2169,0.4435003399848938,True,keep,non_random_source=diverse,,
20250917-0224-5414-c8b8-e7e46c157027,19,20250917-0224-5414-c8b8-e7e46c157027/19/20250917-0224-5414-c8b8-e7e46c157027_19_06.jpg,20250917-0224-5414-c8b8-e7e46c157027_19_06.jpg,diverse,cluster_11,4191,0.6515061855316162,False,keep,non_random_source=diverse,,
20250917-0224-5414-c8b8-e7e46c157027,19,20250917-0224-5414-c8b8-e7e46c157027/19/20250917-0224-5414-c8b8-e7e46c157027_19_45.jpg,20250917-0224-5414-c8b8-e7e46c157027_19_45.jpg,hard,cluster_11,4191,0.7333823442459106,False,keep,non_random_source=hard,,
20250917-0224-5414-c8b8-e7e46c157027,19,20250917-0224-5414-c8b8-e7e46c157027/19/20250917-0224-5414-c8b8-e7e46c157027_19_46.jpg,20250917-0224-5414-c8b8-e7e46c157027_19_46.jpg,hard,cluster_11,4191,0.7594463229179382,False,keep,non_random_source=hard,,
20250917-0224-5414-c8b8-e7e46c157027,19,20250917-0224-5414-c8b8-e7e46c157027/19/20250917-0224-5414-c8b8-e7e46c157027_19_48.jpg,20250917-0224-5414-c8b8-e7e46c157027_19_48.jpg,diverse,cluster_9,3636,0.7609730958938599,False,keep,non_random_source=diverse,,
20250917-0850-557e-a7b5-76c773514305,15,20250917-0850-557e-a7b5-76c773514305/15/20250917-0850-557e-a7b5-76c773514305_15_101.jpg,20250917-0850-557e-a7b5-76c773514305_15_101.jpg,diverse,cluster_9,3636,0.7635279297828674,False,keep,non_random_source=diverse,,
20250917-0850-557e-a7b5-76c773514305,15,20250917-0850-557e-a7b5-76c773514305/15/20250917-0850-557e-a7b5-76c773514305_15_106.jpg,20250917-0850-557e-a7b5-76c773514305_15_106.jpg,hard,cluster_11,4191,0.7291883826255798,False,keep,non_random_source=hard,,
20250917-0850-557e-a7b5-76c773514305,15,20250917-0850-557e-a7b5-76c773514305/15/20250917-0850-557e-a7b5-76c773514305_15_151.jpg,20250917-0850-557e-a7b5-76c773514305_15_151.jpg,diverse,cluster_11,4191,0.7139793634414673,False,keep,non_random_source=diverse,,
20250917-0850-557e-a7b5-76c773514305,15,20250917-0850-557e-a7b5-76c773514305/15/20250917-0850-557e-a7b5-76c773514305_15_183.jpg,20250917-0850-557e-a7b5-76c773514305_15_183.jpg,hard,cluster_11,4191,0.5961492657661438,False,keep,non_random_source=hard,,
20250917-0850-557e-a7b5-76c773514305,16,20250917-0850-557e-a7b5-76c773514305/16/20250917-0850-557e-a7b5-76c773514305_16_18.jpg,20250917-0850-557e-a7b5-76c773514305_16_18.jpg,hard,cluster_12,4553,0.5849775075912476,False,keep,non_random_source=hard,,
20250917-0850-557e-a7b5-76c773514305,16,20250917-0850-557e-a7b5-76c773514305/16/20250917-0850-557e-a7b5-76c773514305_16_197.jpg,20250917-0850-557e-a7b5-76c773514305_16_197.jpg,diverse,cluster_12,4553,0.6171414256095886,False,keep,non_random_source=diverse,,
20250917-0850-557e-a7b5-76c773514305,16,20250917-0850-557e-a7b5-76c773514305/16/20250917-0850-557e-a7b5-76c773514305_16_54.jpg,20250917-0850-557e-a7b5-76c773514305_16_54.jpg,diverse,cluster_9,3636,0.6574415564537048,False,keep,non_random_source=diverse,,
20250917-0850-557e-a7b5-76c773514305,16,20250917-0850-557e-a7b5-76c773514305/16/20250917-0850-557e-a7b5-76c773514305_16_72.jpg,20250917-0850-557e-a7b5-76c773514305_16_72.jpg,hard,cluster_12,4553,0.5746136903762817,False,keep,non_random_source=hard,,
20250917-0850-557e-a7b5-76c773514305,17,20250917-0850-557e-a7b5-76c773514305/17/20250917-0850-557e-a7b5-76c773514305_17_186.jpg,20250917-0850-557e-a7b5-76c773514305_17_186.jpg,diverse,cluster_2,2092,0.7530157566070557,False,keep,non_random_source=diverse,,
20250917-0850-557e-a7b5-76c773514305,17,20250917-0850-557e-a7b5-76c773514305/17/20250917-0850-557e-a7b5-76c773514305_17_192.jpg,20250917-0850-557e-a7b5-76c773514305_17_192.jpg,hard,cluster_12,4553,0.5684336423873901,False,keep,non_random_source=hard,,
20250917-0850-557e-a7b5-76c773514305,17,20250917-0850-557e-a7b5-76c773514305/17/20250917-0850-557e-a7b5-76c773514305_17_196.jpg,20250917-0850-557e-a7b5-76c773514305_17_196.jpg,hard,cluster_5,2606,0.7683244943618774,False,keep,non_random_source=hard,,
20250917-0850-557e-a7b5-76c773514305,17,20250917-0850-557e-a7b5-76c773514305/17/20250917-0850-557e-a7b5-76c773514305_17_58.jpg,20250917-0850-557e-a7b5-76c773514305_17_58.jpg,diverse,cluster_5,2606,0.8105121850967407,False,keep,non_random_source=diverse,,
20250917-0850-557e-a7b5-76c773514305,18,20250917-0850-557e-a7b5-76c773514305/18/20250917-0850-557e-a7b5-76c773514305_18_114.jpg,20250917-0850-557e-a7b5-76c773514305_18_114.jpg,hard,cluster_12,4553,0.5494204759597778,False,keep,non_random_source=hard,,
20250917-0850-557e-a7b5-76c773514305,18,20250917-0850-557e-a7b5-76c773514305/18/20250917-0850-557e-a7b5-76c773514305_18_149.jpg,20250917-0850-557e-a7b5-76c773514305_18_149.jpg,hard,cluster_12,4553,0.6260292530059814,False,keep,non_random_source=hard,,
20250917-0850-557e-a7b5-76c773514305,18,20250917-0850-557e-a7b5-76c773514305/18/20250917-0850-557e-a7b5-76c773514305_18_199.jpg,20250917-0850-557e-a7b5-76c773514305_18_199.jpg,diverse,cluster_11,4191,0.6685394644737244,False,keep,non_random_source=diverse,,
20250917-0850-557e-a7b5-76c773514305,18,20250917-0850-557e-a7b5-76c773514305/18/20250917-0850-557e-a7b5-76c773514305_18_61.jpg,20250917-0850-557e-a7b5-76c773514305_18_61.jpg,diverse,cluster_9,3636,0.6667328476905823,False,keep,non_random_source=diverse,,
20250917-0850-557e-a7b5-76c773514305,19,20250917-0850-557e-a7b5-76c773514305/19/20250917-0850-557e-a7b5-76c773514305_19_118.jpg,20250917-0850-557e-a7b5-76c773514305_19_118.jpg,replacement,cluster_7,2261,0.5839041471481323,True,keep,non_random_source=replacement,,
20250917-0850-557e-a7b5-76c773514305,19,20250917-0850-557e-a7b5-76c773514305/19/20250917-0850-557e-a7b5-76c773514305_19_140.jpg,20250917-0850-557e-a7b5-76c773514305_19_140.jpg,replacement,cluster_9,3636,0.6253412961959839,True,keep,non_random_source=replacement,,
20250917-0850-557e-a7b5-76c773514305,19,20250917-0850-557e-a7b5-76c773514305/19/20250917-0850-557e-a7b5-76c773514305_19_141.jpg,20250917-0850-557e-a7b5-76c773514305_19_141.jpg,replacement,cluster_9,3636,0.7899336814880371,True,keep,non_random_source=replacement,,
20250917-0850-557e-a7b5-76c773514305,19,20250917-0850-557e-a7b5-76c773514305/19/20250917-0850-557e-a7b5-76c773514305_19_176.jpg,20250917-0850-557e-a7b5-76c773514305_19_176.jpg,hard,cluster_12,4553,0.42910057306289673,True,keep,non_random_source=hard,,
20250917-0850-557e-a7b5-76c773514305,19,20250917-0850-557e-a7b5-76c773514305/19/20250917-0850-557e-a7b5-76c773514305_19_185.jpg,20250917-0850-557e-a7b5-76c773514305_19_185.jpg,hard,cluster_11,4191,0.5463598966598511,True,keep,non_random_source=hard,,
20250917-0850-557e-a7b5-76c773514305,19,20250917-0850-557e-a7b5-76c773514305/19/20250917-0850-557e-a7b5-76c773514305_19_194.jpg,20250917-0850-557e-a7b5-76c773514305_19_194.jpg,diverse,cluster_9,3636,0.732212483882904,True,keep,non_random_source=diverse,,
20250917-0850-557e-a7b5-76c773514305,19,20250917-0850-557e-a7b5-76c773514305/19/20250917-0850-557e-a7b5-76c773514305_19_199.jpg,20250917-0850-557e-a7b5-76c773514305_19_199.jpg,diverse,cluster_5,2606,0.5159104466438293,True,keep,non_random_source=diverse,,
20250917-0850-557e-a7b5-76c773514305,19,20250917-0850-557e-a7b5-76c773514305/19/20250917-0850-557e-a7b5-76c773514305_19_78.jpg,20250917-0850-557e-a7b5-76c773514305_19_78.jpg,replacement,cluster_12,4553,0.5608404278755188,True,keep,non_random_source=replacement,,
20250917-1206-23a2-8f6e-972b5b337375,16,20250917-1206-23a2-8f6e-972b5b337375/16/20250917-1206-23a2-8f6e-972b5b337375_16_136.jpg,20250917-1206-23a2-8f6e-972b5b337375_16_136.jpg,diverse,cluster_4,3444,0.6949219107627869,False,keep,non_random_source=diverse,,
20250917-1206-23a2-8f6e-972b5b337375,16,20250917-1206-23a2-8f6e-972b5b337375/16/20250917-1206-23a2-8f6e-972b5b337375_16_142.jpg,20250917-1206-23a2-8f6e-972b5b337375_16_142.jpg,diverse,cluster_10,2055,0.7629984021186829,False,keep,non_random_source=diverse,,
20250917-1206-23a2-8f6e-972b5b337375,16,20250917-1206-23a2-8f6e-972b5b337375/16/20250917-1206-23a2-8f6e-972b5b337375_16_169.jpg,20250917-1206-23a2-8f6e-972b5b337375_16_169.jpg,hard,cluster_10,2055,0.6488199234008789,False,keep,non_random_source=hard,,
20250917-1206-23a2-8f6e-972b5b337375,16,20250917-1206-23a2-8f6e-972b5b337375/16/20250917-1206-23a2-8f6e-972b5b337375_16_28.jpg,20250917-1206-23a2-8f6e-972b5b337375_16_28.jpg,hard,cluster_10,2055,0.7953782677650452,False,keep,non_random_source=hard,,
20250917-1206-23a2-8f6e-972b5b337375,17,20250917-1206-23a2-8f6e-972b5b337375/17/20250917-1206-23a2-8f6e-972b5b337375_17_08.jpg,20250917-1206-23a2-8f6e-972b5b337375_17_08.jpg,hard,cluster_6,3834,0.7780603170394897,True,keep,non_random_source=hard,,
20250917-1206-23a2-8f6e-972b5b337375,17,20250917-1206-23a2-8f6e-972b5b337375/17/20250917-1206-23a2-8f6e-972b5b337375_17_100.jpg,20250917-1206-23a2-8f6e-972b5b337375_17_100.jpg,hard,cluster_6,3834,0.5871863961219788,True,keep,non_random_source=hard,,
20250917-1206-23a2-8f6e-972b5b337375,17,20250917-1206-23a2-8f6e-972b5b337375/17/20250917-1206-23a2-8f6e-972b5b337375_17_12.jpg,20250917-1206-23a2-8f6e-972b5b337375_17_12.jpg,replacement,cluster_6,3834,0.7077860236167908,True,keep,non_random_source=replacement,,
20250917-1206-23a2-8f6e-972b5b337375,17,20250917-1206-23a2-8f6e-972b5b337375/17/20250917-1206-23a2-8f6e-972b5b337375_17_13.jpg,20250917-1206-23a2-8f6e-972b5b337375_17_13.jpg,replacement,cluster_6,3834,0.7783133387565613,True,keep,non_random_source=replacement,,
20250917-1206-23a2-8f6e-972b5b337375,17,20250917-1206-23a2-8f6e-972b5b337375/17/20250917-1206-23a2-8f6e-972b5b337375_17_142.jpg,20250917-1206-23a2-8f6e-972b5b337375_17_142.jpg,replacement,cluster_6,3834,0.776046633720398,True,keep,non_random_source=replacement,,
20250917-1206-23a2-8f6e-972b5b337375,17,20250917-1206-23a2-8f6e-972b5b337375/17/20250917-1206-23a2-8f6e-972b5b337375_17_16.jpg,20250917-1206-23a2-8f6e-972b5b337375_17_16.jpg,replacement,cluster_6,3834,0.6400083303451538,True,keep,non_random_source=replacement,,
20250917-1206-23a2-8f6e-972b5b337375,17,20250917-1206-23a2-8f6e-972b5b337375/17/20250917-1206-23a2-8f6e-972b5b337375_17_161.jpg,20250917-1206-23a2-8f6e-972b5b337375_17_161.jpg,diverse,cluster_2,2092,0.6414201855659485,True,keep,non_random_source=diverse,,
20250917-1206-23a2-8f6e-972b5b337375,17,20250917-1206-23a2-8f6e-972b5b337375/17/20250917-1206-23a2-8f6e-972b5b337375_17_198.jpg,20250917-1206-23a2-8f6e-972b5b337375_17_198.jpg,diverse,cluster_6,3834,0.791609525680542,True,keep,non_random_source=diverse,,
20250917-1206-23a2-8f6e-972b5b337375,18,20250917-1206-23a2-8f6e-972b5b337375/18/20250917-1206-23a2-8f6e-972b5b337375_18_107.jpg,20250917-1206-23a2-8f6e-972b5b337375_18_107.jpg,diverse,cluster_3,2444,0.7994101047515869,True,keep,non_random_source=diverse,,
20250917-1206-23a2-8f6e-972b5b337375,18,20250917-1206-23a2-8f6e-972b5b337375/18/20250917-1206-23a2-8f6e-972b5b337375_18_13.jpg,20250917-1206-23a2-8f6e-972b5b337375_18_13.jpg,replacement,cluster_3,2444,0.8185909390449524,True,keep,non_random_source=replacement,,
20250917-1206-23a2-8f6e-972b5b337375,18,20250917-1206-23a2-8f6e-972b5b337375/18/20250917-1206-23a2-8f6e-972b5b337375_18_132.jpg,20250917-1206-23a2-8f6e-972b5b337375_18_132.jpg,hard,cluster_0,2169,0.6639447212219238,True,keep,non_random_source=hard,,
20250917-1206-23a2-8f6e-972b5b337375,18,20250917-1206-23a2-8f6e-972b5b337375/18/20250917-1206-23a2-8f6e-972b5b337375_18_154.jpg,20250917-1206-23a2-8f6e-972b5b337375_18_154.jpg,replacement,cluster_3,2444,0.786454439163208,True,keep,non_random_source=replacement,,
20250917-1206-23a2-8f6e-972b5b337375,18,20250917-1206-23a2-8f6e-972b5b337375/18/20250917-1206-23a2-8f6e-972b5b337375_18_30.jpg,20250917-1206-23a2-8f6e-972b5b337375_18_30.jpg,diverse,cluster_0,2169,0.4975515305995941,True,keep,non_random_source=diverse,,
20250917-1206-23a2-8f6e-972b5b337375,18,20250917-1206-23a2-8f6e-972b5b337375/18/20250917-1206-23a2-8f6e-972b5b337375_18_31.jpg,20250917-1206-23a2-8f6e-972b5b337375_18_31.jpg,hard,cluster_0,2169,0.6803646683692932,True,keep,non_random_source=hard,,
20250917-1206-23a2-8f6e-972b5b337375,18,20250917-1206-23a2-8f6e-972b5b337375/18/20250917-1206-23a2-8f6e-972b5b337375_18_33.jpg,20250917-1206-23a2-8f6e-972b5b337375_18_33.jpg,replacement,cluster_3,2444,0.8129900693893433,True,keep,non_random_source=replacement,,
20250917-1206-23a2-8f6e-972b5b337375,18,20250917-1206-23a2-8f6e-972b5b337375/18/20250917-1206-23a2-8f6e-972b5b337375_18_93.jpg,20250917-1206-23a2-8f6e-972b5b337375_18_93.jpg,replacement,cluster_3,2444,0.528724730014801,True,keep,non_random_source=replacement,,
20250917-1206-23a2-8f6e-972b5b337375,19,20250917-1206-23a2-8f6e-972b5b337375/19/20250917-1206-23a2-8f6e-972b5b337375_19_102.jpg,20250917-1206-23a2-8f6e-972b5b337375_19_102.jpg,hard,cluster_11,4191,0.7408626079559326,False,keep,non_random_source=hard,,
20250917-1206-23a2-8f6e-972b5b337375,19,20250917-1206-23a2-8f6e-972b5b337375/19/20250917-1206-23a2-8f6e-972b5b337375_19_124.jpg,20250917-1206-23a2-8f6e-972b5b337375_19_124.jpg,hard,cluster_1,1389,0.6893746256828308,False,keep,non_random_source=hard,,
20250917-1206-23a2-8f6e-972b5b337375,19,20250917-1206-23a2-8f6e-972b5b337375/19/20250917-1206-23a2-8f6e-972b5b337375_19_15.jpg,20250917-1206-23a2-8f6e-972b5b337375_19_15.jpg,diverse,cluster_1,1389,0.7018176913261414,False,keep,non_random_source=diverse,,
20250917-1206-23a2-8f6e-972b5b337375,19,20250917-1206-23a2-8f6e-972b5b337375/19/20250917-1206-23a2-8f6e-972b5b337375_19_18.jpg,20250917-1206-23a2-8f6e-972b5b337375_19_18.jpg,diverse,cluster_9,3636,0.8279671669006348,False,keep,non_random_source=diverse,,
20250918-0139-1634-a8b1-30a529526108,15,20250918-0139-1634-a8b1-30a529526108/15/20250918-0139-1634-a8b1-30a529526108_15_108.jpg,20250918-0139-1634-a8b1-30a529526108_15_108.jpg,diverse,cluster_2,2092,0.7611709237098694,False,keep,non_random_source=diverse,,
20250918-0139-1634-a8b1-30a529526108,15,20250918-0139-1634-a8b1-30a529526108/15/20250918-0139-1634-a8b1-30a529526108_15_198.jpg,20250918-0139-1634-a8b1-30a529526108_15_198.jpg,hard,cluster_5,2606,0.8421909809112549,False,keep,non_random_source=hard,,
20250918-0139-1634-a8b1-30a529526108,15,20250918-0139-1634-a8b1-30a529526108/15/20250918-0139-1634-a8b1-30a529526108_15_22.jpg,20250918-0139-1634-a8b1-30a529526108_15_22.jpg,diverse,cluster_5,2606,0.8365827202796936,False,keep,non_random_source=diverse,,
20250918-0139-1634-a8b1-30a529526108,15,20250918-0139-1634-a8b1-30a529526108/15/20250918-0139-1634-a8b1-30a529526108_15_64.jpg,20250918-0139-1634-a8b1-30a529526108_15_64.jpg,hard,cluster_5,2606,0.801081120967865,False,keep,non_random_source=hard,,
20250918-0139-1634-a8b1-30a529526108,16,20250918-0139-1634-a8b1-30a529526108/16/20250918-0139-1634-a8b1-30a529526108_16_105.jpg,20250918-0139-1634-a8b1-30a529526108_16_105.jpg,hard,cluster_8,2333,0.7228809595108032,True,keep,non_random_source=hard,,
20250918-0139-1634-a8b1-30a529526108,16,20250918-0139-1634-a8b1-30a529526108/16/20250918-0139-1634-a8b1-30a529526108_16_121.jpg,20250918-0139-1634-a8b1-30a529526108_16_121.jpg,replacement,cluster_8,2333,0.7646120190620422,True,keep,non_random_source=replacement,,
20250918-0139-1634-a8b1-30a529526108,16,20250918-0139-1634-a8b1-30a529526108/16/20250918-0139-1634-a8b1-30a529526108_16_129.jpg,20250918-0139-1634-a8b1-30a529526108_16_129.jpg,hard,cluster_8,2333,0.7184443473815918,True,keep,non_random_source=hard,,
20250918-0139-1634-a8b1-30a529526108,16,20250918-0139-1634-a8b1-30a529526108/16/20250918-0139-1634-a8b1-30a529526108_16_138.jpg,20250918-0139-1634-a8b1-30a529526108_16_138.jpg,diverse,cluster_8,2333,0.772161066532135,True,keep,non_random_source=diverse,,
20250918-0139-1634-a8b1-30a529526108,16,20250918-0139-1634-a8b1-30a529526108/16/20250918-0139-1634-a8b1-30a529526108_16_144.jpg,20250918-0139-1634-a8b1-30a529526108_16_144.jpg,replacement,cluster_4,3444,0.6319854855537415,True,keep,non_random_source=replacement,,
20250918-0139-1634-a8b1-30a529526108,16,20250918-0139-1634-a8b1-30a529526108/16/20250918-0139-1634-a8b1-30a529526108_16_158.jpg,20250918-0139-1634-a8b1-30a529526108_16_158.jpg,diverse,cluster_4,3444,0.7519310712814331,True,keep,non_random_source=diverse,,
20250918-0139-1634-a8b1-30a529526108,16,20250918-0139-1634-a8b1-30a529526108/16/20250918-0139-1634-a8b1-30a529526108_16_35.jpg,20250918-0139-1634-a8b1-30a529526108_16_35.jpg,replacement,cluster_8,2333,0.7051104307174683,True,keep,non_random_source=replacement,,
20250918-0139-1634-a8b1-30a529526108,16,20250918-0139-1634-a8b1-30a529526108/16/20250918-0139-1634-a8b1-30a529526108_16_42.jpg,20250918-0139-1634-a8b1-30a529526108_16_42.jpg,replacement,cluster_8,2333,0.5942258238792419,True,keep,non_random_source=replacement,,
20250918-0139-1634-a8b1-30a529526108,17,20250918-0139-1634-a8b1-30a529526108/17/20250918-0139-1634-a8b1-30a529526108_17_189.jpg,20250918-0139-1634-a8b1-30a529526108_17_189.jpg,hard,cluster_6,3834,0.8614938855171204,False,keep,non_random_source=hard,,
20250918-0139-1634-a8b1-30a529526108,17,20250918-0139-1634-a8b1-30a529526108/17/20250918-0139-1634-a8b1-30a529526108_17_71.jpg,20250918-0139-1634-a8b1-30a529526108_17_71.jpg,diverse,cluster_2,2092,0.7406062483787537,False,keep,non_random_source=diverse,,
20250918-0139-1634-a8b1-30a529526108,17,20250918-0139-1634-a8b1-30a529526108/17/20250918-0139-1634-a8b1-30a529526108_17_78.jpg,20250918-0139-1634-a8b1-30a529526108_17_78.jpg,diverse,cluster_6,3834,0.7924941182136536,False,keep,non_random_source=diverse,,
20250918-0139-1634-a8b1-30a529526108,17,20250918-0139-1634-a8b1-30a529526108/17/20250918-0139-1634-a8b1-30a529526108_17_87.jpg,20250918-0139-1634-a8b1-30a529526108_17_87.jpg,hard,cluster_6,3834,0.8438342809677124,False,keep,non_random_source=hard,,
20250918-0139-1634-a8b1-30a529526108,18,20250918-0139-1634-a8b1-30a529526108/18/20250918-0139-1634-a8b1-30a529526108_18_116.jpg,20250918-0139-1634-a8b1-30a529526108_18_116.jpg,replacement,cluster_3,2444,0.8164807558059692,True,keep,non_random_source=replacement,,
20250918-0139-1634-a8b1-30a529526108,18,20250918-0139-1634-a8b1-30a529526108/18/20250918-0139-1634-a8b1-30a529526108_18_156.jpg,20250918-0139-1634-a8b1-30a529526108_18_156.jpg,replacement,cluster_3,2444,0.8002718687057495,True,keep,non_random_source=replacement,,
20250918-0139-1634-a8b1-30a529526108,18,20250918-0139-1634-a8b1-30a529526108/18/20250918-0139-1634-a8b1-30a529526108_18_161.jpg,20250918-0139-1634-a8b1-30a529526108_18_161.jpg,hard,cluster_0,2169,0.729788064956665,True,keep,non_random_source=hard,,
20250918-0139-1634-a8b1-30a529526108,18,20250918-0139-1634-a8b1-30a529526108/18/20250918-0139-1634-a8b1-30a529526108_18_193.jpg,20250918-0139-1634-a8b1-30a529526108_18_193.jpg,replacement,cluster_3,2444,0.7688745856285095,True,keep,non_random_source=replacement,,
20250918-0139-1634-a8b1-30a529526108,18,20250918-0139-1634-a8b1-30a529526108/18/20250918-0139-1634-a8b1-30a529526108_18_195.jpg,20250918-0139-1634-a8b1-30a529526108_18_195.jpg,replacement,cluster_0,2169,0.6689284443855286,True,keep,non_random_source=replacement,,
20250918-0139-1634-a8b1-30a529526108,18,20250918-0139-1634-a8b1-30a529526108/18/20250918-0139-1634-a8b1-30a529526108_18_199.jpg,20250918-0139-1634-a8b1-30a529526108_18_199.jpg,hard,cluster_0,2169,0.5897648930549622,True,keep,non_random_source=hard,,
20250918-0139-1634-a8b1-30a529526108,18,20250918-0139-1634-a8b1-30a529526108/18/20250918-0139-1634-a8b1-30a529526108_18_54.jpg,20250918-0139-1634-a8b1-30a529526108_18_54.jpg,diverse,cluster_0,2169,0.6789447069168091,True,keep,non_random_source=diverse,,
20250918-0139-1634-a8b1-30a529526108,18,20250918-0139-1634-a8b1-30a529526108/18/20250918-0139-1634-a8b1-30a529526108_18_55.jpg,20250918-0139-1634-a8b1-30a529526108_18_55.jpg,diverse,cluster_3,2444,0.7575469017028809,True,keep,non_random_source=diverse,,
20250918-0139-1634-a8b1-30a529526108,19,20250918-0139-1634-a8b1-30a529526108/19/20250918-0139-1634-a8b1-30a529526108_19_114.jpg,20250918-0139-1634-a8b1-30a529526108_19_114.jpg,hard,cluster_12,4553,0.6706554293632507,False,keep,non_random_source=hard,,
20250918-0139-1634-a8b1-30a529526108,19,20250918-0139-1634-a8b1-30a529526108/19/20250918-0139-1634-a8b1-30a529526108_19_138.jpg,20250918-0139-1634-a8b1-30a529526108_19_138.jpg,diverse,cluster_9,3636,0.7340267300605774,False,keep,non_random_source=diverse,,
20250918-0139-1634-a8b1-30a529526108,19,20250918-0139-1634-a8b1-30a529526108/19/20250918-0139-1634-a8b1-30a529526108_19_159.jpg,20250918-0139-1634-a8b1-30a529526108_19_159.jpg,diverse,cluster_11,4191,0.6557627320289612,False,keep,non_random_source=diverse,,
20250918-0139-1634-a8b1-30a529526108,19,20250918-0139-1634-a8b1-30a529526108/19/20250918-0139-1634-a8b1-30a529526108_19_53.jpg,20250918-0139-1634-a8b1-30a529526108_19_53.jpg,hard,cluster_12,4553,0.6739945411682129,False,keep,non_random_source=hard,,
20250919-0513-32c0-d6b9-b851f6035002,%e4%b8%80.15,20250919-0513-32c0-d6b9-b851f6035002/%e4%b8%80.15/20250919-0513-32c0-d6b9-b851f6035002_%e4%b8%80.15_128.jpg,20250919-0513-32c0-d6b9-b851f6035002_%e4%b8%80.15_128.jpg,hard,cluster_12,4553,0.690657913684845,False,keep,non_random_source=hard,,
20250919-0513-32c0-d6b9-b851f6035002,%e4%b8%80.15,20250919-0513-32c0-d6b9-b851f6035002/%e4%b8%80.15/20250919-0513-32c0-d6b9-b851f6035002_%e4%b8%80.15_141.jpg,20250919-0513-32c0-d6b9-b851f6035002_%e4%b8%80.15_141.jpg,hard,cluster_12,4553,0.7094894051551819,False,keep,non_random_source=hard,,
20250919-0513-32c0-d6b9-b851f6035002,%e4%b8%80.15,20250919-0513-32c0-d6b9-b851f6035002/%e4%b8%80.15/20250919-0513-32c0-d6b9-b851f6035002_%e4%b8%80.15_157.jpg,20250919-0513-32c0-d6b9-b851f6035002_%e4%b8%80.15_157.jpg,diverse,cluster_12,4553,0.678989827632904,False,keep,non_random_source=diverse,,
20250919-0513-32c0-d6b9-b851f6035002,%e4%b8%80.15,20250919-0513-32c0-d6b9-b851f6035002/%e4%b8%80.15/20250919-0513-32c0-d6b9-b851f6035002_%e4%b8%80.15_27.jpg,20250919-0513-32c0-d6b9-b851f6035002_%e4%b8%80.15_27.jpg,diverse,cluster_12,4553,0.6768655776977539,False,keep,non_random_source=diverse,,
20250919-0513-32c0-d6b9-b851f6035002,%e4%b8%80.16,20250919-0513-32c0-d6b9-b851f6035002/%e4%b8%80.16/20250919-0513-32c0-d6b9-b851f6035002_%e4%b8%80.16_30.jpg,20250919-0513-32c0-d6b9-b851f6035002_%e4%b8%80.16_30.jpg,hard,cluster_12,4553,0.7377946972846985,False,keep,non_random_source=hard,,
20250919-0513-32c0-d6b9-b851f6035002,%e4%b8%80.16,20250919-0513-32c0-d6b9-b851f6035002/%e4%b8%80.16/20250919-0513-32c0-d6b9-b851f6035002_%e4%b8%80.16_39.jpg,20250919-0513-32c0-d6b9-b851f6035002_%e4%b8%80.16_39.jpg,diverse,cluster_12,4553,0.7433129549026489,False,keep,non_random_source=diverse,,
20250919-0513-32c0-d6b9-b851f6035002,%e4%b8%80.16,20250919-0513-32c0-d6b9-b851f6035002/%e4%b8%80.16/20250919-0513-32c0-d6b9-b851f6035002_%e4%b8%80.16_59.jpg,20250919-0513-32c0-d6b9-b851f6035002_%e4%b8%80.16_59.jpg,diverse,cluster_7,2261,0.5067914128303528,False,keep,non_random_source=diverse,,
20250919-0513-32c0-d6b9-b851f6035002,%e4%b8%80.16,20250919-0513-32c0-d6b9-b851f6035002/%e4%b8%80.16/20250919-0513-32c0-d6b9-b851f6035002_%e4%b8%80.16_72.jpg,20250919-0513-32c0-d6b9-b851f6035002_%e4%b8%80.16_72.jpg,hard,cluster_12,4553,0.7222378849983215,False,keep,non_random_source=hard,,
20250919-0513-32c0-d6b9-b851f6035002,%e4%b8%80.17,20250919-0513-32c0-d6b9-b851f6035002/%e4%b8%80.17/20250919-0513-32c0-d6b9-b851f6035002_%e4%b8%80.17_15.jpg,20250919-0513-32c0-d6b9-b851f6035002_%e4%b8%80.17_15.jpg,hard,cluster_11,4191,0.7571313977241516,False,keep,non_random_source=hard,,
20250919-0513-32c0-d6b9-b851f6035002,%e4%b8%80.17,20250919-0513-32c0-d6b9-b851f6035002/%e4%b8%80.17/20250919-0513-32c0-d6b9-b851f6035002_%e4%b8%80.17_190.jpg,20250919-0513-32c0-d6b9-b851f6035002_%e4%b8%80.17_190.jpg,hard,cluster_11,4191,0.7731478810310364,False,keep,non_random_source=hard,,
20250919-0513-32c0-d6b9-b851f6035002,%e4%b8%80.17,20250919-0513-32c0-d6b9-b851f6035002/%e4%b8%80.17/20250919-0513-32c0-d6b9-b851f6035002_%e4%b8%80.17_45.jpg,20250919-0513-32c0-d6b9-b851f6035002_%e4%b8%80.17_45.jpg,diverse,cluster_11,4191,0.8575382828712463,False,keep,non_random_source=diverse,,
20250919-0513-32c0-d6b9-b851f6035002,%e4%b8%80.17,20250919-0513-32c0-d6b9-b851f6035002/%e4%b8%80.17/20250919-0513-32c0-d6b9-b851f6035002_%e4%b8%80.17_71.jpg,20250919-0513-32c0-d6b9-b851f6035002_%e4%b8%80.17_71.jpg,diverse,cluster_7,2261,0.7108465433120728,False,keep,non_random_source=diverse,,
20250919-0513-32c0-d6b9-b851f6035002,%e4%b8%80.18,20250919-0513-32c0-d6b9-b851f6035002/%e4%b8%80.18/20250919-0513-32c0-d6b9-b851f6035002_%e4%b8%80.18_198.jpg,20250919-0513-32c0-d6b9-b851f6035002_%e4%b8%80.18_198.jpg,diverse,cluster_12,4553,0.6359632015228271,False,keep,non_random_source=diverse,,
20250919-0513-32c0-d6b9-b851f6035002,%e4%b8%80.18,20250919-0513-32c0-d6b9-b851f6035002/%e4%b8%80.18/20250919-0513-32c0-d6b9-b851f6035002_%e4%b8%80.18_21.jpg,20250919-0513-32c0-d6b9-b851f6035002_%e4%b8%80.18_21.jpg,diverse,cluster_9,3636,0.6587860584259033,False,keep,non_random_source=diverse,,
20250919-0513-32c0-d6b9-b851f6035002,%e4%b8%80.18,20250919-0513-32c0-d6b9-b851f6035002/%e4%b8%80.18/20250919-0513-32c0-d6b9-b851f6035002_%e4%b8%80.18_39.jpg,20250919-0513-32c0-d6b9-b851f6035002_%e4%b8%80.18_39.jpg,hard,cluster_12,4553,0.5186165571212769,False,keep,non_random_source=hard,,
20250919-0513-32c0-d6b9-b851f6035002,%e4%b8%80.18,20250919-0513-32c0-d6b9-b851f6035002/%e4%b8%80.18/20250919-0513-32c0-d6b9-b851f6035002_%e4%b8%80.18_63.jpg,20250919-0513-32c0-d6b9-b851f6035002_%e4%b8%80.18_63.jpg,hard,cluster_12,4553,0.7507376074790955,False,keep,non_random_source=hard,,
20250919-0513-32c0-d6b9-b851f6035002,%e4%b8%80.19,20250919-0513-32c0-d6b9-b851f6035002/%e4%b8%80.19/20250919-0513-32c0-d6b9-b851f6035002_%e4%b8%80.19_122.jpg,20250919-0513-32c0-d6b9-b851f6035002_%e4%b8%80.19_122.jpg,diverse,cluster_9,3636,0.7150167226791382,False,keep,non_random_source=diverse,,
20250919-0513-32c0-d6b9-b851f6035002,%e4%b8%80.19,20250919-0513-32c0-d6b9-b851f6035002/%e4%b8%80.19/20250919-0513-32c0-d6b9-b851f6035002_%e4%b8%80.19_153.jpg,20250919-0513-32c0-d6b9-b851f6035002_%e4%b8%80.19_153.jpg,diverse,cluster_11,4191,0.7375234961509705,False,keep,non_random_source=diverse,,
20250919-0513-32c0-d6b9-b851f6035002,%e4%b8%80.19,20250919-0513-32c0-d6b9-b851f6035002/%e4%b8%80.19/20250919-0513-32c0-d6b9-b851f6035002_%e4%b8%80.19_169.jpg,20250919-0513-32c0-d6b9-b851f6035002_%e4%b8%80.19_169.jpg,hard,cluster_11,4191,0.716022253036499,False,keep,non_random_source=hard,,
20250919-0513-32c0-d6b9-b851f6035002,%e4%b8%80.19,20250919-0513-32c0-d6b9-b851f6035002/%e4%b8%80.19/20250919-0513-32c0-d6b9-b851f6035002_%e4%b8%80.19_174.jpg,20250919-0513-32c0-d6b9-b851f6035002_%e4%b8%80.19_174.jpg,hard,cluster_11,4191,0.7127610445022583,False,keep,non_random_source=hard,,
20250921-1152-3270-2243-37534b172423,16,20250921-1152-3270-2243-37534b172423/16/20250921-1152-3270-2243-37534b172423_16_02.jpg,20250921-1152-3270-2243-37534b172423_16_02.jpg,hard,cluster_1,1389,0.5255262851715088,False,keep,non_random_source=hard,,
20250921-1152-3270-2243-37534b172423,16,20250921-1152-3270-2243-37534b172423/16/20250921-1152-3270-2243-37534b172423_16_18.jpg,20250921-1152-3270-2243-37534b172423_16_18.jpg,diverse,cluster_9,3636,0.6137750744819641,False,keep,non_random_source=diverse,,
20250921-1152-3270-2243-37534b172423,16,20250921-1152-3270-2243-37534b172423/16/20250921-1152-3270-2243-37534b172423_16_181.jpg,20250921-1152-3270-2243-37534b172423_16_181.jpg,hard,cluster_1,1389,0.5497266054153442,False,keep,non_random_source=hard,,
20250921-1152-3270-2243-37534b172423,16,20250921-1152-3270-2243-37534b172423/16/20250921-1152-3270-2243-37534b172423_16_73.jpg,20250921-1152-3270-2243-37534b172423_16_73.jpg,diverse,cluster_1,1389,0.6694441437721252,False,keep,non_random_source=diverse,,
20250921-1152-3270-2243-37534b172423,17,20250921-1152-3270-2243-37534b172423/17/20250921-1152-3270-2243-37534b172423_17_130.jpg,20250921-1152-3270-2243-37534b172423_17_130.jpg,hard,cluster_10,2055,0.8555217981338501,False,keep,non_random_source=hard,,
20250921-1152-3270-2243-37534b172423,17,20250921-1152-3270-2243-37534b172423/17/20250921-1152-3270-2243-37534b172423_17_153.jpg,20250921-1152-3270-2243-37534b172423_17_153.jpg,diverse,cluster_10,2055,0.8337106108665466,False,keep,non_random_source=diverse,,
20250921-1152-3270-2243-37534b172423,17,20250921-1152-3270-2243-37534b172423/17/20250921-1152-3270-2243-37534b172423_17_19.jpg,20250921-1152-3270-2243-37534b172423_17_19.jpg,hard,cluster_10,2055,0.7598916888237,False,keep,non_random_source=hard,,
20250921-1152-3270-2243-37534b172423,17,20250921-1152-3270-2243-37534b172423/17/20250921-1152-3270-2243-37534b172423_17_196.jpg,20250921-1152-3270-2243-37534b172423_17_196.jpg,diverse,cluster_10,2055,0.6272469758987427,False,keep,non_random_source=diverse,,
20250921-2357-1664-8db6-2748b8427632,13,20250921-2357-1664-8db6-2748b8427632/13/20250921-2357-1664-8db6-2748b8427632_13_06.jpg,20250921-2357-1664-8db6-2748b8427632_13_06.jpg,diverse,cluster_12,4553,0.6823809146881104,False,keep,non_random_source=diverse,,
20250921-2357-1664-8db6-2748b8427632,13,20250921-2357-1664-8db6-2748b8427632/13/20250921-2357-1664-8db6-2748b8427632_13_116.jpg,20250921-2357-1664-8db6-2748b8427632_13_116.jpg,hard,cluster_12,4553,0.5742738246917725,False,keep,non_random_source=hard,,
20250921-2357-1664-8db6-2748b8427632,13,20250921-2357-1664-8db6-2748b8427632/13/20250921-2357-1664-8db6-2748b8427632_13_189.jpg,20250921-2357-1664-8db6-2748b8427632_13_189.jpg,hard,cluster_12,4553,0.6284205913543701,False,keep,non_random_source=hard,,
20250921-2357-1664-8db6-2748b8427632,13,20250921-2357-1664-8db6-2748b8427632/13/20250921-2357-1664-8db6-2748b8427632_13_82.jpg,20250921-2357-1664-8db6-2748b8427632_13_82.jpg,diverse,cluster_9,3636,0.6880005598068237,False,keep,non_random_source=diverse,,
20250922-1146-07f8-fe84-d27ab8974168,17,20250922-1146-07f8-fe84-d27ab8974168/17/20250922-1146-07f8-fe84-d27ab8974168_17_07.jpg,20250922-1146-07f8-fe84-d27ab8974168_17_07.jpg,hard,cluster_8,2333,0.78534996509552,False,keep,non_random_source=hard,,
20250922-1146-07f8-fe84-d27ab8974168,17,20250922-1146-07f8-fe84-d27ab8974168/17/20250922-1146-07f8-fe84-d27ab8974168_17_08.jpg,20250922-1146-07f8-fe84-d27ab8974168_17_08.jpg,hard,cluster_8,2333,0.5724896192550659,False,keep,non_random_source=hard,,
20250922-1146-07f8-fe84-d27ab8974168,17,20250922-1146-07f8-fe84-d27ab8974168/17/20250922-1146-07f8-fe84-d27ab8974168_17_33.jpg,20250922-1146-07f8-fe84-d27ab8974168_17_33.jpg,diverse,cluster_4,3444,0.6137281060218811,False,keep,non_random_source=diverse,,
20250922-1146-07f8-fe84-d27ab8974168,17,20250922-1146-07f8-fe84-d27ab8974168/17/20250922-1146-07f8-fe84-d27ab8974168_17_42.jpg,20250922-1146-07f8-fe84-d27ab8974168_17_42.jpg,diverse,cluster_8,2333,0.6329061985015869,False,keep,non_random_source=diverse,,
20250923-0044-33bb-bcb2-ec539b608487,%e4%b8%80.16,20250923-0044-33bb-bcb2-ec539b608487/%e4%b8%80.16/20250923-0044-33bb-bcb2-ec539b608487_%e4%b8%80.16_128.jpg,20250923-0044-33bb-bcb2-ec539b608487_%e4%b8%80.16_128.jpg,diverse,cluster_2,2092,0.8059341311454773,False,keep,non_random_source=diverse,,
20250923-0044-33bb-bcb2-ec539b608487,%e4%b8%80.16,20250923-0044-33bb-bcb2-ec539b608487/%e4%b8%80.16/20250923-0044-33bb-bcb2-ec539b608487_%e4%b8%80.16_130.jpg,20250923-0044-33bb-bcb2-ec539b608487_%e4%b8%80.16_130.jpg,hard,cluster_6,3834,0.8007962703704834,False,keep,non_random_source=hard,,
20250923-0044-33bb-bcb2-ec539b608487,%e4%b8%80.16,20250923-0044-33bb-bcb2-ec539b608487/%e4%b8%80.16/20250923-0044-33bb-bcb2-ec539b608487_%e4%b8%80.16_181.jpg,20250923-0044-33bb-bcb2-ec539b608487_%e4%b8%80.16_181.jpg,hard,cluster_2,2092,0.5306509137153625,False,keep,non_random_source=hard,,
20250923-0044-33bb-bcb2-ec539b608487,%e4%b8%80.16,20250923-0044-33bb-bcb2-ec539b608487/%e4%b8%80.16/20250923-0044-33bb-bcb2-ec539b608487_%e4%b8%80.16_191.jpg,20250923-0044-33bb-bcb2-ec539b608487_%e4%b8%80.16_191.jpg,diverse,cluster_6,3834,0.754702091217041,False,keep,non_random_source=diverse,,
20250923-0044-33bb-bcb2-ec539b608487,%e4%b8%80.17,20250923-0044-33bb-bcb2-ec539b608487/%e4%b8%80.17/20250923-0044-33bb-bcb2-ec539b608487_%e4%b8%80.17_04.jpg,20250923-0044-33bb-bcb2-ec539b608487_%e4%b8%80.17_04.jpg,diverse,cluster_0,2169,0.7237579226493835,False,keep,non_random_source=diverse,,
20250923-0044-33bb-bcb2-ec539b608487,%e4%b8%80.17,20250923-0044-33bb-bcb2-ec539b608487/%e4%b8%80.17/20250923-0044-33bb-bcb2-ec539b608487_%e4%b8%80.17_17.jpg,20250923-0044-33bb-bcb2-ec539b608487_%e4%b8%80.17_17.jpg,diverse,cluster_3,2444,0.8305263519287109,False,keep,non_random_source=diverse,,
20250923-0044-33bb-bcb2-ec539b608487,%e4%b8%80.17,20250923-0044-33bb-bcb2-ec539b608487/%e4%b8%80.17/20250923-0044-33bb-bcb2-ec539b608487_%e4%b8%80.17_199.jpg,20250923-0044-33bb-bcb2-ec539b608487_%e4%b8%80.17_199.jpg,hard,cluster_0,2169,0.78264319896698,False,keep,non_random_source=hard,,
20250923-0044-33bb-bcb2-ec539b608487,%e4%b8%80.17,20250923-0044-33bb-bcb2-ec539b608487/%e4%b8%80.17/20250923-0044-33bb-bcb2-ec539b608487_%e4%b8%80.17_20.jpg,20250923-0044-33bb-bcb2-ec539b608487_%e4%b8%80.17_20.jpg,hard,cluster_0,2169,0.783292829990387,False,keep,non_random_source=hard,,
20250924-0149-1937-4298-dae6af069156,16,20250924-0149-1937-4298-dae6af069156/16/20250924-0149-1937-4298-dae6af069156_16_108.jpg,20250924-0149-1937-4298-dae6af069156_16_108.jpg,hard,cluster_6,3834,0.8114113807678223,False,keep,non_random_source=hard,,
20250924-0149-1937-4298-dae6af069156,16,20250924-0149-1937-4298-dae6af069156/16/20250924-0149-1937-4298-dae6af069156_16_158.jpg,20250924-0149-1937-4298-dae6af069156_16_158.jpg,hard,cluster_6,3834,0.6947003602981567,False,keep,non_random_source=hard,,
20250924-0149-1937-4298-dae6af069156,16,20250924-0149-1937-4298-dae6af069156/16/20250924-0149-1937-4298-dae6af069156_16_181.jpg,20250924-0149-1937-4298-dae6af069156_16_181.jpg,diverse,cluster_2,2092,0.7770434617996216,False,keep,non_random_source=diverse,,
20250924-0149-1937-4298-dae6af069156,16,20250924-0149-1937-4298-dae6af069156/16/20250924-0149-1937-4298-dae6af069156_16_55.jpg,20250924-0149-1937-4298-dae6af069156_16_55.jpg,diverse,cluster_6,3834,0.8132789134979248,False,keep,non_random_source=diverse,,
20250924-0149-1937-4298-dae6af069156,17,20250924-0149-1937-4298-dae6af069156/17/20250924-0149-1937-4298-dae6af069156_17_104.jpg,20250924-0149-1937-4298-dae6af069156_17_104.jpg,hard,cluster_0,2169,0.7639201283454895,False,keep,non_random_source=hard,,
20250924-0149-1937-4298-dae6af069156,17,20250924-0149-1937-4298-dae6af069156/17/20250924-0149-1937-4298-dae6af069156_17_148.jpg,20250924-0149-1937-4298-dae6af069156_17_148.jpg,diverse,cluster_0,2169,0.7799563407897949,False,keep,non_random_source=diverse,,
20250924-0149-1937-4298-dae6af069156,17,20250924-0149-1937-4298-dae6af069156/17/20250924-0149-1937-4298-dae6af069156_17_52.jpg,20250924-0149-1937-4298-dae6af069156_17_52.jpg,diverse,cluster_3,2444,0.857853353023529,False,keep,non_random_source=diverse,,
20250924-0149-1937-4298-dae6af069156,17,20250924-0149-1937-4298-dae6af069156/17/20250924-0149-1937-4298-dae6af069156_17_75.jpg,20250924-0149-1937-4298-dae6af069156_17_75.jpg,hard,cluster_0,2169,0.7591242790222168,False,keep,non_random_source=hard,,
20250924-0247-5099-e682-6d078a188993,15,20250924-0247-5099-e682-6d078a188993/15/20250924-0247-5099-e682-6d078a188993_15_07.jpg,20250924-0247-5099-e682-6d078a188993_15_07.jpg,diverse,cluster_10,2055,0.8348329067230225,True,keep,non_random_source=diverse,,
20250924-0247-5099-e682-6d078a188993,15,20250924-0247-5099-e682-6d078a188993/15/20250924-0247-5099-e682-6d078a188993_15_134.jpg,20250924-0247-5099-e682-6d078a188993_15_134.jpg,hard,cluster_10,2055,0.7548105120658875,True,keep,non_random_source=hard,,
20250924-0247-5099-e682-6d078a188993,15,20250924-0247-5099-e682-6d078a188993/15/20250924-0247-5099-e682-6d078a188993_15_138.jpg,20250924-0247-5099-e682-6d078a188993_15_138.jpg,hard,cluster_10,2055,0.7693125605583191,True,keep,non_random_source=hard,,
20250924-0247-5099-e682-6d078a188993,15,20250924-0247-5099-e682-6d078a188993/15/20250924-0247-5099-e682-6d078a188993_15_17.jpg,20250924-0247-5099-e682-6d078a188993_15_17.jpg,diverse,cluster_4,3444,0.7403066158294678,True,keep,non_random_source=diverse,,
20250924-0247-5099-e682-6d078a188993,15,20250924-0247-5099-e682-6d078a188993/15/20250924-0247-5099-e682-6d078a188993_15_69.jpg,20250924-0247-5099-e682-6d078a188993_15_69.jpg,replacement,cluster_4,3444,0.7122306227684021,True,keep,non_random_source=replacement,,
20250924-0247-5099-e682-6d078a188993,15,20250924-0247-5099-e682-6d078a188993/15/20250924-0247-5099-e682-6d078a188993_15_77.jpg,20250924-0247-5099-e682-6d078a188993_15_77.jpg,replacement,cluster_4,3444,0.6978300213813782,True,keep,non_random_source=replacement,,
20250924-0247-5099-e682-6d078a188993,15,20250924-0247-5099-e682-6d078a188993/15/20250924-0247-5099-e682-6d078a188993_15_91.jpg,20250924-0247-5099-e682-6d078a188993_15_91.jpg,replacement,cluster_10,2055,0.801813006401062,True,keep,non_random_source=replacement,,
20250924-0247-5099-e682-6d078a188993,15,20250924-0247-5099-e682-6d078a188993/15/20250924-0247-5099-e682-6d078a188993_15_92.jpg,20250924-0247-5099-e682-6d078a188993_15_92.jpg,replacement,cluster_4,3444,0.7443044781684875,True,keep,non_random_source=replacement,,
20250924-0247-5099-e682-6d078a188993,16,20250924-0247-5099-e682-6d078a188993/16/20250924-0247-5099-e682-6d078a188993_16_106.jpg,20250924-0247-5099-e682-6d078a188993_16_106.jpg,diverse,cluster_8,2333,0.6433472633361816,False,keep,non_random_source=diverse,,
20250924-0247-5099-e682-6d078a188993,16,20250924-0247-5099-e682-6d078a188993/16/20250924-0247-5099-e682-6d078a188993_16_128.jpg,20250924-0247-5099-e682-6d078a188993_16_128.jpg,hard,cluster_8,2333,0.6351082921028137,False,keep,non_random_source=hard,,
20250924-0247-5099-e682-6d078a188993,16,20250924-0247-5099-e682-6d078a188993/16/20250924-0247-5099-e682-6d078a188993_16_154.jpg,20250924-0247-5099-e682-6d078a188993_16_154.jpg,diverse,cluster_4,3444,0.6560676097869873,False,keep,non_random_source=diverse,,
20250924-0247-5099-e682-6d078a188993,16,20250924-0247-5099-e682-6d078a188993/16/20250924-0247-5099-e682-6d078a188993_16_168.jpg,20250924-0247-5099-e682-6d078a188993_16_168.jpg,hard,cluster_8,2333,0.5700421929359436,False,keep,non_random_source=hard,,
20250924-0247-5099-e682-6d078a188993,17,20250924-0247-5099-e682-6d078a188993/17/20250924-0247-5099-e682-6d078a188993_17_129.jpg,20250924-0247-5099-e682-6d078a188993_17_129.jpg,hard,cluster_6,3834,0.7791269421577454,False,keep,non_random_source=hard,,
20250924-0247-5099-e682-6d078a188993,17,20250924-0247-5099-e682-6d078a188993/17/20250924-0247-5099-e682-6d078a188993_17_144.jpg,20250924-0247-5099-e682-6d078a188993_17_144.jpg,hard,cluster_6,3834,0.8358226418495178,False,keep,non_random_source=hard,,
20250924-0247-5099-e682-6d078a188993,17,20250924-0247-5099-e682-6d078a188993/17/20250924-0247-5099-e682-6d078a188993_17_20.jpg,20250924-0247-5099-e682-6d078a188993_17_20.jpg,diverse,cluster_6,3834,0.7978322505950928,False,keep,non_random_source=diverse,,
20250924-0247-5099-e682-6d078a188993,17,20250924-0247-5099-e682-6d078a188993/17/20250924-0247-5099-e682-6d078a188993_17_45.jpg,20250924-0247-5099-e682-6d078a188993_17_45.jpg,diverse,cluster_6,3834,0.5705193877220154,False,keep,non_random_source=diverse,,
20250924-0247-5099-e682-6d078a188993,18,20250924-0247-5099-e682-6d078a188993/18/20250924-0247-5099-e682-6d078a188993_18_112.jpg,20250924-0247-5099-e682-6d078a188993_18_112.jpg,hard,cluster_11,4191,0.7910857200622559,False,keep,non_random_source=hard,,
20250924-0247-5099-e682-6d078a188993,18,20250924-0247-5099-e682-6d078a188993/18/20250924-0247-5099-e682-6d078a188993_18_140.jpg,20250924-0247-5099-e682-6d078a188993_18_140.jpg,diverse,cluster_7,2261,0.5844431519508362,False,keep,non_random_source=diverse,,
20250924-0247-5099-e682-6d078a188993,18,20250924-0247-5099-e682-6d078a188993/18/20250924-0247-5099-e682-6d078a188993_18_59.jpg,20250924-0247-5099-e682-6d078a188993_18_59.jpg,diverse,cluster_11,4191,0.8049268126487732,False,keep,non_random_source=diverse,,
20250924-0247-5099-e682-6d078a188993,18,20250924-0247-5099-e682-6d078a188993/18/20250924-0247-5099-e682-6d078a188993_18_60.jpg,20250924-0247-5099-e682-6d078a188993_18_60.jpg,hard,cluster_11,4191,0.8035420775413513,False,keep,non_random_source=hard,,
20250924-0247-5099-e682-6d078a188993,19,20250924-0247-5099-e682-6d078a188993/19/20250924-0247-5099-e682-6d078a188993_19_151.jpg,20250924-0247-5099-e682-6d078a188993_19_151.jpg,diverse,cluster_0,2169,0.5943198800086975,False,keep,non_random_source=diverse,,
20250924-0247-5099-e682-6d078a188993,19,20250924-0247-5099-e682-6d078a188993/19/20250924-0247-5099-e682-6d078a188993_19_162.jpg,20250924-0247-5099-e682-6d078a188993_19_162.jpg,diverse,cluster_3,2444,0.8195008635520935,False,keep,non_random_source=diverse,,
20250924-0247-5099-e682-6d078a188993,19,20250924-0247-5099-e682-6d078a188993/19/20250924-0247-5099-e682-6d078a188993_19_180.jpg,20250924-0247-5099-e682-6d078a188993_19_180.jpg,hard,cluster_0,2169,0.7804957628250122,False,keep,non_random_source=hard,,
20250924-0247-5099-e682-6d078a188993,19,20250924-0247-5099-e682-6d078a188993/19/20250924-0247-5099-e682-6d078a188993_19_63.jpg,20250924-0247-5099-e682-6d078a188993_19_63.jpg,hard,cluster_0,2169,0.5867675542831421,False,keep,non_random_source=hard,,
20250924-0513-024d-6953-9cddf7171325,16,20250924-0513-024d-6953-9cddf7171325/16/20250924-0513-024d-6953-9cddf7171325_16_04.jpg,20250924-0513-024d-6953-9cddf7171325_16_04.jpg,diverse,cluster_1,1389,0.5145658254623413,True,keep,non_random_source=diverse,,
20250924-0513-024d-6953-9cddf7171325,16,20250924-0513-024d-6953-9cddf7171325/16/20250924-0513-024d-6953-9cddf7171325_16_110.jpg,20250924-0513-024d-6953-9cddf7171325_16_110.jpg,replacement,cluster_9,3636,0.7336140871047974,True,keep,non_random_source=replacement,,
20250924-0513-024d-6953-9cddf7171325,16,20250924-0513-024d-6953-9cddf7171325/16/20250924-0513-024d-6953-9cddf7171325_16_114.jpg,20250924-0513-024d-6953-9cddf7171325_16_114.jpg,replacement,cluster_1,1389,0.8188087344169617,True,keep,non_random_source=replacement,,
20250924-0513-024d-6953-9cddf7171325,16,20250924-0513-024d-6953-9cddf7171325/16/20250924-0513-024d-6953-9cddf7171325_16_149.jpg,20250924-0513-024d-6953-9cddf7171325_16_149.jpg,replacement,cluster_1,1389,0.6146824955940247,True,keep,non_random_source=replacement,,
20250924-0513-024d-6953-9cddf7171325,16,20250924-0513-024d-6953-9cddf7171325/16/20250924-0513-024d-6953-9cddf7171325_16_198.jpg,20250924-0513-024d-6953-9cddf7171325_16_198.jpg,hard,cluster_1,1389,0.6338968873023987,True,keep,non_random_source=hard,,
20250924-0513-024d-6953-9cddf7171325,16,20250924-0513-024d-6953-9cddf7171325/16/20250924-0513-024d-6953-9cddf7171325_16_58.jpg,20250924-0513-024d-6953-9cddf7171325_16_58.jpg,hard,cluster_1,1389,0.54097980260849,True,keep,non_random_source=hard,,
20250924-0513-024d-6953-9cddf7171325,16,20250924-0513-024d-6953-9cddf7171325/16/20250924-0513-024d-6953-9cddf7171325_16_62.jpg,20250924-0513-024d-6953-9cddf7171325_16_62.jpg,replacement,cluster_1,1389,0.7598592042922974,True,keep,non_random_source=replacement,,
20250924-0513-024d-6953-9cddf7171325,16,20250924-0513-024d-6953-9cddf7171325/16/20250924-0513-024d-6953-9cddf7171325_16_94.jpg,20250924-0513-024d-6953-9cddf7171325_16_94.jpg,diverse,cluster_9,3636,0.7805522084236145,True,keep,non_random_source=diverse,,
20250924-0513-024d-6953-9cddf7171325,17,20250924-0513-024d-6953-9cddf7171325/17/20250924-0513-024d-6953-9cddf7171325_17_117.jpg,20250924-0513-024d-6953-9cddf7171325_17_117.jpg,hard,cluster_12,4553,0.6654452681541443,True,keep,non_random_source=hard,,
20250924-0513-024d-6953-9cddf7171325,17,20250924-0513-024d-6953-9cddf7171325/17/20250924-0513-024d-6953-9cddf7171325_17_145.jpg,20250924-0513-024d-6953-9cddf7171325_17_145.jpg,replacement,cluster_12,4553,0.6962844133377075,True,keep,non_random_source=replacement,,
20250924-0513-024d-6953-9cddf7171325,17,20250924-0513-024d-6953-9cddf7171325/17/20250924-0513-024d-6953-9cddf7171325_17_172.jpg,20250924-0513-024d-6953-9cddf7171325_17_172.jpg,diverse,cluster_12,4553,0.6681743860244751,True,keep,non_random_source=diverse,,
20250924-0513-024d-6953-9cddf7171325,17,20250924-0513-024d-6953-9cddf7171325/17/20250924-0513-024d-6953-9cddf7171325_17_18.jpg,20250924-0513-024d-6953-9cddf7171325_17_18.jpg,replacement,cluster_9,3636,0.7293273210525513,True,keep,non_random_source=replacement,,
20250924-0513-024d-6953-9cddf7171325,17,20250924-0513-024d-6953-9cddf7171325/17/20250924-0513-024d-6953-9cddf7171325_17_184.jpg,20250924-0513-024d-6953-9cddf7171325_17_184.jpg,replacement,cluster_12,4553,0.6641471982002258,True,keep,non_random_source=replacement,,
20250924-0513-024d-6953-9cddf7171325,17,20250924-0513-024d-6953-9cddf7171325/17/20250924-0513-024d-6953-9cddf7171325_17_25.jpg,20250924-0513-024d-6953-9cddf7171325_17_25.jpg,diverse,cluster_9,3636,0.7236700654029846,True,keep,non_random_source=diverse,,
20250924-0513-024d-6953-9cddf7171325,17,20250924-0513-024d-6953-9cddf7171325/17/20250924-0513-024d-6953-9cddf7171325_17_55.jpg,20250924-0513-024d-6953-9cddf7171325_17_55.jpg,hard,cluster_12,4553,0.4563676714897156,True,keep,non_random_source=hard,,
20250924-0513-024d-6953-9cddf7171325,17,20250924-0513-024d-6953-9cddf7171325/17/20250924-0513-024d-6953-9cddf7171325_17_97.jpg,20250924-0513-024d-6953-9cddf7171325_17_97.jpg,replacement,cluster_7,2261,0.40289151668548584,True,keep,non_random_source=replacement,,
20250924-2229-55b2-270a-a4d6f0216854,15,20250924-2229-55b2-270a-a4d6f0216854/15/20250924-2229-55b2-270a-a4d6f0216854_15_100.jpg,20250924-2229-55b2-270a-a4d6f0216854_15_100.jpg,hard,cluster_5,2606,0.49873781204223633,False,keep,non_random_source=hard,,
20250924-2229-55b2-270a-a4d6f0216854,15,20250924-2229-55b2-270a-a4d6f0216854/15/20250924-2229-55b2-270a-a4d6f0216854_15_110.jpg,20250924-2229-55b2-270a-a4d6f0216854_15_110.jpg,diverse,cluster_4,3444,0.5765108466148376,False,keep,non_random_source=diverse,,
20250924-2229-55b2-270a-a4d6f0216854,15,20250924-2229-55b2-270a-a4d6f0216854/15/20250924-2229-55b2-270a-a4d6f0216854_15_178.jpg,20250924-2229-55b2-270a-a4d6f0216854_15_178.jpg,hard,cluster_5,2606,0.2722580134868622,False,keep,non_random_source=hard,,
20250924-2229-55b2-270a-a4d6f0216854,15,20250924-2229-55b2-270a-a4d6f0216854/15/20250924-2229-55b2-270a-a4d6f0216854_15_193.jpg,20250924-2229-55b2-270a-a4d6f0216854_15_193.jpg,diverse,cluster_5,2606,0.48639222979545593,False,keep,non_random_source=diverse,,
20250924-2229-55b2-270a-a4d6f0216854,16,20250924-2229-55b2-270a-a4d6f0216854/16/20250924-2229-55b2-270a-a4d6f0216854_16_100.jpg,20250924-2229-55b2-270a-a4d6f0216854_16_100.jpg,hard,cluster_11,4191,0.8211380839347839,False,keep,non_random_source=hard,,
20250924-2229-55b2-270a-a4d6f0216854,16,20250924-2229-55b2-270a-a4d6f0216854/16/20250924-2229-55b2-270a-a4d6f0216854_16_149.jpg,20250924-2229-55b2-270a-a4d6f0216854_16_149.jpg,diverse,cluster_7,2261,0.737395703792572,False,keep,non_random_source=diverse,,
20250924-2229-55b2-270a-a4d6f0216854,16,20250924-2229-55b2-270a-a4d6f0216854/16/20250924-2229-55b2-270a-a4d6f0216854_16_160.jpg,20250924-2229-55b2-270a-a4d6f0216854_16_160.jpg,diverse,cluster_11,4191,0.8517208695411682,False,keep,non_random_source=diverse,,
20250924-2229-55b2-270a-a4d6f0216854,16,20250924-2229-55b2-270a-a4d6f0216854/16/20250924-2229-55b2-270a-a4d6f0216854_16_28.jpg,20250924-2229-55b2-270a-a4d6f0216854_16_28.jpg,hard,cluster_11,4191,0.8263064622879028,False,keep,non_random_source=hard,,
20250924-2229-55b2-270a-a4d6f0216854,17,20250924-2229-55b2-270a-a4d6f0216854/17/20250924-2229-55b2-270a-a4d6f0216854_17_159.jpg,20250924-2229-55b2-270a-a4d6f0216854_17_159.jpg,diverse,cluster_12,4553,0.7860412001609802,False,keep,non_random_source=diverse,,
20250924-2229-55b2-270a-a4d6f0216854,17,20250924-2229-55b2-270a-a4d6f0216854/17/20250924-2229-55b2-270a-a4d6f0216854_17_16.jpg,20250924-2229-55b2-270a-a4d6f0216854_17_16.jpg,hard,cluster_12,4553,0.7516158223152161,False,keep,non_random_source=hard,,
20250924-2229-55b2-270a-a4d6f0216854,17,20250924-2229-55b2-270a-a4d6f0216854/17/20250924-2229-55b2-270a-a4d6f0216854_17_53.jpg,20250924-2229-55b2-270a-a4d6f0216854_17_53.jpg,hard,cluster_12,4553,0.7236818075180054,False,keep,non_random_source=hard,,
20250924-2229-55b2-270a-a4d6f0216854,17,20250924-2229-55b2-270a-a4d6f0216854/17/20250924-2229-55b2-270a-a4d6f0216854_17_68.jpg,20250924-2229-55b2-270a-a4d6f0216854_17_68.jpg,diverse,cluster_9,3636,0.7441614270210266,False,keep,non_random_source=diverse,,
20250924-2229-55b2-270a-a4d6f0216854,18,20250924-2229-55b2-270a-a4d6f0216854/18/20250924-2229-55b2-270a-a4d6f0216854_18_04.jpg,20250924-2229-55b2-270a-a4d6f0216854_18_04.jpg,hard,cluster_11,4191,0.837104856967926,False,keep,non_random_source=hard,,
20250924-2229-55b2-270a-a4d6f0216854,18,20250924-2229-55b2-270a-a4d6f0216854/18/20250924-2229-55b2-270a-a4d6f0216854_18_163.jpg,20250924-2229-55b2-270a-a4d6f0216854_18_163.jpg,diverse,cluster_9,3636,0.7120195627212524,False,keep,non_random_source=diverse,,
20250924-2229-55b2-270a-a4d6f0216854,18,20250924-2229-55b2-270a-a4d6f0216854/18/20250924-2229-55b2-270a-a4d6f0216854_18_30.jpg,20250924-2229-55b2-270a-a4d6f0216854_18_30.jpg,hard,cluster_11,4191,0.8196932673454285,False,keep,non_random_source=hard,,
20250924-2229-55b2-270a-a4d6f0216854,18,20250924-2229-55b2-270a-a4d6f0216854/18/20250924-2229-55b2-270a-a4d6f0216854_18_42.jpg,20250924-2229-55b2-270a-a4d6f0216854_18_42.jpg,diverse,cluster_11,4191,0.8215550780296326,False,keep,non_random_source=diverse,,
20250924-2229-55b2-270a-a4d6f0216854,19,20250924-2229-55b2-270a-a4d6f0216854/19/20250924-2229-55b2-270a-a4d6f0216854_19_163.jpg,20250924-2229-55b2-270a-a4d6f0216854_19_163.jpg,diverse,cluster_12,4553,0.7253131866455078,False,keep,non_random_source=diverse,,
20250924-2229-55b2-270a-a4d6f0216854,19,20250924-2229-55b2-270a-a4d6f0216854/19/20250924-2229-55b2-270a-a4d6f0216854_19_190.jpg,20250924-2229-55b2-270a-a4d6f0216854_19_190.jpg,hard,cluster_12,4553,0.7222550511360168,False,keep,non_random_source=hard,,
20250924-2229-55b2-270a-a4d6f0216854,19,20250924-2229-55b2-270a-a4d6f0216854/19/20250924-2229-55b2-270a-a4d6f0216854_19_49.jpg,20250924-2229-55b2-270a-a4d6f0216854_19_49.jpg,hard,cluster_12,4553,0.6774531602859497,False,keep,non_random_source=hard,,
20250924-2229-55b2-270a-a4d6f0216854,19,20250924-2229-55b2-270a-a4d6f0216854/19/20250924-2229-55b2-270a-a4d6f0216854_19_92.jpg,20250924-2229-55b2-270a-a4d6f0216854_19_92.jpg,diverse,cluster_9,3636,0.5283334851264954,False,keep,non_random_source=diverse,,
20250925-0232-42f2-b523-a5d15b420018,15,20250925-0232-42f2-b523-a5d15b420018/15/20250925-0232-42f2-b523-a5d15b420018_15_05.jpg,20250925-0232-42f2-b523-a5d15b420018_15_05.jpg,hard,cluster_12,4553,0.39692771434783936,False,keep,non_random_source=hard,,
20250925-0232-42f2-b523-a5d15b420018,15,20250925-0232-42f2-b523-a5d15b420018/15/20250925-0232-42f2-b523-a5d15b420018_15_139.jpg,20250925-0232-42f2-b523-a5d15b420018_15_139.jpg,diverse,cluster_12,4553,0.4286339581012726,False,keep,non_random_source=diverse,,
20250925-0232-42f2-b523-a5d15b420018,15,20250925-0232-42f2-b523-a5d15b420018/15/20250925-0232-42f2-b523-a5d15b420018_15_40.jpg,20250925-0232-42f2-b523-a5d15b420018_15_40.jpg,hard,cluster_7,2261,0.1952269971370697,False,keep,non_random_source=hard,,
20250925-0232-42f2-b523-a5d15b420018,15,20250925-0232-42f2-b523-a5d15b420018/15/20250925-0232-42f2-b523-a5d15b420018_15_74.jpg,20250925-0232-42f2-b523-a5d15b420018_15_74.jpg,diverse,cluster_9,3636,0.6442562341690063,False,keep,non_random_source=diverse,,
20250925-0232-42f2-b523-a5d15b420018,16,20250925-0232-42f2-b523-a5d15b420018/16/20250925-0232-42f2-b523-a5d15b420018_16_11.jpg,20250925-0232-42f2-b523-a5d15b420018_16_11.jpg,diverse,cluster_5,2606,0.7032585740089417,True,keep,non_random_source=diverse,,
20250925-0232-42f2-b523-a5d15b420018,16,20250925-0232-42f2-b523-a5d15b420018/16/20250925-0232-42f2-b523-a5d15b420018_16_127.jpg,20250925-0232-42f2-b523-a5d15b420018_16_127.jpg,diverse,cluster_2,2092,0.5104882121086121,True,keep,non_random_source=diverse,,
20250925-0232-42f2-b523-a5d15b420018,16,20250925-0232-42f2-b523-a5d15b420018/16/20250925-0232-42f2-b523-a5d15b420018_16_155.jpg,20250925-0232-42f2-b523-a5d15b420018_16_155.jpg,hard,cluster_5,2606,0.696763813495636,True,keep,non_random_source=hard,,
20250925-0232-42f2-b523-a5d15b420018,16,20250925-0232-42f2-b523-a5d15b420018/16/20250925-0232-42f2-b523-a5d15b420018_16_168.jpg,20250925-0232-42f2-b523-a5d15b420018_16_168.jpg,replacement,cluster_5,2606,0.3445298671722412,True,keep,non_random_source=replacement,,
20250925-0232-42f2-b523-a5d15b420018,16,20250925-0232-42f2-b523-a5d15b420018/16/20250925-0232-42f2-b523-a5d15b420018_16_179.jpg,20250925-0232-42f2-b523-a5d15b420018_16_179.jpg,replacement,cluster_5,2606,0.6735405921936035,True,keep,non_random_source=replacement,,
20250925-0232-42f2-b523-a5d15b420018,16,20250925-0232-42f2-b523-a5d15b420018/16/20250925-0232-42f2-b523-a5d15b420018_16_196.jpg,20250925-0232-42f2-b523-a5d15b420018_16_196.jpg,replacement,cluster_5,2606,0.6867297291755676,True,keep,non_random_source=replacement,,
20250925-0232-42f2-b523-a5d15b420018,16,20250925-0232-42f2-b523-a5d15b420018/16/20250925-0232-42f2-b523-a5d15b420018_16_74.jpg,20250925-0232-42f2-b523-a5d15b420018_16_74.jpg,replacement,cluster_2,2092,0.510603666305542,True,keep,non_random_source=replacement,,
20250925-0232-42f2-b523-a5d15b420018,16,20250925-0232-42f2-b523-a5d15b420018/16/20250925-0232-42f2-b523-a5d15b420018_16_96.jpg,20250925-0232-42f2-b523-a5d15b420018_16_96.jpg,hard,cluster_5,2606,0.6322956085205078,True,keep,non_random_source=hard,,
20250925-0232-42f2-b523-a5d15b420018,17,20250925-0232-42f2-b523-a5d15b420018/17/20250925-0232-42f2-b523-a5d15b420018_17_13.jpg,20250925-0232-42f2-b523-a5d15b420018_17_13.jpg,diverse,cluster_4,3444,0.5926066637039185,False,keep,non_random_source=diverse,,
20250925-0232-42f2-b523-a5d15b420018,17,20250925-0232-42f2-b523-a5d15b420018/17/20250925-0232-42f2-b523-a5d15b420018_17_170.jpg,20250925-0232-42f2-b523-a5d15b420018_17_170.jpg,hard,cluster_10,2055,0.8824961185455322,False,keep,non_random_source=hard,,
20250925-0232-42f2-b523-a5d15b420018,17,20250925-0232-42f2-b523-a5d15b420018/17/20250925-0232-42f2-b523-a5d15b420018_17_77.jpg,20250925-0232-42f2-b523-a5d15b420018_17_77.jpg,hard,cluster_10,2055,0.849132776260376,False,keep,non_random_source=hard,,
20250925-0232-42f2-b523-a5d15b420018,17,20250925-0232-42f2-b523-a5d15b420018/17/20250925-0232-42f2-b523-a5d15b420018_17_88.jpg,20250925-0232-42f2-b523-a5d15b420018_17_88.jpg,diverse,cluster_10,2055,0.8163841366767883,False,keep,non_random_source=diverse,,
20250925-0232-42f2-b523-a5d15b420018,18,20250925-0232-42f2-b523-a5d15b420018/18/20250925-0232-42f2-b523-a5d15b420018_18_11.jpg,20250925-0232-42f2-b523-a5d15b420018_18_11.jpg,hard,cluster_12,4553,0.6828901767730713,False,keep,non_random_source=hard,,
20250925-0232-42f2-b523-a5d15b420018,18,20250925-0232-42f2-b523-a5d15b420018/18/20250925-0232-42f2-b523-a5d15b420018_18_128.jpg,20250925-0232-42f2-b523-a5d15b420018_18_128.jpg,hard,cluster_12,4553,0.6434212327003479,False,keep,non_random_source=hard,,
20250925-0232-42f2-b523-a5d15b420018,18,20250925-0232-42f2-b523-a5d15b420018/18/20250925-0232-42f2-b523-a5d15b420018_18_189.jpg,20250925-0232-42f2-b523-a5d15b420018_18_189.jpg,diverse,cluster_12,4553,0.723511815071106,False,keep,non_random_source=diverse,,
20250925-0232-42f2-b523-a5d15b420018,18,20250925-0232-42f2-b523-a5d15b420018/18/20250925-0232-42f2-b523-a5d15b420018_18_54.jpg,20250925-0232-42f2-b523-a5d15b420018_18_54.jpg,diverse,cluster_9,3636,0.7282041907310486,False,keep,non_random_source=diverse,,
20250925-0232-42f2-b523-a5d15b420018,19,20250925-0232-42f2-b523-a5d15b420018/19/20250925-0232-42f2-b523-a5d15b420018_19_05.jpg,20250925-0232-42f2-b523-a5d15b420018_19_05.jpg,replacement,cluster_11,4191,0.7632424235343933,True,keep,non_random_source=replacement,,
20250925-0232-42f2-b523-a5d15b420018,19,20250925-0232-42f2-b523-a5d15b420018/19/20250925-0232-42f2-b523-a5d15b420018_19_125.jpg,20250925-0232-42f2-b523-a5d15b420018_19_125.jpg,replacement,cluster_11,4191,0.6761859059333801,True,keep,non_random_source=replacement,,
20250925-0232-42f2-b523-a5d15b420018,19,20250925-0232-42f2-b523-a5d15b420018/19/20250925-0232-42f2-b523-a5d15b420018_19_129.jpg,20250925-0232-42f2-b523-a5d15b420018_19_129.jpg,replacement,cluster_11,4191,0.7139442563056946,True,keep,non_random_source=replacement,,
20250925-0232-42f2-b523-a5d15b420018,19,20250925-0232-42f2-b523-a5d15b420018/19/20250925-0232-42f2-b523-a5d15b420018_19_194.jpg,20250925-0232-42f2-b523-a5d15b420018_19_194.jpg,diverse,cluster_11,4191,0.7062485218048096,True,keep,non_random_source=diverse,,
20250925-0232-42f2-b523-a5d15b420018,19,20250925-0232-42f2-b523-a5d15b420018/19/20250925-0232-42f2-b523-a5d15b420018_19_41.jpg,20250925-0232-42f2-b523-a5d15b420018_19_41.jpg,replacement,cluster_7,2261,0.5293453335762024,True,keep,non_random_source=replacement,,
20250925-0232-42f2-b523-a5d15b420018,19,20250925-0232-42f2-b523-a5d15b420018/19/20250925-0232-42f2-b523-a5d15b420018_19_53.jpg,20250925-0232-42f2-b523-a5d15b420018_19_53.jpg,hard,cluster_11,4191,0.6563885807991028,True,keep,non_random_source=hard,,
20250925-0232-42f2-b523-a5d15b420018,19,20250925-0232-42f2-b523-a5d15b420018/19/20250925-0232-42f2-b523-a5d15b420018_19_80.jpg,20250925-0232-42f2-b523-a5d15b420018_19_80.jpg,hard,cluster_10,2055,0.5653372406959534,True,keep,non_random_source=hard,,
20250925-0232-42f2-b523-a5d15b420018,19,20250925-0232-42f2-b523-a5d15b420018/19/20250925-0232-42f2-b523-a5d15b420018_19_97.jpg,20250925-0232-42f2-b523-a5d15b420018_19_97.jpg,diverse,cluster_9,3636,0.7807109355926514,True,keep,non_random_source=diverse,,
Batch01,20230831-0430-37dd-ddff-1ed424056878,Batch01/20230831-0430-37dd-ddff-1ed424056878/20230831-0430-37dd-ddff-1ed424056878_05edc809-c2b0-4fb1-ba37-9eedfa9285c9_2分.jpg,20230831-0430-37dd-ddff-1ed424056878_05edc809-c2b0-4fb1-ba37-9eedfa9285c9_2分.jpg,diverse,cluster_0,2169,0.6533949375152588,True,keep,non_random_source=diverse,,
Batch01,20230831-0430-37dd-ddff-1ed424056878,Batch01/20230831-0430-37dd-ddff-1ed424056878/20230831-0430-37dd-ddff-1ed424056878_0dad6d03-9661-49de-8595-bc1d0317609b_5分.jpg,20230831-0430-37dd-ddff-1ed424056878_0dad6d03-9661-49de-8595-bc1d0317609b_5分.jpg,hard,cluster_0,2169,0.671228289604187,True,keep,non_random_source=hard,,
Batch01,20230831-0430-37dd-ddff-1ed424056878,Batch01/20230831-0430-37dd-ddff-1ed424056878/20230831-0430-37dd-ddff-1ed424056878_2f121b0b-14e2-4e5a-b3b0-d579786526ea_1分.jpg,20230831-0430-37dd-ddff-1ed424056878_2f121b0b-14e2-4e5a-b3b0-d579786526ea_1分.jpg,replacement,cluster_3,2444,0.6627867221832275,True,keep,non_random_source=replacement,,
Batch01,20230831-0430-37dd-ddff-1ed424056878,Batch01/20230831-0430-37dd-ddff-1ed424056878/20230831-0430-37dd-ddff-1ed424056878_454bef8d-bb5c-49ea-b673-f07724079310_5分.jpg,20230831-0430-37dd-ddff-1ed424056878_454bef8d-bb5c-49ea-b673-f07724079310_5分.jpg,hard,cluster_0,2169,0.6689831018447876,True,keep,non_random_source=hard,,
Batch01,20230831-0430-37dd-ddff-1ed424056878,Batch01/20230831-0430-37dd-ddff-1ed424056878/20230831-0430-37dd-ddff-1ed424056878_798201d1-cfc1-4066-abbf-9f8745d71cbe_1分.jpg,20230831-0430-37dd-ddff-1ed424056878_798201d1-cfc1-4066-abbf-9f8745d71cbe_1分.jpg,replacement,cluster_3,2444,0.7113776206970215,True,keep,non_random_source=replacement,,
Batch01,20230831-0430-37dd-ddff-1ed424056878,Batch01/20230831-0430-37dd-ddff-1ed424056878/20230831-0430-37dd-ddff-1ed424056878_9c0730e9-96af-4272-824a-01a2a579f994_2分.jpg,20230831-0430-37dd-ddff-1ed424056878_9c0730e9-96af-4272-824a-01a2a579f994_2分.jpg,replacement,cluster_3,2444,0.7174630761146545,True,keep,non_random_source=replacement,,
Batch01,20230831-0430-37dd-ddff-1ed424056878,Batch01/20230831-0430-37dd-ddff-1ed424056878/20230831-0430-37dd-ddff-1ed424056878_c57336f2-d4dc-43a2-a64c-e3f9d28db2df_5分.jpg,20230831-0430-37dd-ddff-1ed424056878_c57336f2-d4dc-43a2-a64c-e3f9d28db2df_5分.jpg,replacement,cluster_0,2169,0.6091545224189758,True,keep,non_random_source=replacement,,
Batch01,20230831-0430-37dd-ddff-1ed424056878,Batch01/20230831-0430-37dd-ddff-1ed424056878/20230831-0430-37dd-ddff-1ed424056878_f737f28c-6a6c-465e-8560-404817211cd3_5分.jpg,20230831-0430-37dd-ddff-1ed424056878_f737f28c-6a6c-465e-8560-404817211cd3_5分.jpg,diverse,cluster_3,2444,0.6823457479476929,True,keep,non_random_source=diverse,,
Batch01,20230903-0945-29e6-4d7c-bec327316269,Batch01/20230903-0945-29e6-4d7c-bec327316269/20230903-0945-29e6-4d7c-bec327316269_00d3fd10-1351-47ad-8ce4-526a3227e509_9分.jpg,20230903-0945-29e6-4d7c-bec327316269_00d3fd10-1351-47ad-8ce4-526a3227e509_9分.jpg,hard,cluster_6,3834,0.7821275591850281,False,keep,non_random_source=hard,,
Batch01,20230903-0945-29e6-4d7c-bec327316269,Batch01/20230903-0945-29e6-4d7c-bec327316269/20230903-0945-29e6-4d7c-bec327316269_37e63f3b-8b72-4124-9dac-728a72b38170_8分.jpg,20230903-0945-29e6-4d7c-bec327316269_37e63f3b-8b72-4124-9dac-728a72b38170_8分.jpg,hard,cluster_6,3834,0.7636359333992004,False,keep,non_random_source=hard,,
Batch01,20230903-0945-29e6-4d7c-bec327316269,Batch01/20230903-0945-29e6-4d7c-bec327316269/20230903-0945-29e6-4d7c-bec327316269_bcf6ad1f-9880-4d06-af84-b174c224f721_12分.jpg,20230903-0945-29e6-4d7c-bec327316269_bcf6ad1f-9880-4d06-af84-b174c224f721_12分.jpg,diverse,cluster_6,3834,0.7616698741912842,False,keep,non_random_source=diverse,,
Batch01,20230903-0945-29e6-4d7c-bec327316269,Batch01/20230903-0945-29e6-4d7c-bec327316269/20230903-0945-29e6-4d7c-bec327316269_cc987b76-c0a1-4e9c-9590-b2bc9c1a298e_3分.jpg,20230903-0945-29e6-4d7c-bec327316269_cc987b76-c0a1-4e9c-9590-b2bc9c1a298e_3分.jpg,diverse,cluster_2,2092,0.7759379148483276,False,keep,non_random_source=diverse,,
Batch01,20230906-1003-51c0-3907-ad371d134036,Batch01/20230906-1003-51c0-3907-ad371d134036/20230906-1003-51c0-3907-ad371d134036_16ffe99c-18f5-4496-b64a-bd4a5b4c6638_6分.jpg,20230906-1003-51c0-3907-ad371d134036_16ffe99c-18f5-4496-b64a-bd4a5b4c6638_6分.jpg,diverse,cluster_9,3636,0.7512657642364502,True,keep,non_random_source=diverse,,
Batch01,20230906-1003-51c0-3907-ad371d134036,Batch01/20230906-1003-51c0-3907-ad371d134036/20230906-1003-51c0-3907-ad371d134036_2a035226-1473-4ec0-95a5-7418c351bd59_4分.jpg,20230906-1003-51c0-3907-ad371d134036_2a035226-1473-4ec0-95a5-7418c351bd59_4分.jpg,diverse,cluster_1,1389,0.6536093354225159,True,keep,non_random_source=diverse,,
Batch01,20230906-1003-51c0-3907-ad371d134036,Batch01/20230906-1003-51c0-3907-ad371d134036/20230906-1003-51c0-3907-ad371d134036_405d3b11-62d3-4058-b8d6-7afab9ba8c57_12分.jpg,20230906-1003-51c0-3907-ad371d134036_405d3b11-62d3-4058-b8d6-7afab9ba8c57_12分.jpg,hard,cluster_1,1389,0.6494757533073425,True,keep,non_random_source=hard,,
Batch01,20230906-1003-51c0-3907-ad371d134036,Batch01/20230906-1003-51c0-3907-ad371d134036/20230906-1003-51c0-3907-ad371d134036_49f6eb71-e73d-4925-bcb7-9ece7145a6b0_2分.jpg,20230906-1003-51c0-3907-ad371d134036_49f6eb71-e73d-4925-bcb7-9ece7145a6b0_2分.jpg,replacement,cluster_1,1389,0.6035383343696594,True,keep,non_random_source=replacement,,
Batch01,20230906-1003-51c0-3907-ad371d134036,Batch01/20230906-1003-51c0-3907-ad371d134036/20230906-1003-51c0-3907-ad371d134036_4ed7935c-0e1e-4e36-9ae3-e8e13700fcef_4分.jpg,20230906-1003-51c0-3907-ad371d134036_4ed7935c-0e1e-4e36-9ae3-e8e13700fcef_4分.jpg,replacement,cluster_9,3636,0.6546583771705627,True,keep,non_random_source=replacement,,
Batch01,20230906-1003-51c0-3907-ad371d134036,Batch01/20230906-1003-51c0-3907-ad371d134036/20230906-1003-51c0-3907-ad371d134036_791bec2a-cab8-4f6e-af83-e180f606493e_8分.jpg,20230906-1003-51c0-3907-ad371d134036_791bec2a-cab8-4f6e-af83-e180f606493e_8分.jpg,hard,cluster_1,1389,0.659845769405365,True,keep,non_random_source=hard,,
Batch01,20230906-1003-51c0-3907-ad371d134036,Batch01/20230906-1003-51c0-3907-ad371d134036/20230906-1003-51c0-3907-ad371d134036_8acb318f-b4c5-4cf0-9aa3-292713f94abb_4分.jpg,20230906-1003-51c0-3907-ad371d134036_8acb318f-b4c5-4cf0-9aa3-292713f94abb_4分.jpg,replacement,cluster_9,3636,0.7738810181617737,True,keep,non_random_source=replacement,,
Batch01,20230906-1003-51c0-3907-ad371d134036,Batch01/20230906-1003-51c0-3907-ad371d134036/20230906-1003-51c0-3907-ad371d134036_e3d5f65a-bd74-4efd-85ca-538fc692db4b_6分.jpg,20230906-1003-51c0-3907-ad371d134036_e3d5f65a-bd74-4efd-85ca-538fc692db4b_6分.jpg,replacement,cluster_9,3636,0.7498286366462708,True,keep,non_random_source=replacement,,
Batch01,20230912-0245-1398-cd8b-4e2c05304969,Batch01/20230912-0245-1398-cd8b-4e2c05304969/20230912-0245-1398-cd8b-4e2c05304969_604c8c50-8c83-42e6-9ce9-b7ceaa808ad1_12分.jpg,20230912-0245-1398-cd8b-4e2c05304969_604c8c50-8c83-42e6-9ce9-b7ceaa808ad1_12分.jpg,diverse,cluster_0,2169,0.6040796637535095,False,keep,non_random_source=diverse,,
Batch01,20230912-0245-1398-cd8b-4e2c05304969,Batch01/20230912-0245-1398-cd8b-4e2c05304969/20230912-0245-1398-cd8b-4e2c05304969_80f532b4-05ab-480f-8bad-5f96e01c96b7_6分.jpg,20230912-0245-1398-cd8b-4e2c05304969_80f532b4-05ab-480f-8bad-5f96e01c96b7_6分.jpg,hard,cluster_0,2169,0.6827086210250854,False,keep,non_random_source=hard,,
Batch01,20230912-0245-1398-cd8b-4e2c05304969,Batch01/20230912-0245-1398-cd8b-4e2c05304969/20230912-0245-1398-cd8b-4e2c05304969_a171636e-772e-4314-b6db-742c89a8b666_2分.jpg,20230912-0245-1398-cd8b-4e2c05304969_a171636e-772e-4314-b6db-742c89a8b666_2分.jpg,diverse,cluster_3,2444,0.7008815407752991,False,keep,non_random_source=diverse,,
Batch01,20230912-0245-1398-cd8b-4e2c05304969,Batch01/20230912-0245-1398-cd8b-4e2c05304969/20230912-0245-1398-cd8b-4e2c05304969_fb08316c-9f26-43df-bede-82bf42edd689_8分.jpg,20230912-0245-1398-cd8b-4e2c05304969_fb08316c-9f26-43df-bede-82bf42edd689_8分.jpg,hard,cluster_0,2169,0.6570471525192261,False,keep,non_random_source=hard,,
Batch01,20230912-0245-3420-2125-55fe5c827388,Batch01/20230912-0245-3420-2125-55fe5c827388/20230912-0245-3420-2125-55fe5c827388_35d3ce18-67c5-4e40-9d37-b86facb66c2f_3分.jpg,20230912-0245-3420-2125-55fe5c827388_35d3ce18-67c5-4e40-9d37-b86facb66c2f_3分.jpg,hard,cluster_0,2169,0.6338809728622437,False,keep,non_random_source=hard,,
Batch01,20230912-0245-3420-2125-55fe5c827388,Batch01/20230912-0245-3420-2125-55fe5c827388/20230912-0245-3420-2125-55fe5c827388_39df62da-3669-4e16-834a-4600156b5a1d_10分.jpg,20230912-0245-3420-2125-55fe5c827388_39df62da-3669-4e16-834a-4600156b5a1d_10分.jpg,diverse,cluster_0,2169,0.4949416518211365,False,keep,non_random_source=diverse,,
Batch01,20230912-0245-3420-2125-55fe5c827388,Batch01/20230912-0245-3420-2125-55fe5c827388/20230912-0245-3420-2125-55fe5c827388_a50c9304-a144-4b5a-b111-0f1d443a647b_10分.jpg,20230912-0245-3420-2125-55fe5c827388_a50c9304-a144-4b5a-b111-0f1d443a647b_10分.jpg,hard,cluster_0,2169,0.6670534014701843,False,keep,non_random_source=hard,,
Batch01,20230912-0245-3420-2125-55fe5c827388,Batch01/20230912-0245-3420-2125-55fe5c827388/20230912-0245-3420-2125-55fe5c827388_c74f1370-7f66-4eeb-a1d2-1556170704db_1分.jpg,20230912-0245-3420-2125-55fe5c827388_c74f1370-7f66-4eeb-a1d2-1556170704db_1分.jpg,diverse,cluster_0,2169,0.4227006137371063,False,keep,non_random_source=diverse,,
Batch01,20230912-0250-05fd-d06e-f6dc69741748,Batch01/20230912-0250-05fd-d06e-f6dc69741748/20230912-0250-05fd-d06e-f6dc69741748_1246c1e7-54b6-4797-87bb-a64ff099d089_12分.jpg,20230912-0250-05fd-d06e-f6dc69741748_1246c1e7-54b6-4797-87bb-a64ff099d089_12分.jpg,hard,cluster_12,4553,0.6941282749176025,False,keep,non_random_source=hard,,
Batch01,20230912-0250-05fd-d06e-f6dc69741748,Batch01/20230912-0250-05fd-d06e-f6dc69741748/20230912-0250-05fd-d06e-f6dc69741748_1d10b9d3-0fb7-4260-b599-1af36e6e965b_2分.jpg,20230912-0250-05fd-d06e-f6dc69741748_1d10b9d3-0fb7-4260-b599-1af36e6e965b_2分.jpg,diverse,cluster_9,3636,0.630820095539093,False,keep,non_random_source=diverse,,
Batch01,20230912-0250-05fd-d06e-f6dc69741748,Batch01/20230912-0250-05fd-d06e-f6dc69741748/20230912-0250-05fd-d06e-f6dc69741748_3f469e3f-1386-4200-a7a4-38f7d7775f05_5分.jpg,20230912-0250-05fd-d06e-f6dc69741748_3f469e3f-1386-4200-a7a4-38f7d7775f05_5分.jpg,hard,cluster_12,4553,0.7028016448020935,False,keep,non_random_source=hard,,
Batch01,20230912-0250-05fd-d06e-f6dc69741748,Batch01/20230912-0250-05fd-d06e-f6dc69741748/20230912-0250-05fd-d06e-f6dc69741748_7a2c95e8-28f8-42ec-b2be-253044eeb765_12分.jpg,20230912-0250-05fd-d06e-f6dc69741748_7a2c95e8-28f8-42ec-b2be-253044eeb765_12分.jpg,diverse,cluster_12,4553,0.6718846559524536,False,keep,non_random_source=diverse,,
Batch01,20230917-0538-1942-cd94-0c58e2411477,Batch01/20230917-0538-1942-cd94-0c58e2411477/20230917-0538-1942-cd94-0c58e2411477_589d9eea-bc24-4f4a-81cd-2083ed339ccb_12分.jpg,20230917-0538-1942-cd94-0c58e2411477_589d9eea-bc24-4f4a-81cd-2083ed339ccb_12分.jpg,hard,cluster_1,1389,0.6816693544387817,False,keep,non_random_source=hard,,
Batch01,20230917-0538-1942-cd94-0c58e2411477,Batch01/20230917-0538-1942-cd94-0c58e2411477/20230917-0538-1942-cd94-0c58e2411477_8a1c00af-7286-44c2-a760-495acbeec758_8分.jpg,20230917-0538-1942-cd94-0c58e2411477_8a1c00af-7286-44c2-a760-495acbeec758_8分.jpg,diverse,cluster_1,1389,0.6756143569946289,False,keep,non_random_source=diverse,,
Batch01,20230917-0538-1942-cd94-0c58e2411477,Batch01/20230917-0538-1942-cd94-0c58e2411477/20230917-0538-1942-cd94-0c58e2411477_8fc27896-8dc1-40a9-91ac-4c9e6583541e_5分.jpg,20230917-0538-1942-cd94-0c58e2411477_8fc27896-8dc1-40a9-91ac-4c9e6583541e_5分.jpg,diverse,cluster_9,3636,0.7142749428749084,False,keep,non_random_source=diverse,,
Batch01,20230917-0538-1942-cd94-0c58e2411477,Batch01/20230917-0538-1942-cd94-0c58e2411477/20230917-0538-1942-cd94-0c58e2411477_d043419d-a417-427f-8bc8-25e0a053ef02_12分.jpg,20230917-0538-1942-cd94-0c58e2411477_d043419d-a417-427f-8bc8-25e0a053ef02_12分.jpg,hard,cluster_1,1389,0.6488049626350403,False,keep,non_random_source=hard,,
Batch01,20230924-0127-2334-8f24-59c13b970885,Batch01/20230924-0127-2334-8f24-59c13b970885/20230924-0127-2334-8f24-59c13b970885_0a6d028b-0f86-4eaa-b277-71c4571b51c0_1分.jpg,20230924-0127-2334-8f24-59c13b970885_0a6d028b-0f86-4eaa-b277-71c4571b51c0_1分.jpg,diverse,cluster_9,3636,0.7218164205551147,False,keep,non_random_source=diverse,,
Batch01,20230924-0127-2334-8f24-59c13b970885,Batch01/20230924-0127-2334-8f24-59c13b970885/20230924-0127-2334-8f24-59c13b970885_2b8b60c0-9db0-4c5d-875f-46f471da4f2b_10分.jpg,20230924-0127-2334-8f24-59c13b970885_2b8b60c0-9db0-4c5d-875f-46f471da4f2b_10分.jpg,hard,cluster_1,1389,0.691260814666748,False,keep,non_random_source=hard,,
Batch01,20230924-0127-2334-8f24-59c13b970885,Batch01/20230924-0127-2334-8f24-59c13b970885/20230924-0127-2334-8f24-59c13b970885_5ca6e4df-a48f-474e-b2f1-59b083b39071_7分.jpg,20230924-0127-2334-8f24-59c13b970885_5ca6e4df-a48f-474e-b2f1-59b083b39071_7分.jpg,hard,cluster_1,1389,0.7129378318786621,False,keep,non_random_source=hard,,
Batch01,20230924-0127-2334-8f24-59c13b970885,Batch01/20230924-0127-2334-8f24-59c13b970885/20230924-0127-2334-8f24-59c13b970885_6c8e5258-43cd-418d-8a35-53951b18349d_10分.jpg,20230924-0127-2334-8f24-59c13b970885_6c8e5258-43cd-418d-8a35-53951b18349d_10分.jpg,diverse,cluster_1,1389,0.7206884622573853,False,keep,non_random_source=diverse,,
Batch01,20230924-1413-11b2-ff08-839a9d835523,Batch01/20230924-1413-11b2-ff08-839a9d835523/20230924-1413-11b2-ff08-839a9d835523_30183b9a-023c-4048-9778-be841461dc39_3分.jpg,20230924-1413-11b2-ff08-839a9d835523_30183b9a-023c-4048-9778-be841461dc39_3分.jpg,diverse,cluster_7,2261,0.41308021545410156,False,keep,non_random_source=diverse,,
Batch01,20230924-1413-11b2-ff08-839a9d835523,Batch01/20230924-1413-11b2-ff08-839a9d835523/20230924-1413-11b2-ff08-839a9d835523_8787a6ea-0a1d-4e75-a37f-630e7b6da80f_8分.jpg,20230924-1413-11b2-ff08-839a9d835523_8787a6ea-0a1d-4e75-a37f-630e7b6da80f_8分.jpg,hard,cluster_12,4553,0.47297292947769165,False,keep,non_random_source=hard,,
Batch01,20230924-1413-11b2-ff08-839a9d835523,Batch01/20230924-1413-11b2-ff08-839a9d835523/20230924-1413-11b2-ff08-839a9d835523_8c258664-693f-4484-b74e-b09e31bb2044_12分.jpg,20230924-1413-11b2-ff08-839a9d835523_8c258664-693f-4484-b74e-b09e31bb2044_12分.jpg,hard,cluster_5,2606,0.4467754364013672,False,keep,non_random_source=hard,,
Batch01,20230924-1413-11b2-ff08-839a9d835523,Batch01/20230924-1413-11b2-ff08-839a9d835523/20230924-1413-11b2-ff08-839a9d835523_978231d7-b577-4509-ba7a-e14381df23c5_8分.jpg,20230924-1413-11b2-ff08-839a9d835523_978231d7-b577-4509-ba7a-e14381df23c5_8分.jpg,diverse,cluster_12,4553,0.5095263719558716,False,keep,non_random_source=diverse,,
Batch01,20230925-0001-284c-7216-e4ecee732608,Batch01/20230925-0001-284c-7216-e4ecee732608/20230925-0001-284c-7216-e4ecee732608_3b3ea2d4-e32e-4219-b2d6-46aeacc03563_11分.jpg,20230925-0001-284c-7216-e4ecee732608_3b3ea2d4-e32e-4219-b2d6-46aeacc03563_11分.jpg,diverse,cluster_6,3834,0.7957347631454468,False,keep,non_random_source=diverse,,
Batch01,20230925-0001-284c-7216-e4ecee732608,Batch01/20230925-0001-284c-7216-e4ecee732608/20230925-0001-284c-7216-e4ecee732608_9c317004-3f3e-4f62-a1a3-ae05f3619b59_4分.jpg,20230925-0001-284c-7216-e4ecee732608_9c317004-3f3e-4f62-a1a3-ae05f3619b59_4分.jpg,diverse,cluster_2,2092,0.5962054133415222,False,keep,non_random_source=diverse,,
Batch01,20230925-0001-284c-7216-e4ecee732608,Batch01/20230925-0001-284c-7216-e4ecee732608/20230925-0001-284c-7216-e4ecee732608_bb455d02-251a-42f9-a120-dbccb7f00cae_10分.jpg,20230925-0001-284c-7216-e4ecee732608_bb455d02-251a-42f9-a120-dbccb7f00cae_10分.jpg,hard,cluster_6,3834,0.7493193745613098,False,keep,non_random_source=hard,,
Batch01,20230925-0001-284c-7216-e4ecee732608,Batch01/20230925-0001-284c-7216-e4ecee732608/20230925-0001-284c-7216-e4ecee732608_f5e29639-fadc-43a0-bccd-8ada38ab0b5a_10分.jpg,20230925-0001-284c-7216-e4ecee732608_f5e29639-fadc-43a0-bccd-8ada38ab0b5a_10分.jpg,hard,cluster_6,3834,0.7147352695465088,False,keep,non_random_source=hard,,
Batch01,20230925-1310-3713-634c-9ceb32915374,Batch01/20230925-1310-3713-634c-9ceb32915374/20230925-1310-3713-634c-9ceb32915374_47f61eed-6205-48d8-aabb-4152ffcd9cea_12分.jpg,20230925-1310-3713-634c-9ceb32915374_47f61eed-6205-48d8-aabb-4152ffcd9cea_12分.jpg,hard,cluster_1,1389,0.40173688530921936,True,keep,non_random_source=hard,,
Batch01,20230925-1310-3713-634c-9ceb32915374,Batch01/20230925-1310-3713-634c-9ceb32915374/20230925-1310-3713-634c-9ceb32915374_5bfd986f-1be3-41d5-b675-72433734de4e_4分.jpg,20230925-1310-3713-634c-9ceb32915374_5bfd986f-1be3-41d5-b675-72433734de4e_4分.jpg,diverse,cluster_9,3636,0.6254048943519592,True,keep,non_random_source=diverse,,
Batch01,20230925-1310-3713-634c-9ceb32915374,Batch01/20230925-1310-3713-634c-9ceb32915374/20230925-1310-3713-634c-9ceb32915374_5ea6df8c-8560-42ce-9cfd-853856f2668b_4分.jpg,20230925-1310-3713-634c-9ceb32915374_5ea6df8c-8560-42ce-9cfd-853856f2668b_4分.jpg,replacement,cluster_9,3636,0.6337302923202515,True,keep,non_random_source=replacement,,
Batch01,20230925-1310-3713-634c-9ceb32915374,Batch01/20230925-1310-3713-634c-9ceb32915374/20230925-1310-3713-634c-9ceb32915374_643f7443-d838-4c00-a48e-c2f4746ac326_4分.jpg,20230925-1310-3713-634c-9ceb32915374_643f7443-d838-4c00-a48e-c2f4746ac326_4分.jpg,replacement,cluster_3,2444,0.44448116421699524,True,keep,non_random_source=replacement,,
Batch01,20230925-1310-3713-634c-9ceb32915374,Batch01/20230925-1310-3713-634c-9ceb32915374/20230925-1310-3713-634c-9ceb32915374_6e6ac957-04f7-480e-8436-53a41d78841f_6分.jpg,20230925-1310-3713-634c-9ceb32915374_6e6ac957-04f7-480e-8436-53a41d78841f_6分.jpg,replacement,cluster_3,2444,0.4896879494190216,True,keep,non_random_source=replacement,,
Batch01,20230925-1310-3713-634c-9ceb32915374,Batch01/20230925-1310-3713-634c-9ceb32915374/20230925-1310-3713-634c-9ceb32915374_701fa9d7-55c0-4c7e-a46f-85e84a7f6f68_6分.jpg,20230925-1310-3713-634c-9ceb32915374_701fa9d7-55c0-4c7e-a46f-85e84a7f6f68_6分.jpg,diverse,cluster_1,1389,0.6200013756752014,True,keep,non_random_source=diverse,,
Batch01,20230925-1310-3713-634c-9ceb32915374,Batch01/20230925-1310-3713-634c-9ceb32915374/20230925-1310-3713-634c-9ceb32915374_72a0a303-8316-4440-8100-c6583b51efde_4分.jpg,20230925-1310-3713-634c-9ceb32915374_72a0a303-8316-4440-8100-c6583b51efde_4分.jpg,hard,cluster_1,1389,0.46201714873313904,True,keep,non_random_source=hard,,
Batch01,20230925-1310-3713-634c-9ceb32915374,Batch01/20230925-1310-3713-634c-9ceb32915374/20230925-1310-3713-634c-9ceb32915374_a7c35943-6372-44de-8454-663748978961_2分.jpg,20230925-1310-3713-634c-9ceb32915374_a7c35943-6372-44de-8454-663748978961_2分.jpg,replacement,cluster_9,3636,0.6314862966537476,True,keep,non_random_source=replacement,,
Batch01,20230926-0321-2868-70bc-c3e9ad379167,Batch01/20230926-0321-2868-70bc-c3e9ad379167/20230926-0321-2868-70bc-c3e9ad379167_386138a1-91b0-480d-8b6d-9b94336083fe_9分.jpg,20230926-0321-2868-70bc-c3e9ad379167_386138a1-91b0-480d-8b6d-9b94336083fe_9分.jpg,hard,cluster_5,2606,0.3785052001476288,False,keep,non_random_source=hard,,
Batch01,20230926-0321-2868-70bc-c3e9ad379167,Batch01/20230926-0321-2868-70bc-c3e9ad379167/20230926-0321-2868-70bc-c3e9ad379167_4c2d8757-4e35-4897-bd7e-b178c2b14ef2_5分.jpg,20230926-0321-2868-70bc-c3e9ad379167_4c2d8757-4e35-4897-bd7e-b178c2b14ef2_5分.jpg,diverse,cluster_12,4553,0.522022008895874,False,keep,non_random_source=diverse,,
Batch01,20230926-0321-2868-70bc-c3e9ad379167,Batch01/20230926-0321-2868-70bc-c3e9ad379167/20230926-0321-2868-70bc-c3e9ad379167_8764c71b-54ef-40ef-a844-caa32d75fcf7_9分.jpg,20230926-0321-2868-70bc-c3e9ad379167_8764c71b-54ef-40ef-a844-caa32d75fcf7_9分.jpg,hard,cluster_5,2606,0.3644016683101654,False,keep,non_random_source=hard,,
Batch01,20230926-0321-2868-70bc-c3e9ad379167,Batch01/20230926-0321-2868-70bc-c3e9ad379167/20230926-0321-2868-70bc-c3e9ad379167_a0e55c5f-c8fa-4633-88b9-48d5793cba94_2分.jpg,20230926-0321-2868-70bc-c3e9ad379167_a0e55c5f-c8fa-4633-88b9-48d5793cba94_2分.jpg,diverse,cluster_5,2606,0.18246416747570038,False,keep,non_random_source=diverse,,
Batch01,20230928-0706-101d-2d23-2fcd1b957952,Batch01/20230928-0706-101d-2d23-2fcd1b957952/20230928-0706-101d-2d23-2fcd1b957952_2c99e457-fa46-4cfd-ac32-a23c9ec6bfde_8分.jpg,20230928-0706-101d-2d23-2fcd1b957952_2c99e457-fa46-4cfd-ac32-a23c9ec6bfde_8分.jpg,hard,cluster_6,3834,0.8332438468933105,False,keep,non_random_source=hard,,
Batch01,20230928-0706-101d-2d23-2fcd1b957952,Batch01/20230928-0706-101d-2d23-2fcd1b957952/20230928-0706-101d-2d23-2fcd1b957952_39131571-da72-41a6-81a7-ce244f756311_2分.jpg,20230928-0706-101d-2d23-2fcd1b957952_39131571-da72-41a6-81a7-ce244f756311_2分.jpg,diverse,cluster_2,2092,0.7773846983909607,False,keep,non_random_source=diverse,,
Batch01,20230928-0706-101d-2d23-2fcd1b957952,Batch01/20230928-0706-101d-2d23-2fcd1b957952/20230928-0706-101d-2d23-2fcd1b957952_6144516d-4944-4287-b184-03f6e0bdab2d_8分.jpg,20230928-0706-101d-2d23-2fcd1b957952_6144516d-4944-4287-b184-03f6e0bdab2d_8分.jpg,diverse,cluster_6,3834,0.7777645587921143,False,keep,non_random_source=diverse,,
Batch01,20230928-0706-101d-2d23-2fcd1b957952,Batch01/20230928-0706-101d-2d23-2fcd1b957952/20230928-0706-101d-2d23-2fcd1b957952_ab1ef8dc-466d-4b52-b2d4-2047957aa5a1_8分.jpg,20230928-0706-101d-2d23-2fcd1b957952_ab1ef8dc-466d-4b52-b2d4-2047957aa5a1_8分.jpg,hard,cluster_6,3834,0.8431117534637451,False,keep,non_random_source=hard,,
Batch01,20231002-0409-56f6-b409-d13d52524918,Batch01/20231002-0409-56f6-b409-d13d52524918/20231002-0409-56f6-b409-d13d52524918_14592208-e6a9-4c50-80b4-3800393d3397_10分.jpg,20231002-0409-56f6-b409-d13d52524918_14592208-e6a9-4c50-80b4-3800393d3397_10分.jpg,hard,cluster_10,2055,0.7755251526832581,True,keep,non_random_source=hard,,
Batch01,20231002-0409-56f6-b409-d13d52524918,Batch01/20231002-0409-56f6-b409-d13d52524918/20231002-0409-56f6-b409-d13d52524918_42c2f627-92ac-4ccc-8306-524bf260bfa5_1分.jpg,20231002-0409-56f6-b409-d13d52524918_42c2f627-92ac-4ccc-8306-524bf260bfa5_1分.jpg,diverse,cluster_4,3444,0.6844595670700073,True,keep,non_random_source=diverse,,
Batch01,20231002-0409-56f6-b409-d13d52524918,Batch01/20231002-0409-56f6-b409-d13d52524918/20231002-0409-56f6-b409-d13d52524918_48d4b601-51c1-4efb-bd99-3b5379e97467_6分.jpg,20231002-0409-56f6-b409-d13d52524918_48d4b601-51c1-4efb-bd99-3b5379e97467_6分.jpg,replacement,cluster_10,2055,0.8148794174194336,True,keep,non_random_source=replacement,,
Batch01,20231002-0409-56f6-b409-d13d52524918,Batch01/20231002-0409-56f6-b409-d13d52524918/20231002-0409-56f6-b409-d13d52524918_585e5886-51f9-45ed-9aa0-51f0bdd4c1f0_9分.jpg,20231002-0409-56f6-b409-d13d52524918_585e5886-51f9-45ed-9aa0-51f0bdd4c1f0_9分.jpg,replacement,cluster_10,2055,0.790065348148346,True,keep,non_random_source=replacement,,
Batch01,20231002-0409-56f6-b409-d13d52524918,Batch01/20231002-0409-56f6-b409-d13d52524918/20231002-0409-56f6-b409-d13d52524918_7774aa73-0953-402f-a9e7-973d461f2057_8分.jpg,20231002-0409-56f6-b409-d13d52524918_7774aa73-0953-402f-a9e7-973d461f2057_8分.jpg,replacement,cluster_10,2055,0.8353438377380371,True,keep,non_random_source=replacement,,
Batch01,20231002-0409-56f6-b409-d13d52524918,Batch01/20231002-0409-56f6-b409-d13d52524918/20231002-0409-56f6-b409-d13d52524918_7b83992d-d9d3-4e80-9c7a-38685add677f_10分.jpg,20231002-0409-56f6-b409-d13d52524918_7b83992d-d9d3-4e80-9c7a-38685add677f_10分.jpg,hard,cluster_10,2055,0.8206223845481873,True,keep,non_random_source=hard,,
Batch01,20231002-0409-56f6-b409-d13d52524918,Batch01/20231002-0409-56f6-b409-d13d52524918/20231002-0409-56f6-b409-d13d52524918_84f31227-a0eb-4296-90dc-cf6d5d078593_12分.jpg,20231002-0409-56f6-b409-d13d52524918_84f31227-a0eb-4296-90dc-cf6d5d078593_12分.jpg,replacement,cluster_10,2055,0.7755016088485718,True,keep,non_random_source=replacement,,
Batch01,20231002-0409-56f6-b409-d13d52524918,Batch01/20231002-0409-56f6-b409-d13d52524918/20231002-0409-56f6-b409-d13d52524918_8cf8d4de-9b64-4417-9dca-0fd4d4d336d2_8分.jpg,20231002-0409-56f6-b409-d13d52524918_8cf8d4de-9b64-4417-9dca-0fd4d4d336d2_8分.jpg,diverse,cluster_10,2055,0.8143962025642395,True,keep,non_random_source=diverse,,
Batch01,20231005-0822-0843-e73c-78feab697903,Batch01/20231005-0822-0843-e73c-78feab697903/20231005-0822-0843-e73c-78feab697903_0e8492fe-2f51-4c33-abfd-c8e0481993a2_8分.jpg,20231005-0822-0843-e73c-78feab697903_0e8492fe-2f51-4c33-abfd-c8e0481993a2_8分.jpg,hard,cluster_0,2169,0.6892179250717163,False,keep,non_random_source=hard,,
Batch01,20231005-0822-0843-e73c-78feab697903,Batch01/20231005-0822-0843-e73c-78feab697903/20231005-0822-0843-e73c-78feab697903_645289b7-c7e7-46d0-977d-aa2d7cf9930f_4分.jpg,20231005-0822-0843-e73c-78feab697903_645289b7-c7e7-46d0-977d-aa2d7cf9930f_4分.jpg,diverse,cluster_3,2444,0.4692780077457428,False,keep,non_random_source=diverse,,
Batch01,20231005-0822-0843-e73c-78feab697903,Batch01/20231005-0822-0843-e73c-78feab697903/20231005-0822-0843-e73c-78feab697903_8768ba30-f2cc-4f45-9cb0-e9fd529dcc6a_4分.jpg,20231005-0822-0843-e73c-78feab697903_8768ba30-f2cc-4f45-9cb0-e9fd529dcc6a_4分.jpg,hard,cluster_0,2169,0.7301962375640869,False,keep,non_random_source=hard,,
Batch01,20231005-0822-0843-e73c-78feab697903,Batch01/20231005-0822-0843-e73c-78feab697903/20231005-0822-0843-e73c-78feab697903_ab4bfd07-b59d-487e-918b-94b9f72dd4e1_12分.jpg,20231005-0822-0843-e73c-78feab697903_ab4bfd07-b59d-487e-918b-94b9f72dd4e1_12分.jpg,diverse,cluster_0,2169,0.6447654366493225,False,keep,non_random_source=diverse,,
Batch01,20231011-0220-2509-8f50-4169a1317033,Batch01/20231011-0220-2509-8f50-4169a1317033/20231011-0220-2509-8f50-4169a1317033_1bff5391-4814-4e96-a57b-593ee3f64df8_12分.jpg,20231011-0220-2509-8f50-4169a1317033_1bff5391-4814-4e96-a57b-593ee3f64df8_12分.jpg,hard,cluster_12,4553,0.7279247045516968,True,keep,non_random_source=hard,,
Batch01,20231011-0220-2509-8f50-4169a1317033,Batch01/20231011-0220-2509-8f50-4169a1317033/20231011-0220-2509-8f50-4169a1317033_1f1ceac3-b8b2-4a8d-8e4f-9143da1d8302_1分.jpg,20231011-0220-2509-8f50-4169a1317033_1f1ceac3-b8b2-4a8d-8e4f-9143da1d8302_1分.jpg,diverse,cluster_9,3636,0.7436328530311584,True,keep,non_random_source=diverse,,
Batch01,20231011-0220-2509-8f50-4169a1317033,Batch01/20231011-0220-2509-8f50-4169a1317033/20231011-0220-2509-8f50-4169a1317033_218c9e2e-9a25-4b93-8a0f-02cb9239b156_3分.jpg,20231011-0220-2509-8f50-4169a1317033_218c9e2e-9a25-4b93-8a0f-02cb9239b156_3分.jpg,replacement,cluster_7,2261,0.5057549476623535,True,keep,non_random_source=replacement,,
Batch01,20231011-0220-2509-8f50-4169a1317033,Batch01/20231011-0220-2509-8f50-4169a1317033/20231011-0220-2509-8f50-4169a1317033_234d03e5-915e-4909-9bfe-e46e801f6fd6_1分.jpg,20231011-0220-2509-8f50-4169a1317033_234d03e5-915e-4909-9bfe-e46e801f6fd6_1分.jpg,replacement,cluster_7,2261,0.637128472328186,True,keep,non_random_source=replacement,,
Batch01,20231011-0220-2509-8f50-4169a1317033,Batch01/20231011-0220-2509-8f50-4169a1317033/20231011-0220-2509-8f50-4169a1317033_5353cfbf-a1ce-4c6e-93aa-88676306cd94_5分.jpg,20231011-0220-2509-8f50-4169a1317033_5353cfbf-a1ce-4c6e-93aa-88676306cd94_5分.jpg,replacement,cluster_9,3636,0.6978675723075867,True,keep,non_random_source=replacement,,
Batch01,20231011-0220-2509-8f50-4169a1317033,Batch01/20231011-0220-2509-8f50-4169a1317033/20231011-0220-2509-8f50-4169a1317033_7d85a2f9-059b-4334-99a5-40b6e177e845_7分.jpg,20231011-0220-2509-8f50-4169a1317033_7d85a2f9-059b-4334-99a5-40b6e177e845_7分.jpg,diverse,cluster_12,4553,0.7203026413917542,True,keep,non_random_source=diverse,,
Batch01,20231011-0220-2509-8f50-4169a1317033,Batch01/20231011-0220-2509-8f50-4169a1317033/20231011-0220-2509-8f50-4169a1317033_933c25de-8f7f-47c5-be20-3931ca923b97_3分.jpg,20231011-0220-2509-8f50-4169a1317033_933c25de-8f7f-47c5-be20-3931ca923b97_3分.jpg,replacement,cluster_9,3636,0.6292642951011658,True,keep,non_random_source=replacement,,
Batch01,20231011-0220-2509-8f50-4169a1317033,Batch01/20231011-0220-2509-8f50-4169a1317033/20231011-0220-2509-8f50-4169a1317033_b5065329-4b24-464a-b44f-4504a7a617d6_8分.jpg,20231011-0220-2509-8f50-4169a1317033_b5065329-4b24-464a-b44f-4504a7a617d6_8分.jpg,hard,cluster_12,4553,0.6983704566955566,True,keep,non_random_source=hard,,
Batch01,20231011-0527-43a1-7adb-7d1efd377690,Batch01/20231011-0527-43a1-7adb-7d1efd377690/20231011-0527-43a1-7adb-7d1efd377690_59960b6a-a187-4f3d-b9f8-a05171aec69d_12分.jpg,20231011-0527-43a1-7adb-7d1efd377690_59960b6a-a187-4f3d-b9f8-a05171aec69d_12分.jpg,hard,cluster_8,2333,0.46998193860054016,True,keep,non_random_source=hard,,
Batch01,20231011-0527-43a1-7adb-7d1efd377690,Batch01/20231011-0527-43a1-7adb-7d1efd377690/20231011-0527-43a1-7adb-7d1efd377690_61606850-c66a-4e82-acc3-08a44f86957a_2分.jpg,20231011-0527-43a1-7adb-7d1efd377690_61606850-c66a-4e82-acc3-08a44f86957a_2分.jpg,replacement,cluster_4,3444,0.6609684824943542,True,keep,non_random_source=replacement,,
Batch01,20231011-0527-43a1-7adb-7d1efd377690,Batch01/20231011-0527-43a1-7adb-7d1efd377690/20231011-0527-43a1-7adb-7d1efd377690_8d89f7bc-86a3-4cb6-9971-91186ea07998_5分.jpg,20231011-0527-43a1-7adb-7d1efd377690_8d89f7bc-86a3-4cb6-9971-91186ea07998_5分.jpg,replacement,cluster_4,3444,0.5167312622070312,True,keep,non_random_source=replacement,,
Batch01,20231011-0527-43a1-7adb-7d1efd377690,Batch01/20231011-0527-43a1-7adb-7d1efd377690/20231011-0527-43a1-7adb-7d1efd377690_afe9c0f2-8396-4eb8-bdb3-1ac3f20ecde1_6分.jpg,20231011-0527-43a1-7adb-7d1efd377690_afe9c0f2-8396-4eb8-bdb3-1ac3f20ecde1_6分.jpg,hard,cluster_8,2333,0.4604093134403229,True,keep,non_random_source=hard,,
Batch01,20231011-0527-43a1-7adb-7d1efd377690,Batch01/20231011-0527-43a1-7adb-7d1efd377690/20231011-0527-43a1-7adb-7d1efd377690_ba9131a3-e47c-46e8-8f72-f3fe70bad66e_6分.jpg,20231011-0527-43a1-7adb-7d1efd377690_ba9131a3-e47c-46e8-8f72-f3fe70bad66e_6分.jpg,diverse,cluster_8,2333,0.4491296708583832,True,keep,non_random_source=diverse,,
Batch01,20231011-0527-43a1-7adb-7d1efd377690,Batch01/20231011-0527-43a1-7adb-7d1efd377690/20231011-0527-43a1-7adb-7d1efd377690_e035e2ef-5f5c-4793-9801-182bfd3cf85b_9分.jpg,20231011-0527-43a1-7adb-7d1efd377690_e035e2ef-5f5c-4793-9801-182bfd3cf85b_9分.jpg,replacement,cluster_8,2333,0.46728506684303284,True,keep,non_random_source=replacement,,
Batch01,20231011-0527-43a1-7adb-7d1efd377690,Batch01/20231011-0527-43a1-7adb-7d1efd377690/20231011-0527-43a1-7adb-7d1efd377690_ed34f512-3172-46d5-83ba-b112cbf11332_9分.jpg,20231011-0527-43a1-7adb-7d1efd377690_ed34f512-3172-46d5-83ba-b112cbf11332_9分.jpg,replacement,cluster_8,2333,0.28982752561569214,True,keep,non_random_source=replacement,,
Batch01,20231011-0527-43a1-7adb-7d1efd377690,Batch01/20231011-0527-43a1-7adb-7d1efd377690/20231011-0527-43a1-7adb-7d1efd377690_f79c3969-0a37-423a-9b21-a4a57fe61c2a_3分.jpg,20231011-0527-43a1-7adb-7d1efd377690_f79c3969-0a37-423a-9b21-a4a57fe61c2a_3分.jpg,diverse,cluster_4,3444,0.6721912026405334,True,keep,non_random_source=diverse,,
Batch01,20231012-0444-57a3-1ada-7918f3305178,Batch01/20231012-0444-57a3-1ada-7918f3305178/20231012-0444-57a3-1ada-7918f3305178_2f63f1d7-3752-404e-968a-81b81d20cbff_3分.jpg,20231012-0444-57a3-1ada-7918f3305178_2f63f1d7-3752-404e-968a-81b81d20cbff_3分.jpg,diverse,cluster_2,2092,0.7998472452163696,False,keep,non_random_source=diverse,,
Batch01,20231012-0444-57a3-1ada-7918f3305178,Batch01/20231012-0444-57a3-1ada-7918f3305178/20231012-0444-57a3-1ada-7918f3305178_32f6dcf7-e07e-466b-af46-532ff95a13b8_12分.jpg,20231012-0444-57a3-1ada-7918f3305178_32f6dcf7-e07e-466b-af46-532ff95a13b8_12分.jpg,hard,cluster_6,3834,0.7998189330101013,False,keep,non_random_source=hard,,
Batch01,20231012-0444-57a3-1ada-7918f3305178,Batch01/20231012-0444-57a3-1ada-7918f3305178/20231012-0444-57a3-1ada-7918f3305178_a25ac8bb-b56f-45f4-88e7-ef245076f684_7分.jpg,20231012-0444-57a3-1ada-7918f3305178_a25ac8bb-b56f-45f4-88e7-ef245076f684_7分.jpg,hard,cluster_6,3834,0.8298969864845276,False,keep,non_random_source=hard,,
Batch01,20231012-0444-57a3-1ada-7918f3305178,Batch01/20231012-0444-57a3-1ada-7918f3305178/20231012-0444-57a3-1ada-7918f3305178_c81f14d0-4c41-473b-b08a-87d6df0f62cf_12分.jpg,20231012-0444-57a3-1ada-7918f3305178_c81f14d0-4c41-473b-b08a-87d6df0f62cf_12分.jpg,diverse,cluster_6,3834,0.7741489410400391,False,keep,non_random_source=diverse,,
Batch01,20231016-0054-551b-17d1-34fa2a790459,Batch01/20231016-0054-551b-17d1-34fa2a790459/20231016-0054-551b-17d1-34fa2a790459_1fee0761-64a8-40f4-bc80-6c357b71da50_8分.jpg,20231016-0054-551b-17d1-34fa2a790459_1fee0761-64a8-40f4-bc80-6c357b71da50_8分.jpg,replacement,cluster_7,2261,0.5785157680511475,True,keep,non_random_source=replacement,,
Batch01,20231016-0054-551b-17d1-34fa2a790459,Batch01/20231016-0054-551b-17d1-34fa2a790459/20231016-0054-551b-17d1-34fa2a790459_4c0f9d25-02a5-4e8f-acb5-b051e69847e4_7分.jpg,20231016-0054-551b-17d1-34fa2a790459_4c0f9d25-02a5-4e8f-acb5-b051e69847e4_7分.jpg,diverse,cluster_12,4553,0.7246705293655396,True,keep,non_random_source=diverse,,
Batch01,20231016-0054-551b-17d1-34fa2a790459,Batch01/20231016-0054-551b-17d1-34fa2a790459/20231016-0054-551b-17d1-34fa2a790459_603221ec-5f7d-4518-b842-57bec0ffc30e_6分.jpg,20231016-0054-551b-17d1-34fa2a790459_603221ec-5f7d-4518-b842-57bec0ffc30e_6分.jpg,hard,cluster_12,4553,0.6754844784736633,True,keep,non_random_source=hard,,
Batch01,20231016-0054-551b-17d1-34fa2a790459,Batch01/20231016-0054-551b-17d1-34fa2a790459/20231016-0054-551b-17d1-34fa2a790459_89af856f-ddfa-4ae8-9dc3-491fa64c1625_2分.jpg,20231016-0054-551b-17d1-34fa2a790459_89af856f-ddfa-4ae8-9dc3-491fa64c1625_2分.jpg,replacement,cluster_12,4553,0.48121896386146545,True,keep,non_random_source=replacement,,
Batch01,20231016-0054-551b-17d1-34fa2a790459,Batch01/20231016-0054-551b-17d1-34fa2a790459/20231016-0054-551b-17d1-34fa2a790459_91a063e6-8dc6-42bf-9b3b-e2bd099583e3_6分.jpg,20231016-0054-551b-17d1-34fa2a790459_91a063e6-8dc6-42bf-9b3b-e2bd099583e3_6分.jpg,diverse,cluster_9,3636,0.6988959908485413,True,keep,non_random_source=diverse,,
Batch01,20231016-0054-551b-17d1-34fa2a790459,Batch01/20231016-0054-551b-17d1-34fa2a790459/20231016-0054-551b-17d1-34fa2a790459_9b9d588c-f7b2-47f7-ab11-5fcf29e18523_7分.jpg,20231016-0054-551b-17d1-34fa2a790459_9b9d588c-f7b2-47f7-ab11-5fcf29e18523_7分.jpg,replacement,cluster_12,4553,0.6479416489601135,True,keep,non_random_source=replacement,,
Batch01,20231016-0054-551b-17d1-34fa2a790459,Batch01/20231016-0054-551b-17d1-34fa2a790459/20231016-0054-551b-17d1-34fa2a790459_9f73bb29-2539-4b08-bee8-b38cd32ea063_11分.jpg,20231016-0054-551b-17d1-34fa2a790459_9f73bb29-2539-4b08-bee8-b38cd32ea063_11分.jpg,hard,cluster_12,4553,0.7082638144493103,True,keep,non_random_source=hard,,
Batch01,20231016-0054-551b-17d1-34fa2a790459,Batch01/20231016-0054-551b-17d1-34fa2a790459/20231016-0054-551b-17d1-34fa2a790459_e5cec842-3fbf-445e-a3d9-d153fab3fcd4_7分.jpg,20231016-0054-551b-17d1-34fa2a790459_e5cec842-3fbf-445e-a3d9-d153fab3fcd4_7分.jpg,replacement,cluster_9,3636,0.6653789281845093,True,keep,non_random_source=replacement,,
Batch01,20231017-0130-01b5-a24c-eefa96473598,Batch01/20231017-0130-01b5-a24c-eefa96473598/20231017-0130-01b5-a24c-eefa96473598_1d7a2572-bb1f-4a60-bfa2-c848aff5fd3c_1分.jpg,20231017-0130-01b5-a24c-eefa96473598_1d7a2572-bb1f-4a60-bfa2-c848aff5fd3c_1分.jpg,diverse,cluster_2,2092,0.6040611267089844,True,keep,non_random_source=diverse,,
Batch01,20231017-0130-01b5-a24c-eefa96473598,Batch01/20231017-0130-01b5-a24c-eefa96473598/20231017-0130-01b5-a24c-eefa96473598_449c31db-1b5c-47f7-b368-20ffe4771a1d_7分.jpg,20231017-0130-01b5-a24c-eefa96473598_449c31db-1b5c-47f7-b368-20ffe4771a1d_7分.jpg,replacement,cluster_6,3834,0.5866355895996094,True,keep,non_random_source=replacement,,
Batch01,20231017-0130-01b5-a24c-eefa96473598,Batch01/20231017-0130-01b5-a24c-eefa96473598/20231017-0130-01b5-a24c-eefa96473598_4f9f8fd2-4871-40b1-80c3-d4612afe09bf_8分.jpg,20231017-0130-01b5-a24c-eefa96473598_4f9f8fd2-4871-40b1-80c3-d4612afe09bf_8分.jpg,replacement,cluster_2,2092,0.5429227948188782,True,keep,non_random_source=replacement,,
Batch01,20231017-0130-01b5-a24c-eefa96473598,Batch01/20231017-0130-01b5-a24c-eefa96473598/20231017-0130-01b5-a24c-eefa96473598_98841a3f-dd14-416c-8eb8-cbc365a72e56_6分.jpg,20231017-0130-01b5-a24c-eefa96473598_98841a3f-dd14-416c-8eb8-cbc365a72e56_6分.jpg,replacement,cluster_6,3834,0.5487120151519775,True,keep,non_random_source=replacement,,
Batch01,20231017-0130-01b5-a24c-eefa96473598,Batch01/20231017-0130-01b5-a24c-eefa96473598/20231017-0130-01b5-a24c-eefa96473598_b0b7b3c3-c38e-4580-b938-f5270879bbdc_5分.jpg,20231017-0130-01b5-a24c-eefa96473598_b0b7b3c3-c38e-4580-b938-f5270879bbdc_5分.jpg,hard,cluster_6,3834,0.6145588755607605,True,keep,non_random_source=hard,,
Batch01,20231017-0130-01b5-a24c-eefa96473598,Batch01/20231017-0130-01b5-a24c-eefa96473598/20231017-0130-01b5-a24c-eefa96473598_d6ab895c-219b-458a-8021-9bf0e3b8e46f_5分.jpg,20231017-0130-01b5-a24c-eefa96473598_d6ab895c-219b-458a-8021-9bf0e3b8e46f_5分.jpg,hard,cluster_6,3834,0.6311591863632202,True,keep,non_random_source=hard,,
Batch01,20231017-0130-01b5-a24c-eefa96473598,Batch01/20231017-0130-01b5-a24c-eefa96473598/20231017-0130-01b5-a24c-eefa96473598_eae3d12c-b46d-458e-a932-81b663bd38d5_5分.jpg,20231017-0130-01b5-a24c-eefa96473598_eae3d12c-b46d-458e-a932-81b663bd38d5_5分.jpg,replacement,cluster_2,2092,0.6867584586143494,True,keep,non_random_source=replacement,,
Batch01,20231017-0130-01b5-a24c-eefa96473598,Batch01/20231017-0130-01b5-a24c-eefa96473598/20231017-0130-01b5-a24c-eefa96473598_f88758ca-0fb0-4347-9433-985b6c6a3a18_3分.jpg,20231017-0130-01b5-a24c-eefa96473598_f88758ca-0fb0-4347-9433-985b6c6a3a18_3分.jpg,diverse,cluster_6,3834,0.6305497288703918,True,keep,non_random_source=diverse,,
Batch01,20231025-0110-57b2-5fd7-e64e8a782916,Batch01/20231025-0110-57b2-5fd7-e64e8a782916/20231025-0110-57b2-5fd7-e64e8a782916_158041de-5d4c-4f26-8e00-6fd96f230801_4分.jpg,20231025-0110-57b2-5fd7-e64e8a782916_158041de-5d4c-4f26-8e00-6fd96f230801_4分.jpg,diverse,cluster_9,3636,0.6597111821174622,False,keep,non_random_source=diverse,,
Batch01,20231025-0110-57b2-5fd7-e64e8a782916,Batch01/20231025-0110-57b2-5fd7-e64e8a782916/20231025-0110-57b2-5fd7-e64e8a782916_1e1487c7-9ffa-452c-8dca-2f6f5a509ae6_10分.jpg,20231025-0110-57b2-5fd7-e64e8a782916_1e1487c7-9ffa-452c-8dca-2f6f5a509ae6_10分.jpg,hard,cluster_1,1389,0.6680214405059814,False,keep,non_random_source=hard,,
Batch01,20231025-0110-57b2-5fd7-e64e8a782916,Batch01/20231025-0110-57b2-5fd7-e64e8a782916/20231025-0110-57b2-5fd7-e64e8a782916_a8f8f0aa-ccb0-48aa-bfc1-5c887d5d1f4f_8分.jpg,20231025-0110-57b2-5fd7-e64e8a782916_a8f8f0aa-ccb0-48aa-bfc1-5c887d5d1f4f_8分.jpg,diverse,cluster_1,1389,0.662821352481842,False,keep,non_random_source=diverse,,
Batch01,20231025-0110-57b2-5fd7-e64e8a782916,Batch01/20231025-0110-57b2-5fd7-e64e8a782916/20231025-0110-57b2-5fd7-e64e8a782916_ca1d9d06-c57a-47fd-8663-4518ec2c7b55_10分.jpg,20231025-0110-57b2-5fd7-e64e8a782916_ca1d9d06-c57a-47fd-8663-4518ec2c7b55_10分.jpg,hard,cluster_1,1389,0.6925049424171448,False,keep,non_random_source=hard,,
Batch01,20231025-0336-4028-0ac4-4f2bf6409251,Batch01/20231025-0336-4028-0ac4-4f2bf6409251/20231025-0336-4028-0ac4-4f2bf6409251_007646ac-7b54-43e2-bf1c-012dc6033419_2分.jpg,20231025-0336-4028-0ac4-4f2bf6409251_007646ac-7b54-43e2-bf1c-012dc6033419_2分.jpg,replacement,cluster_2,2092,0.7836417555809021,True,keep,non_random_source=replacement,,
Batch01,20231025-0336-4028-0ac4-4f2bf6409251,Batch01/20231025-0336-4028-0ac4-4f2bf6409251/20231025-0336-4028-0ac4-4f2bf6409251_15f189d5-c0c8-4cc6-b3d8-747dc7689dc5_6分.jpg,20231025-0336-4028-0ac4-4f2bf6409251_15f189d5-c0c8-4cc6-b3d8-747dc7689dc5_6分.jpg,replacement,cluster_2,2092,0.7585058212280273,True,keep,non_random_source=replacement,,
Batch01,20231025-0336-4028-0ac4-4f2bf6409251,Batch01/20231025-0336-4028-0ac4-4f2bf6409251/20231025-0336-4028-0ac4-4f2bf6409251_168c2fd3-6437-4d84-8879-65fb5d07329a_6分.jpg,20231025-0336-4028-0ac4-4f2bf6409251_168c2fd3-6437-4d84-8879-65fb5d07329a_6分.jpg,diverse,cluster_2,2092,0.6089600324630737,True,keep,non_random_source=diverse,,
Batch01,20231025-0336-4028-0ac4-4f2bf6409251,Batch01/20231025-0336-4028-0ac4-4f2bf6409251/20231025-0336-4028-0ac4-4f2bf6409251_2c96bd9d-bc8f-460a-8abd-c92c7157fe70_4分.jpg,20231025-0336-4028-0ac4-4f2bf6409251_2c96bd9d-bc8f-460a-8abd-c92c7157fe70_4分.jpg,hard,cluster_5,2606,0.51082444190979,True,keep,non_random_source=hard,,
Batch01,20231025-0336-4028-0ac4-4f2bf6409251,Batch01/20231025-0336-4028-0ac4-4f2bf6409251/20231025-0336-4028-0ac4-4f2bf6409251_35308f9a-0e9a-41fe-917f-8891e41d8564_10分.jpg,20231025-0336-4028-0ac4-4f2bf6409251_35308f9a-0e9a-41fe-917f-8891e41d8564_10分.jpg,hard,cluster_2,2092,0.6526995897293091,True,keep,non_random_source=hard,,
Batch01,20231025-0336-4028-0ac4-4f2bf6409251,Batch01/20231025-0336-4028-0ac4-4f2bf6409251/20231025-0336-4028-0ac4-4f2bf6409251_39942599-d8c9-41ee-a082-97fe379e939c_12分.jpg,20231025-0336-4028-0ac4-4f2bf6409251_39942599-d8c9-41ee-a082-97fe379e939c_12分.jpg,replacement,cluster_2,2092,0.705707848072052,True,keep,non_random_source=replacement,,
Batch01,20231025-0336-4028-0ac4-4f2bf6409251,Batch01/20231025-0336-4028-0ac4-4f2bf6409251/20231025-0336-4028-0ac4-4f2bf6409251_c5e72bba-1ff3-4a12-8d74-0778d7077b67_12分.jpg,20231025-0336-4028-0ac4-4f2bf6409251_c5e72bba-1ff3-4a12-8d74-0778d7077b67_12分.jpg,replacement,cluster_2,2092,0.7959396839141846,True,keep,non_random_source=replacement,,
Batch01,20231025-0336-4028-0ac4-4f2bf6409251,Batch01/20231025-0336-4028-0ac4-4f2bf6409251/20231025-0336-4028-0ac4-4f2bf6409251_f58510da-e156-48d3-897a-74b6be900ff6_12分.jpg,20231025-0336-4028-0ac4-4f2bf6409251_f58510da-e156-48d3-897a-74b6be900ff6_12分.jpg,diverse,cluster_2,2092,0.7635539174079895,True,keep,non_random_source=diverse,,
Batch01,20231026-0253-38b8-003b-ae1ecf959563,Batch01/20231026-0253-38b8-003b-ae1ecf959563/20231026-0253-38b8-003b-ae1ecf959563_1e49c05f-a65f-4243-8251-c551ada132cb_6分.jpg,20231026-0253-38b8-003b-ae1ecf959563_1e49c05f-a65f-4243-8251-c551ada132cb_6分.jpg,diverse,cluster_1,1389,0.38218364119529724,False,keep,non_random_source=diverse,,
Batch01,20231026-0253-38b8-003b-ae1ecf959563,Batch01/20231026-0253-38b8-003b-ae1ecf959563/20231026-0253-38b8-003b-ae1ecf959563_242df9e8-2cc3-4dc3-8fc4-9346b4d99a17_5分.jpg,20231026-0253-38b8-003b-ae1ecf959563_242df9e8-2cc3-4dc3-8fc4-9346b4d99a17_5分.jpg,hard,cluster_8,2333,0.4551689922809601,False,keep,non_random_source=hard,,
Batch01,20231026-0253-38b8-003b-ae1ecf959563,Batch01/20231026-0253-38b8-003b-ae1ecf959563/20231026-0253-38b8-003b-ae1ecf959563_3b4ab821-f6c0-4f34-ae89-08f035d1b326_2分.jpg,20231026-0253-38b8-003b-ae1ecf959563_3b4ab821-f6c0-4f34-ae89-08f035d1b326_2分.jpg,diverse,cluster_4,3444,0.7475539445877075,False,keep,non_random_source=diverse,,
Batch01,20231026-0253-38b8-003b-ae1ecf959563,Batch01/20231026-0253-38b8-003b-ae1ecf959563/20231026-0253-38b8-003b-ae1ecf959563_e487aea0-8ca0-45f8-9955-2d3c1ebe33bf_5分.jpg,20231026-0253-38b8-003b-ae1ecf959563_e487aea0-8ca0-45f8-9955-2d3c1ebe33bf_5分.jpg,hard,cluster_8,2333,0.4900955855846405,False,keep,non_random_source=hard,,
Batch01,20231029-0503-5032-51e8-8827cf205680,Batch01/20231029-0503-5032-51e8-8827cf205680/20231029-0503-5032-51e8-8827cf205680_30d0ec1a-50fb-4300-a586-0e1e57675014_8分.jpg,20231029-0503-5032-51e8-8827cf205680_30d0ec1a-50fb-4300-a586-0e1e57675014_8分.jpg,replacement,cluster_9,3636,0.6636404991149902,True,keep,non_random_source=replacement,,
Batch01,20231029-0503-5032-51e8-8827cf205680,Batch01/20231029-0503-5032-51e8-8827cf205680/20231029-0503-5032-51e8-8827cf205680_874afe63-65b8-4290-9568-9c69298eba04_2分.jpg,20231029-0503-5032-51e8-8827cf205680_874afe63-65b8-4290-9568-9c69298eba04_2分.jpg,hard,cluster_1,1389,0.5846028327941895,True,keep,non_random_source=hard,,
Batch01,20231029-0503-5032-51e8-8827cf205680,Batch01/20231029-0503-5032-51e8-8827cf205680/20231029-0503-5032-51e8-8827cf205680_8a8562fa-fafa-4dc3-a2cb-9668d237c230_8分.jpg,20231029-0503-5032-51e8-8827cf205680_8a8562fa-fafa-4dc3-a2cb-9668d237c230_8分.jpg,replacement,cluster_9,3636,0.6803314089775085,True,keep,non_random_source=replacement,,
Batch01,20231029-0503-5032-51e8-8827cf205680,Batch01/20231029-0503-5032-51e8-8827cf205680/20231029-0503-5032-51e8-8827cf205680_8bbe5be7-6eac-4145-af34-59da898bfc54_6分.jpg,20231029-0503-5032-51e8-8827cf205680_8bbe5be7-6eac-4145-af34-59da898bfc54_6分.jpg,diverse,cluster_9,3636,0.6939593553543091,True,keep,non_random_source=diverse,,
Batch01,20231029-0503-5032-51e8-8827cf205680,Batch01/20231029-0503-5032-51e8-8827cf205680/20231029-0503-5032-51e8-8827cf205680_8f42a590-5b29-4739-af53-5c57ee0e6bbe_6分.jpg,20231029-0503-5032-51e8-8827cf205680_8f42a590-5b29-4739-af53-5c57ee0e6bbe_6分.jpg,hard,cluster_1,1389,0.6520845890045166,True,keep,non_random_source=hard,,
Batch01,20231029-0503-5032-51e8-8827cf205680,Batch01/20231029-0503-5032-51e8-8827cf205680/20231029-0503-5032-51e8-8827cf205680_ab789f7f-5503-47e4-a9bb-8775e9da072e_3分.jpg,20231029-0503-5032-51e8-8827cf205680_ab789f7f-5503-47e4-a9bb-8775e9da072e_3分.jpg,replacement,cluster_1,1389,0.7434967756271362,True,keep,non_random_source=replacement,,
Batch01,20231029-0503-5032-51e8-8827cf205680,Batch01/20231029-0503-5032-51e8-8827cf205680/20231029-0503-5032-51e8-8827cf205680_bdbd172b-1af0-4e7f-b836-b9cce01ad778_6分.jpg,20231029-0503-5032-51e8-8827cf205680_bdbd172b-1af0-4e7f-b836-b9cce01ad778_6分.jpg,replacement,cluster_1,1389,0.7785766124725342,True,keep,non_random_source=replacement,,
Batch01,20231029-0503-5032-51e8-8827cf205680,Batch01/20231029-0503-5032-51e8-8827cf205680/20231029-0503-5032-51e8-8827cf205680_f99a930d-f82c-4f49-9878-254213046a52_8分.jpg,20231029-0503-5032-51e8-8827cf205680_f99a930d-f82c-4f49-9878-254213046a52_8分.jpg,diverse,cluster_1,1389,0.7363682389259338,True,keep,non_random_source=diverse,,
Batch01,20231030-0713-4336-5802-771f83764357,Batch01/20231030-0713-4336-5802-771f83764357/20231030-0713-4336-5802-771f83764357_2a7e5271-da3a-4f75-b0ea-03c79ec16fd0_7分.jpg,20231030-0713-4336-5802-771f83764357_2a7e5271-da3a-4f75-b0ea-03c79ec16fd0_7分.jpg,replacement,cluster_1,1389,0.48932042717933655,True,keep,non_random_source=replacement,,
Batch01,20231030-0713-4336-5802-771f83764357,Batch01/20231030-0713-4336-5802-771f83764357/20231030-0713-4336-5802-771f83764357_3bd7a171-c84d-4e56-a96d-983cefaee109_4分.jpg,20231030-0713-4336-5802-771f83764357_3bd7a171-c84d-4e56-a96d-983cefaee109_4分.jpg,replacement,cluster_1,1389,0.5435802936553955,True,keep,non_random_source=replacement,,
Batch01,20231030-0713-4336-5802-771f83764357,Batch01/20231030-0713-4336-5802-771f83764357/20231030-0713-4336-5802-771f83764357_833eaa41-f901-4f1a-8d29-ef5eaee5d8d7_5分.jpg,20231030-0713-4336-5802-771f83764357_833eaa41-f901-4f1a-8d29-ef5eaee5d8d7_5分.jpg,replacement,cluster_9,3636,0.5228710770606995,True,keep,non_random_source=replacement,,
Batch01,20231030-0713-4336-5802-771f83764357,Batch01/20231030-0713-4336-5802-771f83764357/20231030-0713-4336-5802-771f83764357_8b085afb-a9b7-45c2-b6e3-d238e66f844b_12分.jpg,20231030-0713-4336-5802-771f83764357_8b085afb-a9b7-45c2-b6e3-d238e66f844b_12分.jpg,replacement,cluster_1,1389,0.5226241946220398,True,keep,non_random_source=replacement,,
Batch01,20231030-0713-4336-5802-771f83764357,Batch01/20231030-0713-4336-5802-771f83764357/20231030-0713-4336-5802-771f83764357_b22c46ed-915c-46e2-bdba-5450bfd9787e_7分.jpg,20231030-0713-4336-5802-771f83764357_b22c46ed-915c-46e2-bdba-5450bfd9787e_7分.jpg,hard,cluster_1,1389,0.5404176712036133,True,keep,non_random_source=hard,,
Batch01,20231030-0713-4336-5802-771f83764357,Batch01/20231030-0713-4336-5802-771f83764357/20231030-0713-4336-5802-771f83764357_b64201f2-50d9-4740-b026-220fefaf113c_11分.jpg,20231030-0713-4336-5802-771f83764357_b64201f2-50d9-4740-b026-220fefaf113c_11分.jpg,hard,cluster_1,1389,0.5206305384635925,True,keep,non_random_source=hard,,
Batch01,20231030-0713-4336-5802-771f83764357,Batch01/20231030-0713-4336-5802-771f83764357/20231030-0713-4336-5802-771f83764357_cb8a520e-5098-40bc-bc79-6a0bc9baa7b8_4分.jpg,20231030-0713-4336-5802-771f83764357_cb8a520e-5098-40bc-bc79-6a0bc9baa7b8_4分.jpg,diverse,cluster_1,1389,0.5665808320045471,True,keep,non_random_source=diverse,,
Batch01,20231030-0713-4336-5802-771f83764357,Batch01/20231030-0713-4336-5802-771f83764357/20231030-0713-4336-5802-771f83764357_f65ecb54-4a84-4655-a512-fbfbccc29964_4分.jpg,20231030-0713-4336-5802-771f83764357_f65ecb54-4a84-4655-a512-fbfbccc29964_4分.jpg,diverse,cluster_9,3636,0.6409574747085571,True,keep,non_random_source=diverse,,
Batch01,20231111-0334-45d3-339f-5d4aae988586,Batch01/20231111-0334-45d3-339f-5d4aae988586/20231111-0334-45d3-339f-5d4aae988586_5e60982c-718c-4ad1-90b9-7473bf87d666_8分.jpg,20231111-0334-45d3-339f-5d4aae988586_5e60982c-718c-4ad1-90b9-7473bf87d666_8分.jpg,diverse,cluster_12,4553,0.5236881375312805,False,keep,non_random_source=diverse,,
Batch01,20231111-0334-45d3-339f-5d4aae988586,Batch01/20231111-0334-45d3-339f-5d4aae988586/20231111-0334-45d3-339f-5d4aae988586_901e8bf2-d1d6-4c56-8d23-d9599289a151_4分.jpg,20231111-0334-45d3-339f-5d4aae988586_901e8bf2-d1d6-4c56-8d23-d9599289a151_4分.jpg,hard,cluster_12,4553,0.4638761281967163,False,keep,non_random_source=hard,,
Batch01,20231111-0334-45d3-339f-5d4aae988586,Batch01/20231111-0334-45d3-339f-5d4aae988586/20231111-0334-45d3-339f-5d4aae988586_aede076a-7fdc-4cf6-95c7-c6dc0fc7194a_4分.jpg,20231111-0334-45d3-339f-5d4aae988586_aede076a-7fdc-4cf6-95c7-c6dc0fc7194a_4分.jpg,diverse,cluster_3,2444,0.6759101152420044,False,keep,non_random_source=diverse,,
Batch01,20231111-0334-45d3-339f-5d4aae988586,Batch01/20231111-0334-45d3-339f-5d4aae988586/20231111-0334-45d3-339f-5d4aae988586_e3944857-7208-4e51-9ad3-76eccf8a7c44_8分.jpg,20231111-0334-45d3-339f-5d4aae988586_e3944857-7208-4e51-9ad3-76eccf8a7c44_8分.jpg,hard,cluster_12,4553,0.4773182272911072,False,keep,non_random_source=hard,,
Batch01,20231111-0340-0456-4348-ee2b0c818453,Batch01/20231111-0340-0456-4348-ee2b0c818453/20231111-0340-0456-4348-ee2b0c818453_34c529c2-a722-4249-97b4-6d9d15a258fb_6分.jpg,20231111-0340-0456-4348-ee2b0c818453_34c529c2-a722-4249-97b4-6d9d15a258fb_6分.jpg,diverse,cluster_4,3444,0.583547830581665,False,keep,non_random_source=diverse,,
Batch01,20231111-0340-0456-4348-ee2b0c818453,Batch01/20231111-0340-0456-4348-ee2b0c818453/20231111-0340-0456-4348-ee2b0c818453_4a472746-ebcd-4f3a-b01e-b08f3ff00b0c_5分.jpg,20231111-0340-0456-4348-ee2b0c818453_4a472746-ebcd-4f3a-b01e-b08f3ff00b0c_5分.jpg,hard,cluster_10,2055,0.444704532623291,False,keep,non_random_source=hard,,
Batch01,20231111-0340-0456-4348-ee2b0c818453,Batch01/20231111-0340-0456-4348-ee2b0c818453/20231111-0340-0456-4348-ee2b0c818453_6c14b751-3ebb-40aa-9da2-cd6e1af2eede_6分.jpg,20231111-0340-0456-4348-ee2b0c818453_6c14b751-3ebb-40aa-9da2-cd6e1af2eede_6分.jpg,diverse,cluster_5,2606,0.4515843987464905,False,keep,non_random_source=diverse,,
Batch01,20231111-0340-0456-4348-ee2b0c818453,Batch01/20231111-0340-0456-4348-ee2b0c818453/20231111-0340-0456-4348-ee2b0c818453_eb40a65c-33d2-4731-a6c4-66542e022910_7分.jpg,20231111-0340-0456-4348-ee2b0c818453_eb40a65c-33d2-4731-a6c4-66542e022910_7分.jpg,hard,cluster_5,2606,0.3937475085258484,False,keep,non_random_source=hard,,
Batch01,20231112-0458-5581-6875-e00846727645,Batch01/20231112-0458-5581-6875-e00846727645/20231112-0458-5581-6875-e00846727645_07053c12-e3e4-43e2-a4d4-328c0d94d8bc_3分.jpg,20231112-0458-5581-6875-e00846727645_07053c12-e3e4-43e2-a4d4-328c0d94d8bc_3分.jpg,replacement,cluster_7,2261,0.5701248049736023,True,keep,non_random_source=replacement,,
Batch01,20231112-0458-5581-6875-e00846727645,Batch01/20231112-0458-5581-6875-e00846727645/20231112-0458-5581-6875-e00846727645_0f9fafd1-2a5d-45ff-ae9d-6de7c6d19624_3分.jpg,20231112-0458-5581-6875-e00846727645_0f9fafd1-2a5d-45ff-ae9d-6de7c6d19624_3分.jpg,replacement,cluster_7,2261,0.5233705043792725,True,keep,non_random_source=replacement,,
Batch01,20231112-0458-5581-6875-e00846727645,Batch01/20231112-0458-5581-6875-e00846727645/20231112-0458-5581-6875-e00846727645_4db3ab81-765f-442e-946d-d907a6f2d4eb_2分.jpg,20231112-0458-5581-6875-e00846727645_4db3ab81-765f-442e-946d-d907a6f2d4eb_2分.jpg,replacement,cluster_9,3636,0.7671586275100708,True,keep,non_random_source=replacement,,
Batch01,20231112-0458-5581-6875-e00846727645,Batch01/20231112-0458-5581-6875-e00846727645/20231112-0458-5581-6875-e00846727645_61f64d34-90b5-41e2-ba81-06e07f691979_12分.jpg,20231112-0458-5581-6875-e00846727645_61f64d34-90b5-41e2-ba81-06e07f691979_12分.jpg,hard,cluster_12,4553,0.7840219140052795,True,keep,non_random_source=hard,,
Batch01,20231112-0458-5581-6875-e00846727645,Batch01/20231112-0458-5581-6875-e00846727645/20231112-0458-5581-6875-e00846727645_7bc6c3b9-7d73-4f3f-9aa8-857501d1f7a8_1分.jpg,20231112-0458-5581-6875-e00846727645_7bc6c3b9-7d73-4f3f-9aa8-857501d1f7a8_1分.jpg,replacement,cluster_9,3636,0.778700590133667,True,keep,non_random_source=replacement,,
Batch01,20231112-0458-5581-6875-e00846727645,Batch01/20231112-0458-5581-6875-e00846727645/20231112-0458-5581-6875-e00846727645_826e1ca9-1d77-46cc-8659-9434507885ac_12分.jpg,20231112-0458-5581-6875-e00846727645_826e1ca9-1d77-46cc-8659-9434507885ac_12分.jpg,diverse,cluster_12,4553,0.7662940621376038,True,keep,non_random_source=diverse,,
Batch01,20231112-0458-5581-6875-e00846727645,Batch01/20231112-0458-5581-6875-e00846727645/20231112-0458-5581-6875-e00846727645_c2de70bd-118e-4e8e-93d3-ba8fe29f6079_3分.jpg,20231112-0458-5581-6875-e00846727645_c2de70bd-118e-4e8e-93d3-ba8fe29f6079_3分.jpg,diverse,cluster_9,3636,0.7666690945625305,True,keep,non_random_source=diverse,,
Batch01,20231112-0458-5581-6875-e00846727645,Batch01/20231112-0458-5581-6875-e00846727645/20231112-0458-5581-6875-e00846727645_cc319237-cecf-434b-8d7e-5144d6910a08_7分.jpg,20231112-0458-5581-6875-e00846727645_cc319237-cecf-434b-8d7e-5144d6910a08_7分.jpg,hard,cluster_12,4553,0.6875305771827698,True,keep,non_random_source=hard,,
Batch01,20231114-0147-09d6-3d33-b1e7ec699247,Batch01/20231114-0147-09d6-3d33-b1e7ec699247/20231114-0147-09d6-3d33-b1e7ec699247_29dbb98a-a82e-49f4-8557-1a0f8ef6dd3c_1分.jpg,20231114-0147-09d6-3d33-b1e7ec699247_29dbb98a-a82e-49f4-8557-1a0f8ef6dd3c_1分.jpg,replacement,cluster_3,2444,0.7513909935951233,True,keep,non_random_source=replacement,,
Batch01,20231114-0147-09d6-3d33-b1e7ec699247,Batch01/20231114-0147-09d6-3d33-b1e7ec699247/20231114-0147-09d6-3d33-b1e7ec699247_46a97626-4aff-4cb3-93e7-0f9d50c58866_5分.jpg,20231114-0147-09d6-3d33-b1e7ec699247_46a97626-4aff-4cb3-93e7-0f9d50c58866_5分.jpg,diverse,cluster_0,2169,0.5959880352020264,True,keep,non_random_source=diverse,,
Batch01,20231114-0147-09d6-3d33-b1e7ec699247,Batch01/20231114-0147-09d6-3d33-b1e7ec699247/20231114-0147-09d6-3d33-b1e7ec699247_7cdc6df6-8948-4d0d-b8c7-68c4430885bf_4分.jpg,20231114-0147-09d6-3d33-b1e7ec699247_7cdc6df6-8948-4d0d-b8c7-68c4430885bf_4分.jpg,replacement,cluster_3,2444,0.7526718378067017,True,keep,non_random_source=replacement,,
Batch01,20231114-0147-09d6-3d33-b1e7ec699247,Batch01/20231114-0147-09d6-3d33-b1e7ec699247/20231114-0147-09d6-3d33-b1e7ec699247_7ce547c7-dfa8-4385-8d37-ab96348633b9_12分.jpg,20231114-0147-09d6-3d33-b1e7ec699247_7ce547c7-dfa8-4385-8d37-ab96348633b9_12分.jpg,hard,cluster_0,2169,0.7040149569511414,True,keep,non_random_source=hard,,
Batch01,20231114-0147-09d6-3d33-b1e7ec699247,Batch01/20231114-0147-09d6-3d33-b1e7ec699247/20231114-0147-09d6-3d33-b1e7ec699247_a12a87c5-feba-4b0b-b01f-ee11342ee9e4_5分.jpg,20231114-0147-09d6-3d33-b1e7ec699247_a12a87c5-feba-4b0b-b01f-ee11342ee9e4_5分.jpg,hard,cluster_0,2169,0.6969826221466064,True,keep,non_random_source=hard,,
Batch01,20231114-0147-09d6-3d33-b1e7ec699247,Batch01/20231114-0147-09d6-3d33-b1e7ec699247/20231114-0147-09d6-3d33-b1e7ec699247_b779d607-c80e-4b84-9234-418f5c849925_2分.jpg,20231114-0147-09d6-3d33-b1e7ec699247_b779d607-c80e-4b84-9234-418f5c849925_2分.jpg,diverse,cluster_3,2444,0.7328764200210571,True,keep,non_random_source=diverse,,
Batch01,20231114-0147-09d6-3d33-b1e7ec699247,Batch01/20231114-0147-09d6-3d33-b1e7ec699247/20231114-0147-09d6-3d33-b1e7ec699247_da83db98-7be0-4ec6-86b7-e5bb4babcc9b_5分.jpg,20231114-0147-09d6-3d33-b1e7ec699247_da83db98-7be0-4ec6-86b7-e5bb4babcc9b_5分.jpg,replacement,cluster_0,2169,0.41236612200737,True,keep,non_random_source=replacement,,
Batch01,20231114-0147-09d6-3d33-b1e7ec699247,Batch01/20231114-0147-09d6-3d33-b1e7ec699247/20231114-0147-09d6-3d33-b1e7ec699247_e79a0f44-ef16-4ed5-b019-124d833b0406_5分.jpg,20231114-0147-09d6-3d33-b1e7ec699247_e79a0f44-ef16-4ed5-b019-124d833b0406_5分.jpg,replacement,cluster_3,2444,0.7532476782798767,True,keep,non_random_source=replacement,,
Batch01,20231119-0345-2894-6d5a-236859098761,Batch01/20231119-0345-2894-6d5a-236859098761/20231119-0345-2894-6d5a-236859098761_482b3cec-33f9-4df1-8791-9bd2f0bbd5a3_12分.jpg,20231119-0345-2894-6d5a-236859098761_482b3cec-33f9-4df1-8791-9bd2f0bbd5a3_12分.jpg,hard,cluster_6,3834,0.8352380990982056,True,keep,non_random_source=hard,,
Batch01,20231119-0345-2894-6d5a-236859098761,Batch01/20231119-0345-2894-6d5a-236859098761/20231119-0345-2894-6d5a-236859098761_70819bc0-83c3-44fa-94c0-10c6f0995e4a_12分.jpg,20231119-0345-2894-6d5a-236859098761_70819bc0-83c3-44fa-94c0-10c6f0995e4a_12分.jpg,hard,cluster_6,3834,0.8582842946052551,True,keep,non_random_source=hard,,
Batch01,20231119-0345-2894-6d5a-236859098761,Batch01/20231119-0345-2894-6d5a-236859098761/20231119-0345-2894-6d5a-236859098761_7b4d2214-8f62-4a4b-b814-ae889e8de213_3分.jpg,20231119-0345-2894-6d5a-236859098761_7b4d2214-8f62-4a4b-b814-ae889e8de213_3分.jpg,replacement,cluster_6,3834,0.7819786071777344,True,keep,non_random_source=replacement,,
Batch01,20231119-0345-2894-6d5a-236859098761,Batch01/20231119-0345-2894-6d5a-236859098761/20231119-0345-2894-6d5a-236859098761_96b3e53e-2534-4220-b84e-5b7f6c023eef_2分.jpg,20231119-0345-2894-6d5a-236859098761_96b3e53e-2534-4220-b84e-5b7f6c023eef_2分.jpg,diverse,cluster_2,2092,0.7759267687797546,True,keep,non_random_source=diverse,,
Batch01,20231119-0345-2894-6d5a-236859098761,Batch01/20231119-0345-2894-6d5a-236859098761/20231119-0345-2894-6d5a-236859098761_b7aa88df-211d-4aae-93fa-2809405a66b9_2分.jpg,20231119-0345-2894-6d5a-236859098761_b7aa88df-211d-4aae-93fa-2809405a66b9_2分.jpg,replacement,cluster_2,2092,0.8400595784187317,True,keep,non_random_source=replacement,,
Batch01,20231119-0345-2894-6d5a-236859098761,Batch01/20231119-0345-2894-6d5a-236859098761/20231119-0345-2894-6d5a-236859098761_c62d86ed-a8d2-4e34-92bc-e95f09bdc69a_7分.jpg,20231119-0345-2894-6d5a-236859098761_c62d86ed-a8d2-4e34-92bc-e95f09bdc69a_7分.jpg,replacement,cluster_6,3834,0.8764775395393372,True,keep,non_random_source=replacement,,
Batch01,20231119-0345-2894-6d5a-236859098761,Batch01/20231119-0345-2894-6d5a-236859098761/20231119-0345-2894-6d5a-236859098761_eb5b666d-9e30-44f3-ba4a-0ae42fc84225_3分.jpg,20231119-0345-2894-6d5a-236859098761_eb5b666d-9e30-44f3-ba4a-0ae42fc84225_3分.jpg,replacement,cluster_2,2092,0.6993387937545776,True,keep,non_random_source=replacement,,
Batch01,20231119-0345-2894-6d5a-236859098761,Batch01/20231119-0345-2894-6d5a-236859098761/20231119-0345-2894-6d5a-236859098761_f2f34fd6-813f-4709-b0ac-19ccc51fcca6_12分.jpg,20231119-0345-2894-6d5a-236859098761_f2f34fd6-813f-4709-b0ac-19ccc51fcca6_12分.jpg,diverse,cluster_6,3834,0.8724334836006165,True,keep,non_random_source=diverse,,
Batch01,20231120-0122-45d4-af92-a44d64336936,Batch01/20231120-0122-45d4-af92-a44d64336936/20231120-0122-45d4-af92-a44d64336936_1b07962d-80c5-4453-a79d-17d52966bc46_5分.jpg,20231120-0122-45d4-af92-a44d64336936_1b07962d-80c5-4453-a79d-17d52966bc46_5分.jpg,diverse,cluster_7,2261,0.5367260575294495,False,keep,non_random_source=diverse,,
Batch01,20231120-0122-45d4-af92-a44d64336936,Batch01/20231120-0122-45d4-af92-a44d64336936/20231120-0122-45d4-af92-a44d64336936_56237655-083a-4dc7-b8aa-361d5957618b_4分.jpg,20231120-0122-45d4-af92-a44d64336936_56237655-083a-4dc7-b8aa-361d5957618b_4分.jpg,hard,cluster_12,4553,0.5554695129394531,False,keep,non_random_source=hard,,
Batch01,20231120-0122-45d4-af92-a44d64336936,Batch01/20231120-0122-45d4-af92-a44d64336936/20231120-0122-45d4-af92-a44d64336936_b34b3e7b-3c62-44b5-aa47-a134de071c38_12分.jpg,20231120-0122-45d4-af92-a44d64336936_b34b3e7b-3c62-44b5-aa47-a134de071c38_12分.jpg,hard,cluster_12,4553,0.6022127270698547,False,keep,non_random_source=hard,,
Batch01,20231120-0122-45d4-af92-a44d64336936,Batch01/20231120-0122-45d4-af92-a44d64336936/20231120-0122-45d4-af92-a44d64336936_b684f285-e31a-4607-bada-7c1ad529fc4c_12分.jpg,20231120-0122-45d4-af92-a44d64336936_b684f285-e31a-4607-bada-7c1ad529fc4c_12分.jpg,diverse,cluster_12,4553,0.6160740256309509,False,keep,non_random_source=diverse,,
Batch01,20231120-0125-3299-92bf-645c70198824,Batch01/20231120-0125-3299-92bf-645c70198824/20231120-0125-3299-92bf-645c70198824_2991b79c-9bf1-4d30-80df-afd3c48db4e4_1分.jpg,20231120-0125-3299-92bf-645c70198824_2991b79c-9bf1-4d30-80df-afd3c48db4e4_1分.jpg,diverse,cluster_6,3834,0.8126413226127625,True,keep,non_random_source=diverse,,
Batch01,20231120-0125-3299-92bf-645c70198824,Batch01/20231120-0125-3299-92bf-645c70198824/20231120-0125-3299-92bf-645c70198824_424683d8-9414-4d7f-b02d-03556987962f_1分.jpg,20231120-0125-3299-92bf-645c70198824_424683d8-9414-4d7f-b02d-03556987962f_1分.jpg,hard,cluster_6,3834,0.7725037932395935,True,keep,non_random_source=hard,,
Batch01,20231120-0125-3299-92bf-645c70198824,Batch01/20231120-0125-3299-92bf-645c70198824/20231120-0125-3299-92bf-645c70198824_57abca36-16c5-4969-959b-88e28cd24530_1分.jpg,20231120-0125-3299-92bf-645c70198824_57abca36-16c5-4969-959b-88e28cd24530_1分.jpg,replacement,cluster_2,2092,0.7913766503334045,True,keep,non_random_source=replacement,,
Batch01,20231120-0125-3299-92bf-645c70198824,Batch01/20231120-0125-3299-92bf-645c70198824/20231120-0125-3299-92bf-645c70198824_63c112aa-1085-4c6a-bc19-0bed4c63f7fe_1分.jpg,20231120-0125-3299-92bf-645c70198824_63c112aa-1085-4c6a-bc19-0bed4c63f7fe_1分.jpg,replacement,cluster_2,2092,0.8103320002555847,True,keep,non_random_source=replacement,,
Batch01,20231120-0125-3299-92bf-645c70198824,Batch01/20231120-0125-3299-92bf-645c70198824/20231120-0125-3299-92bf-645c70198824_650b5e20-830c-4714-98c0-ebd5bce995aa_1分.jpg,20231120-0125-3299-92bf-645c70198824_650b5e20-830c-4714-98c0-ebd5bce995aa_1分.jpg,replacement,cluster_6,3834,0.818166971206665,True,keep,non_random_source=replacement,,
Batch01,20231120-0125-3299-92bf-645c70198824,Batch01/20231120-0125-3299-92bf-645c70198824/20231120-0125-3299-92bf-645c70198824_902793ca-7f68-482a-adba-c61855ea4bdf_1分.jpg,20231120-0125-3299-92bf-645c70198824_902793ca-7f68-482a-adba-c61855ea4bdf_1分.jpg,replacement,cluster_2,2092,0.8212022185325623,True,keep,non_random_source=replacement,,
Batch01,20231120-0125-3299-92bf-645c70198824,Batch01/20231120-0125-3299-92bf-645c70198824/20231120-0125-3299-92bf-645c70198824_b4f5ef4d-0b1f-4411-a53b-999d0bbdcb0f_1分.jpg,20231120-0125-3299-92bf-645c70198824_b4f5ef4d-0b1f-4411-a53b-999d0bbdcb0f_1分.jpg,hard,cluster_6,3834,0.7600834369659424,True,keep,non_random_source=hard,,
Batch01,20231120-0125-3299-92bf-645c70198824,Batch01/20231120-0125-3299-92bf-645c70198824/20231120-0125-3299-92bf-645c70198824_ba504bd8-6a04-4863-9407-dc25cac065c0_3分.jpg,20231120-0125-3299-92bf-645c70198824_ba504bd8-6a04-4863-9407-dc25cac065c0_3分.jpg,diverse,cluster_2,2092,0.8108195066452026,True,keep,non_random_source=diverse,,
Batch01,20231121-1532-081b-3ee7-19645c758844,Batch01/20231121-1532-081b-3ee7-19645c758844/20231121-1532-081b-3ee7-19645c758844_58e55ad3-9434-4475-ac05-5014010bebd1_11分.jpg,20231121-1532-081b-3ee7-19645c758844_58e55ad3-9434-4475-ac05-5014010bebd1_11分.jpg,diverse,cluster_8,2333,0.6338124871253967,False,keep,non_random_source=diverse,,
Batch01,20231121-1532-081b-3ee7-19645c758844,Batch01/20231121-1532-081b-3ee7-19645c758844/20231121-1532-081b-3ee7-19645c758844_aeea187f-ced9-4ebc-becf-93537459f60c_3分.jpg,20231121-1532-081b-3ee7-19645c758844_aeea187f-ced9-4ebc-becf-93537459f60c_3分.jpg,diverse,cluster_4,3444,0.7347733378410339,False,keep,non_random_source=diverse,,
Batch01,20231121-1532-081b-3ee7-19645c758844,Batch01/20231121-1532-081b-3ee7-19645c758844/20231121-1532-081b-3ee7-19645c758844_d5157826-fea2-4537-84ca-c2464566e325_8分.jpg,20231121-1532-081b-3ee7-19645c758844_d5157826-fea2-4537-84ca-c2464566e325_8分.jpg,hard,cluster_8,2333,0.38432300090789795,False,keep,non_random_source=hard,,
Batch01,20231121-1532-081b-3ee7-19645c758844,Batch01/20231121-1532-081b-3ee7-19645c758844/20231121-1532-081b-3ee7-19645c758844_faece838-844f-4bdc-9fdc-63c9bd506943_4分.jpg,20231121-1532-081b-3ee7-19645c758844_faece838-844f-4bdc-9fdc-63c9bd506943_4分.jpg,hard,cluster_8,2333,0.5092567801475525,False,keep,non_random_source=hard,,
Batch01,20231125-0932-0404-02aa-98949f775587,Batch01/20231125-0932-0404-02aa-98949f775587/20231125-0932-0404-02aa-98949f775587_0c719598-1b5e-4bae-8a46-596dcba0de03_3分.jpg,20231125-0932-0404-02aa-98949f775587_0c719598-1b5e-4bae-8a46-596dcba0de03_3分.jpg,diverse,cluster_7,2261,0.5447378754615784,True,keep,non_random_source=diverse,,
Batch01,20231125-0932-0404-02aa-98949f775587,Batch01/20231125-0932-0404-02aa-98949f775587/20231125-0932-0404-02aa-98949f775587_3165477b-a244-45e1-ac47-2a488192dd16_6分.jpg,20231125-0932-0404-02aa-98949f775587_3165477b-a244-45e1-ac47-2a488192dd16_6分.jpg,hard,cluster_12,4553,0.7415177822113037,True,keep,non_random_source=hard,,
Batch01,20231125-0932-0404-02aa-98949f775587,Batch01/20231125-0932-0404-02aa-98949f775587/20231125-0932-0404-02aa-98949f775587_7185bd5c-fe4a-4009-b90b-4a4659ccdf16_2分.jpg,20231125-0932-0404-02aa-98949f775587_7185bd5c-fe4a-4009-b90b-4a4659ccdf16_2分.jpg,replacement,cluster_12,4553,0.6538466215133667,True,keep,non_random_source=replacement,,
Batch01,20231125-0932-0404-02aa-98949f775587,Batch01/20231125-0932-0404-02aa-98949f775587/20231125-0932-0404-02aa-98949f775587_77be473a-e970-441e-af32-25944afc55c9_5分.jpg,20231125-0932-0404-02aa-98949f775587_77be473a-e970-441e-af32-25944afc55c9_5分.jpg,replacement,cluster_12,4553,0.446596622467041,True,keep,non_random_source=replacement,,
Batch01,20231125-0932-0404-02aa-98949f775587,Batch01/20231125-0932-0404-02aa-98949f775587/20231125-0932-0404-02aa-98949f775587_852417a3-9dca-49b2-b850-91749523c7f2_10分.jpg,20231125-0932-0404-02aa-98949f775587_852417a3-9dca-49b2-b850-91749523c7f2_10分.jpg,hard,cluster_12,4553,0.7208149433135986,True,keep,non_random_source=hard,,
Batch01,20231125-0932-0404-02aa-98949f775587,Batch01/20231125-0932-0404-02aa-98949f775587/20231125-0932-0404-02aa-98949f775587_8bef04ac-4258-4d54-96b2-abab676089a0_12分.jpg,20231125-0932-0404-02aa-98949f775587_8bef04ac-4258-4d54-96b2-abab676089a0_12分.jpg,replacement,cluster_12,4553,0.6790636777877808,True,keep,non_random_source=replacement,,
Batch01,20231125-0932-0404-02aa-98949f775587,Batch01/20231125-0932-0404-02aa-98949f775587/20231125-0932-0404-02aa-98949f775587_bb6a9666-857b-4648-9725-bd61f585f2d5_6分.jpg,20231125-0932-0404-02aa-98949f775587_bb6a9666-857b-4648-9725-bd61f585f2d5_6分.jpg,replacement,cluster_7,2261,0.47572779655456543,True,keep,non_random_source=replacement,,
Batch01,20231125-0932-0404-02aa-98949f775587,Batch01/20231125-0932-0404-02aa-98949f775587/20231125-0932-0404-02aa-98949f775587_eccbb98e-b8b7-4d0c-bbbf-9c77077687cc_8分.jpg,20231125-0932-0404-02aa-98949f775587_eccbb98e-b8b7-4d0c-bbbf-9c77077687cc_8分.jpg,diverse,cluster_12,4553,0.7160964608192444,True,keep,non_random_source=diverse,,
Batch01,20231127-0122-061b-b107-75200c968235,Batch01/20231127-0122-061b-b107-75200c968235/20231127-0122-061b-b107-75200c968235_220601ce-4fde-4aba-a800-9a9c936627b2_4分.jpg,20231127-0122-061b-b107-75200c968235_220601ce-4fde-4aba-a800-9a9c936627b2_4分.jpg,diverse,cluster_3,2444,0.6531599164009094,True,keep,non_random_source=diverse,,
Batch01,20231127-0122-061b-b107-75200c968235,Batch01/20231127-0122-061b-b107-75200c968235/20231127-0122-061b-b107-75200c968235_996eb6f0-4f8f-4642-89a2-e38680693ff0_6分.jpg,20231127-0122-061b-b107-75200c968235_996eb6f0-4f8f-4642-89a2-e38680693ff0_6分.jpg,replacement,cluster_0,2169,0.6579440832138062,True,keep,non_random_source=replacement,,
Batch01,20231127-0122-061b-b107-75200c968235,Batch01/20231127-0122-061b-b107-75200c968235/20231127-0122-061b-b107-75200c968235_ab29479b-1e12-4d1f-8309-2a63fb584b1d_6分.jpg,20231127-0122-061b-b107-75200c968235_ab29479b-1e12-4d1f-8309-2a63fb584b1d_6分.jpg,replacement,cluster_0,2169,0.4265953600406647,True,keep,non_random_source=replacement,,
Batch01,20231127-0122-061b-b107-75200c968235,Batch01/20231127-0122-061b-b107-75200c968235/20231127-0122-061b-b107-75200c968235_bdbc58fb-9b3c-47e2-b010-e11daec16f83_9分.jpg,20231127-0122-061b-b107-75200c968235_bdbc58fb-9b3c-47e2-b010-e11daec16f83_9分.jpg,diverse,cluster_0,2169,0.7465460300445557,True,keep,non_random_source=diverse,,
Batch01,20231127-0122-061b-b107-75200c968235,Batch01/20231127-0122-061b-b107-75200c968235/20231127-0122-061b-b107-75200c968235_bf1249ca-0691-4976-a0b9-abc7bd056d58_6分.jpg,20231127-0122-061b-b107-75200c968235_bf1249ca-0691-4976-a0b9-abc7bd056d58_6分.jpg,replacement,cluster_3,2444,0.7002168893814087,True,keep,non_random_source=replacement,,
Batch01,20231127-0122-061b-b107-75200c968235,Batch01/20231127-0122-061b-b107-75200c968235/20231127-0122-061b-b107-75200c968235_e3757368-01b7-4cfb-8fd8-3ec0cd766591_10分.jpg,20231127-0122-061b-b107-75200c968235_e3757368-01b7-4cfb-8fd8-3ec0cd766591_10分.jpg,hard,cluster_0,2169,0.7194644808769226,True,keep,non_random_source=hard,,
Batch01,20231127-0122-061b-b107-75200c968235,Batch01/20231127-0122-061b-b107-75200c968235/20231127-0122-061b-b107-75200c968235_e6f3de28-7eab-43ac-866e-b89df80160a4_4分.jpg,20231127-0122-061b-b107-75200c968235_e6f3de28-7eab-43ac-866e-b89df80160a4_4分.jpg,hard,cluster_0,2169,0.659759521484375,True,keep,non_random_source=hard,,
Batch01,20231127-0122-061b-b107-75200c968235,Batch01/20231127-0122-061b-b107-75200c968235/20231127-0122-061b-b107-75200c968235_f6089c5a-04af-4c86-bd9e-2e2406886278_4分.jpg,20231127-0122-061b-b107-75200c968235_f6089c5a-04af-4c86-bd9e-2e2406886278_4分.jpg,replacement,cluster_3,2444,0.6803202033042908,True,keep,non_random_source=replacement,,
Batch01,20231128-1111-10be-c248-ab482b066221,Batch01/20231128-1111-10be-c248-ab482b066221/20231128-1111-10be-c248-ab482b066221_31aeb41c-c862-42cc-9ca6-e9b2b0a69f97_8分.jpg,20231128-1111-10be-c248-ab482b066221_31aeb41c-c862-42cc-9ca6-e9b2b0a69f97_8分.jpg,diverse,cluster_5,2606,0.7706671357154846,True,keep,non_random_source=diverse,,
Batch01,20231128-1111-10be-c248-ab482b066221,Batch01/20231128-1111-10be-c248-ab482b066221/20231128-1111-10be-c248-ab482b066221_38002b4c-85ce-4982-9996-e9ca7f33329b_4分.jpg,20231128-1111-10be-c248-ab482b066221_38002b4c-85ce-4982-9996-e9ca7f33329b_4分.jpg,replacement,cluster_5,2606,0.6614025831222534,True,keep,non_random_source=replacement,,
Batch01,20231128-1111-10be-c248-ab482b066221,Batch01/20231128-1111-10be-c248-ab482b066221/20231128-1111-10be-c248-ab482b066221_90a02e12-2926-4de9-8acb-65e18d26efaa_2分.jpg,20231128-1111-10be-c248-ab482b066221_90a02e12-2926-4de9-8acb-65e18d26efaa_2分.jpg,hard,cluster_5,2606,0.7480844259262085,True,keep,non_random_source=hard,,
Batch01,20231128-1111-10be-c248-ab482b066221,Batch01/20231128-1111-10be-c248-ab482b066221/20231128-1111-10be-c248-ab482b066221_9c2e19b2-e940-4941-b112-35d391a4ae56_12分.jpg,20231128-1111-10be-c248-ab482b066221_9c2e19b2-e940-4941-b112-35d391a4ae56_12分.jpg,hard,cluster_5,2606,0.8010358810424805,True,keep,non_random_source=hard,,
Batch01,20231128-1111-10be-c248-ab482b066221,Batch01/20231128-1111-10be-c248-ab482b066221/20231128-1111-10be-c248-ab482b066221_a104af22-1872-4304-92de-4f4582f237e8_3分.jpg,20231128-1111-10be-c248-ab482b066221_a104af22-1872-4304-92de-4f4582f237e8_3分.jpg,replacement,cluster_2,2092,0.8507256507873535,True,keep,non_random_source=replacement,,
Batch01,20231128-1111-10be-c248-ab482b066221,Batch01/20231128-1111-10be-c248-ab482b066221/20231128-1111-10be-c248-ab482b066221_b79277fa-0cee-4ea5-9c6e-e6c172f683d8_4分.jpg,20231128-1111-10be-c248-ab482b066221_b79277fa-0cee-4ea5-9c6e-e6c172f683d8_4分.jpg,replacement,cluster_2,2092,0.7463841438293457,True,keep,non_random_source=replacement,,
Batch01,20231128-1111-10be-c248-ab482b066221,Batch01/20231128-1111-10be-c248-ab482b066221/20231128-1111-10be-c248-ab482b066221_cb52280e-4bb2-44e0-9381-fda9c67e5729_1分.jpg,20231128-1111-10be-c248-ab482b066221_cb52280e-4bb2-44e0-9381-fda9c67e5729_1分.jpg,diverse,cluster_2,2092,0.7257061004638672,True,keep,non_random_source=diverse,,
Batch01,20231128-1111-10be-c248-ab482b066221,Batch01/20231128-1111-10be-c248-ab482b066221/20231128-1111-10be-c248-ab482b066221_dff8f040-b03d-463a-bd34-702b928febc8_6分.jpg,20231128-1111-10be-c248-ab482b066221_dff8f040-b03d-463a-bd34-702b928febc8_6分.jpg,replacement,cluster_5,2606,0.6945792436599731,True,keep,non_random_source=replacement,,
Batch01,20231130-0215-4167-97c3-36404b885771,Batch01/20231130-0215-4167-97c3-36404b885771/20231130-0215-4167-97c3-36404b885771_14f20ecc-7203-4f8b-b15b-fdf7caa09e65_2分.jpg,20231130-0215-4167-97c3-36404b885771_14f20ecc-7203-4f8b-b15b-fdf7caa09e65_2分.jpg,diverse,cluster_9,3636,0.62239670753479,False,keep,non_random_source=diverse,,
Batch01,20231130-0215-4167-97c3-36404b885771,Batch01/20231130-0215-4167-97c3-36404b885771/20231130-0215-4167-97c3-36404b885771_1d6643c8-9214-4b0a-8fd7-6ebe80683a12_4分.jpg,20231130-0215-4167-97c3-36404b885771_1d6643c8-9214-4b0a-8fd7-6ebe80683a12_4分.jpg,diverse,cluster_12,4553,0.572076141834259,False,keep,non_random_source=diverse,,
Batch01,20231130-0215-4167-97c3-36404b885771,Batch01/20231130-0215-4167-97c3-36404b885771/20231130-0215-4167-97c3-36404b885771_7576361a-ba1a-4ce4-ac64-a9225f4ad2dd_12分.jpg,20231130-0215-4167-97c3-36404b885771_7576361a-ba1a-4ce4-ac64-a9225f4ad2dd_12分.jpg,hard,cluster_12,4553,0.5420106053352356,False,keep,non_random_source=hard,,
Batch01,20231130-0215-4167-97c3-36404b885771,Batch01/20231130-0215-4167-97c3-36404b885771/20231130-0215-4167-97c3-36404b885771_79a6ee4e-5120-4ef2-8819-352137372a6f_7分.jpg,20231130-0215-4167-97c3-36404b885771_79a6ee4e-5120-4ef2-8819-352137372a6f_7分.jpg,hard,cluster_12,4553,0.6121903657913208,False,keep,non_random_source=hard,,
Batch01,20231205-0229-4877-9f8a-78fcb5217843,Batch01/20231205-0229-4877-9f8a-78fcb5217843/20231205-0229-4877-9f8a-78fcb5217843_02e677cf-c28d-42ca-ba36-aa8a0ea7e1a5_10分.jpg,20231205-0229-4877-9f8a-78fcb5217843_02e677cf-c28d-42ca-ba36-aa8a0ea7e1a5_10分.jpg,replacement,cluster_4,3444,0.3540534973144531,True,keep,non_random_source=replacement,,
Batch01,20231205-0229-4877-9f8a-78fcb5217843,Batch01/20231205-0229-4877-9f8a-78fcb5217843/20231205-0229-4877-9f8a-78fcb5217843_1df5f592-1bd6-4163-95d1-cdc5c574c8f1_10分.jpg,20231205-0229-4877-9f8a-78fcb5217843_1df5f592-1bd6-4163-95d1-cdc5c574c8f1_10分.jpg,hard,cluster_8,2333,0.41656288504600525,True,keep,non_random_source=hard,,
Batch01,20231205-0229-4877-9f8a-78fcb5217843,Batch01/20231205-0229-4877-9f8a-78fcb5217843/20231205-0229-4877-9f8a-78fcb5217843_4542b55a-d8c1-4fba-b6e0-17a5503e079b_10分.jpg,20231205-0229-4877-9f8a-78fcb5217843_4542b55a-d8c1-4fba-b6e0-17a5503e079b_10分.jpg,hard,cluster_8,2333,0.3368069529533386,True,keep,non_random_source=hard,,
Batch01,20231205-0229-4877-9f8a-78fcb5217843,Batch01/20231205-0229-4877-9f8a-78fcb5217843/20231205-0229-4877-9f8a-78fcb5217843_49268585-2282-4fbe-9ce5-10985687e347_1分.jpg,20231205-0229-4877-9f8a-78fcb5217843_49268585-2282-4fbe-9ce5-10985687e347_1分.jpg,diverse,cluster_4,3444,0.6162689924240112,True,keep,non_random_source=diverse,,
Batch01,20231205-0229-4877-9f8a-78fcb5217843,Batch01/20231205-0229-4877-9f8a-78fcb5217843/20231205-0229-4877-9f8a-78fcb5217843_8a6fa3c8-d652-40ed-bab9-bc1135c107f1_9分.jpg,20231205-0229-4877-9f8a-78fcb5217843_8a6fa3c8-d652-40ed-bab9-bc1135c107f1_9分.jpg,diverse,cluster_8,2333,0.45160847902297974,True,keep,non_random_source=diverse,,
Batch01,20231205-0229-4877-9f8a-78fcb5217843,Batch01/20231205-0229-4877-9f8a-78fcb5217843/20231205-0229-4877-9f8a-78fcb5217843_c24a320e-b4a2-40b7-8bd7-7354ce3be8a8_8分.jpg,20231205-0229-4877-9f8a-78fcb5217843_c24a320e-b4a2-40b7-8bd7-7354ce3be8a8_8分.jpg,replacement,cluster_8,2333,0.453787624835968,True,keep,non_random_source=replacement,,
Batch01,20231205-0229-4877-9f8a-78fcb5217843,Batch01/20231205-0229-4877-9f8a-78fcb5217843/20231205-0229-4877-9f8a-78fcb5217843_dec2b064-f462-4c88-ae3a-c3b74dd8191a_7分.jpg,20231205-0229-4877-9f8a-78fcb5217843_dec2b064-f462-4c88-ae3a-c3b74dd8191a_7分.jpg,replacement,cluster_8,2333,0.45770812034606934,True,keep,non_random_source=replacement,,
Batch01,20231205-0229-4877-9f8a-78fcb5217843,Batch01/20231205-0229-4877-9f8a-78fcb5217843/20231205-0229-4877-9f8a-78fcb5217843_f7356da7-a27c-4505-b003-5506f22d2acc_4分.jpg,20231205-0229-4877-9f8a-78fcb5217843_f7356da7-a27c-4505-b003-5506f22d2acc_4分.jpg,replacement,cluster_4,3444,0.6065437197685242,True,keep,non_random_source=replacement,,
Batch01,20231205-1501-347c-f51f-da815a961649,Batch01/20231205-1501-347c-f51f-da815a961649/20231205-1501-347c-f51f-da815a961649_16e23dda-561e-43a3-9fbf-cf1944f38123_10分.jpg,20231205-1501-347c-f51f-da815a961649_16e23dda-561e-43a3-9fbf-cf1944f38123_10分.jpg,replacement,cluster_0,2169,0.6726049780845642,True,keep,non_random_source=replacement,,
Batch01,20231205-1501-347c-f51f-da815a961649,Batch01/20231205-1501-347c-f51f-da815a961649/20231205-1501-347c-f51f-da815a961649_80568a46-4a79-4b09-a9ae-17d172c57bb0_5分.jpg,20231205-1501-347c-f51f-da815a961649_80568a46-4a79-4b09-a9ae-17d172c57bb0_5分.jpg,replacement,cluster_3,2444,0.7638453245162964,True,keep,non_random_source=replacement,,
Batch01,20231205-1501-347c-f51f-da815a961649,Batch01/20231205-1501-347c-f51f-da815a961649/20231205-1501-347c-f51f-da815a961649_88c6b0b0-82ec-49df-b8fb-fa2645ffb258_4分.jpg,20231205-1501-347c-f51f-da815a961649_88c6b0b0-82ec-49df-b8fb-fa2645ffb258_4分.jpg,diverse,cluster_3,2444,0.7743258476257324,True,keep,non_random_source=diverse,,
Batch01,20231205-1501-347c-f51f-da815a961649,Batch01/20231205-1501-347c-f51f-da815a961649/20231205-1501-347c-f51f-da815a961649_8aaad209-e98c-4262-902b-b63bb0ea2d21_7分.jpg,20231205-1501-347c-f51f-da815a961649_8aaad209-e98c-4262-902b-b63bb0ea2d21_7分.jpg,replacement,cluster_0,2169,0.6369122266769409,True,keep,non_random_source=replacement,,
Batch01,20231205-1501-347c-f51f-da815a961649,Batch01/20231205-1501-347c-f51f-da815a961649/20231205-1501-347c-f51f-da815a961649_92430c7f-0f29-4bb5-8a55-4e2ccaba1f05_7分.jpg,20231205-1501-347c-f51f-da815a961649_92430c7f-0f29-4bb5-8a55-4e2ccaba1f05_7分.jpg,hard,cluster_0,2169,0.7313762307167053,True,keep,non_random_source=hard,,
Batch01,20231205-1501-347c-f51f-da815a961649,Batch01/20231205-1501-347c-f51f-da815a961649/20231205-1501-347c-f51f-da815a961649_c01bdde4-68bd-47e8-8019-94443859911b_8分.jpg,20231205-1501-347c-f51f-da815a961649_c01bdde4-68bd-47e8-8019-94443859911b_8分.jpg,hard,cluster_0,2169,0.6419935822486877,True,keep,non_random_source=hard,,
Batch01,20231205-1501-347c-f51f-da815a961649,Batch01/20231205-1501-347c-f51f-da815a961649/20231205-1501-347c-f51f-da815a961649_c5ecebbf-1e44-440c-b7b5-d26fa77ef386_8分.jpg,20231205-1501-347c-f51f-da815a961649_c5ecebbf-1e44-440c-b7b5-d26fa77ef386_8分.jpg,diverse,cluster_0,2169,0.736886739730835,True,keep,non_random_source=diverse,,
Batch01,20231205-1501-347c-f51f-da815a961649,Batch01/20231205-1501-347c-f51f-da815a961649/20231205-1501-347c-f51f-da815a961649_fc3af743-7a39-483c-adf7-467db9ee9e32_5分.jpg,20231205-1501-347c-f51f-da815a961649_fc3af743-7a39-483c-adf7-467db9ee9e32_5分.jpg,replacement,cluster_3,2444,0.6965363025665283,True,keep,non_random_source=replacement,,
Batch01,20231207-0644-316b-2102-5e6504528643,Batch01/20231207-0644-316b-2102-5e6504528643/20231207-0644-316b-2102-5e6504528643_090185f2-7651-4903-a42c-e553b4375b49_10分.jpg,20231207-0644-316b-2102-5e6504528643_090185f2-7651-4903-a42c-e553b4375b49_10分.jpg,replacement,cluster_10,2055,0.6516385674476624,True,keep,non_random_source=replacement,,
Batch01,20231207-0644-316b-2102-5e6504528643,Batch01/20231207-0644-316b-2102-5e6504528643/20231207-0644-316b-2102-5e6504528643_469e1182-884d-47f5-88d0-11a5794ab8a3_4分.jpg,20231207-0644-316b-2102-5e6504528643_469e1182-884d-47f5-88d0-11a5794ab8a3_4分.jpg,replacement,cluster_10,2055,0.6286267042160034,True,keep,non_random_source=replacement,,
Batch01,20231207-0644-316b-2102-5e6504528643,Batch01/20231207-0644-316b-2102-5e6504528643/20231207-0644-316b-2102-5e6504528643_5f5a7330-5516-4105-8a99-9590189d44aa_4分.jpg,20231207-0644-316b-2102-5e6504528643_5f5a7330-5516-4105-8a99-9590189d44aa_4分.jpg,replacement,cluster_10,2055,0.6455710530281067,True,keep,non_random_source=replacement,,
Batch01,20231207-0644-316b-2102-5e6504528643,Batch01/20231207-0644-316b-2102-5e6504528643/20231207-0644-316b-2102-5e6504528643_82a383dc-604d-48ce-a9a4-118424942435_7分.jpg,20231207-0644-316b-2102-5e6504528643_82a383dc-604d-48ce-a9a4-118424942435_7分.jpg,hard,cluster_10,2055,0.6740838885307312,True,keep,non_random_source=hard,,
Batch01,20231207-0644-316b-2102-5e6504528643,Batch01/20231207-0644-316b-2102-5e6504528643/20231207-0644-316b-2102-5e6504528643_8691f9ca-d92b-4e65-961d-e62508ea8a85_10分.jpg,20231207-0644-316b-2102-5e6504528643_8691f9ca-d92b-4e65-961d-e62508ea8a85_10分.jpg,hard,cluster_10,2055,0.5853926539421082,True,keep,non_random_source=hard,,
Batch01,20231207-0644-316b-2102-5e6504528643,Batch01/20231207-0644-316b-2102-5e6504528643/20231207-0644-316b-2102-5e6504528643_9ec61260-8ed9-4e26-bc85-a8ce0c700873_10分.jpg,20231207-0644-316b-2102-5e6504528643_9ec61260-8ed9-4e26-bc85-a8ce0c700873_10分.jpg,replacement,cluster_10,2055,0.5256305932998657,True,keep,non_random_source=replacement,,
Batch01,20231207-0644-316b-2102-5e6504528643,Batch01/20231207-0644-316b-2102-5e6504528643/20231207-0644-316b-2102-5e6504528643_c1b0e7fa-a00d-40b2-b6ff-fe1514dce3bc_4分.jpg,20231207-0644-316b-2102-5e6504528643_c1b0e7fa-a00d-40b2-b6ff-fe1514dce3bc_4分.jpg,diverse,cluster_10,2055,0.6241907477378845,True,keep,non_random_source=diverse,,
Batch01,20231207-0644-316b-2102-5e6504528643,Batch01/20231207-0644-316b-2102-5e6504528643/20231207-0644-316b-2102-5e6504528643_c2564c53-39e4-4d67-83a0-145ec3f65a99_1分.jpg,20231207-0644-316b-2102-5e6504528643_c2564c53-39e4-4d67-83a0-145ec3f65a99_1分.jpg,diverse,cluster_10,2055,0.34023523330688477,True,keep,non_random_source=diverse,,
Batch01,20231208-0742-371e-4285-1bfda0264246,Batch01/20231208-0742-371e-4285-1bfda0264246/20231208-0742-371e-4285-1bfda0264246_252142bb-f102-47d9-a81f-4452a89ef7f5_12分.jpg,20231208-0742-371e-4285-1bfda0264246_252142bb-f102-47d9-a81f-4452a89ef7f5_12分.jpg,diverse,cluster_6,3834,0.8205171227455139,True,keep,non_random_source=diverse,,
Batch01,20231208-0742-371e-4285-1bfda0264246,Batch01/20231208-0742-371e-4285-1bfda0264246/20231208-0742-371e-4285-1bfda0264246_30c16071-36ef-49d5-8fb8-2382ec889214_5分.jpg,20231208-0742-371e-4285-1bfda0264246_30c16071-36ef-49d5-8fb8-2382ec889214_5分.jpg,diverse,cluster_2,2092,0.7861403226852417,True,keep,non_random_source=diverse,,
Batch01,20231208-0742-371e-4285-1bfda0264246,Batch01/20231208-0742-371e-4285-1bfda0264246/20231208-0742-371e-4285-1bfda0264246_414b8410-0b0c-4def-9a78-3be72e583612_1分.jpg,20231208-0742-371e-4285-1bfda0264246_414b8410-0b0c-4def-9a78-3be72e583612_1分.jpg,replacement,cluster_2,2092,0.4987712800502777,True,keep,non_random_source=replacement,,
Batch01,20231208-0742-371e-4285-1bfda0264246,Batch01/20231208-0742-371e-4285-1bfda0264246/20231208-0742-371e-4285-1bfda0264246_b5647faa-e0fb-41dd-9071-4c8f47719688_2分.jpg,20231208-0742-371e-4285-1bfda0264246_b5647faa-e0fb-41dd-9071-4c8f47719688_2分.jpg,replacement,cluster_2,2092,0.8060380220413208,True,keep,non_random_source=replacement,,
Batch01,20231208-0742-371e-4285-1bfda0264246,Batch01/20231208-0742-371e-4285-1bfda0264246/20231208-0742-371e-4285-1bfda0264246_c6d4e98b-248f-46ad-804f-4eaf7c5dc65e_8分.jpg,20231208-0742-371e-4285-1bfda0264246_c6d4e98b-248f-46ad-804f-4eaf7c5dc65e_8分.jpg,replacement,cluster_6,3834,0.8153085112571716,True,keep,non_random_source=replacement,,
Batch01,20231208-0742-371e-4285-1bfda0264246,Batch01/20231208-0742-371e-4285-1bfda0264246/20231208-0742-371e-4285-1bfda0264246_d53a590e-9891-48df-a1cd-15581766ce02_12分.jpg,20231208-0742-371e-4285-1bfda0264246_d53a590e-9891-48df-a1cd-15581766ce02_12分.jpg,hard,cluster_6,3834,0.7903058528900146,True,keep,non_random_source=hard,,
Batch01,20231208-0742-371e-4285-1bfda0264246,Batch01/20231208-0742-371e-4285-1bfda0264246/20231208-0742-371e-4285-1bfda0264246_ebe35573-7075-4f3c-bf2c-372715a4023f_2分.jpg,20231208-0742-371e-4285-1bfda0264246_ebe35573-7075-4f3c-bf2c-372715a4023f_2分.jpg,replacement,cluster_6,3834,0.6387121677398682,True,keep,non_random_source=replacement,,
Batch01,20231208-0742-371e-4285-1bfda0264246,Batch01/20231208-0742-371e-4285-1bfda0264246/20231208-0742-371e-4285-1bfda0264246_fe99a8b8-122a-4a22-8770-e514c3e6eb9f_10分.jpg,20231208-0742-371e-4285-1bfda0264246_fe99a8b8-122a-4a22-8770-e514c3e6eb9f_10分.jpg,hard,cluster_6,3834,0.7981556057929993,True,keep,non_random_source=hard,,
Batch01,20231212-1120-210a-5156-527b68800424,Batch01/20231212-1120-210a-5156-527b68800424/20231212-1120-210a-5156-527b68800424_151790c4-8af3-4714-aa3b-449d5cfba710_12分.jpg,20231212-1120-210a-5156-527b68800424_151790c4-8af3-4714-aa3b-449d5cfba710_12分.jpg,replacement,cluster_0,2169,0.8053749203681946,True,keep,non_random_source=replacement,,
Batch01,20231212-1120-210a-5156-527b68800424,Batch01/20231212-1120-210a-5156-527b68800424/20231212-1120-210a-5156-527b68800424_2f6f8c40-3cdd-4a0b-a112-0604a25e362f_8分.jpg,20231212-1120-210a-5156-527b68800424_2f6f8c40-3cdd-4a0b-a112-0604a25e362f_8分.jpg,hard,cluster_0,2169,0.8014346957206726,True,keep,non_random_source=hard,,
Batch01,20231212-1120-210a-5156-527b68800424,Batch01/20231212-1120-210a-5156-527b68800424/20231212-1120-210a-5156-527b68800424_3c6615ee-82e5-46bb-a31e-aac81c6ac50f_7分.jpg,20231212-1120-210a-5156-527b68800424_3c6615ee-82e5-46bb-a31e-aac81c6ac50f_7分.jpg,replacement,cluster_0,2169,0.8298916816711426,True,keep,non_random_source=replacement,,
Batch01,20231212-1120-210a-5156-527b68800424,Batch01/20231212-1120-210a-5156-527b68800424/20231212-1120-210a-5156-527b68800424_40050076-ac44-403f-91eb-0be15e1a85b5_1分.jpg,20231212-1120-210a-5156-527b68800424_40050076-ac44-403f-91eb-0be15e1a85b5_1分.jpg,diverse,cluster_3,2444,0.5404722690582275,True,keep,non_random_source=diverse,,
Batch01,20231212-1120-210a-5156-527b68800424,Batch01/20231212-1120-210a-5156-527b68800424/20231212-1120-210a-5156-527b68800424_85dc4731-c570-4f7a-b67a-e93f78cb2270_1分.jpg,20231212-1120-210a-5156-527b68800424_85dc4731-c570-4f7a-b67a-e93f78cb2270_1分.jpg,replacement,cluster_3,2444,0.6798833608627319,True,keep,non_random_source=replacement,,
Batch01,20231212-1120-210a-5156-527b68800424,Batch01/20231212-1120-210a-5156-527b68800424/20231212-1120-210a-5156-527b68800424_a6e02a11-81d3-4d7f-add0-484131b57363_12分.jpg,20231212-1120-210a-5156-527b68800424_a6e02a11-81d3-4d7f-add0-484131b57363_12分.jpg,diverse,cluster_0,2169,0.7601161599159241,True,keep,non_random_source=diverse,,
Batch01,20231212-1120-210a-5156-527b68800424,Batch01/20231212-1120-210a-5156-527b68800424/20231212-1120-210a-5156-527b68800424_aba655f7-25f4-42e8-98d7-b84d36f5ef0d_12分.jpg,20231212-1120-210a-5156-527b68800424_aba655f7-25f4-42e8-98d7-b84d36f5ef0d_12分.jpg,hard,cluster_0,2169,0.7759460806846619,True,keep,non_random_source=hard,,
Batch01,20231212-1120-210a-5156-527b68800424,Batch01/20231212-1120-210a-5156-527b68800424/20231212-1120-210a-5156-527b68800424_bb63e902-1eba-4628-ac22-cce104b87331_6分.jpg,20231212-1120-210a-5156-527b68800424_bb63e902-1eba-4628-ac22-cce104b87331_6分.jpg,replacement,cluster_0,2169,0.7724589705467224,True,keep,non_random_source=replacement,,
Batch01,20231214-0338-2277-32c3-07db41860810,Batch01/20231214-0338-2277-32c3-07db41860810/20231214-0338-2277-32c3-07db41860810_72217459-c7c7-4dee-bc18-21bce786836f_1分.jpg,20231214-0338-2277-32c3-07db41860810_72217459-c7c7-4dee-bc18-21bce786836f_1分.jpg,diverse,cluster_9,3636,0.6644236445426941,False,keep,non_random_source=diverse,,
Batch01,20231214-0338-2277-32c3-07db41860810,Batch01/20231214-0338-2277-32c3-07db41860810/20231214-0338-2277-32c3-07db41860810_aa9028b7-c7fa-4346-b9a6-a5dedb60bfa1_10分.jpg,20231214-0338-2277-32c3-07db41860810_aa9028b7-c7fa-4346-b9a6-a5dedb60bfa1_10分.jpg,hard,cluster_12,4553,0.6638144254684448,False,keep,non_random_source=hard,,
Batch01,20231214-0338-2277-32c3-07db41860810,Batch01/20231214-0338-2277-32c3-07db41860810/20231214-0338-2277-32c3-07db41860810_b72377e7-9142-4edb-a73d-eeb6d5d0d332_6分.jpg,20231214-0338-2277-32c3-07db41860810_b72377e7-9142-4edb-a73d-eeb6d5d0d332_6分.jpg,diverse,cluster_12,4553,0.7569951415061951,False,keep,non_random_source=diverse,,
Batch01,20231214-0338-2277-32c3-07db41860810,Batch01/20231214-0338-2277-32c3-07db41860810/20231214-0338-2277-32c3-07db41860810_b7c1fb2d-fc45-4697-8303-c28d8c26c3f1_10分.jpg,20231214-0338-2277-32c3-07db41860810_b7c1fb2d-fc45-4697-8303-c28d8c26c3f1_10分.jpg,hard,cluster_12,4553,0.6567885875701904,False,keep,non_random_source=hard,,
Batch01,20231218-0741-365d-de78-625e63118266,Batch01/20231218-0741-365d-de78-625e63118266/20231218-0741-365d-de78-625e63118266_0c7eb6d2-004f-480a-b406-0024fa39a830_8分.jpg,20231218-0741-365d-de78-625e63118266_0c7eb6d2-004f-480a-b406-0024fa39a830_8分.jpg,hard,cluster_11,4191,0.5302205085754395,False,keep,non_random_source=hard,,
Batch01,20231218-0741-365d-de78-625e63118266,Batch01/20231218-0741-365d-de78-625e63118266/20231218-0741-365d-de78-625e63118266_2a3c03e5-b062-4c77-8323-f5c337f1fa1a_12分.jpg,20231218-0741-365d-de78-625e63118266_2a3c03e5-b062-4c77-8323-f5c337f1fa1a_12分.jpg,hard,cluster_12,4553,0.4097745716571808,False,keep,non_random_source=hard,,
Batch01,20231218-0741-365d-de78-625e63118266,Batch01/20231218-0741-365d-de78-625e63118266/20231218-0741-365d-de78-625e63118266_559b10bb-d268-43e9-852d-42d29dec9926_4分.jpg,20231218-0741-365d-de78-625e63118266_559b10bb-d268-43e9-852d-42d29dec9926_4分.jpg,diverse,cluster_7,2261,0.5753936171531677,False,keep,non_random_source=diverse,,
Batch01,20231218-0741-365d-de78-625e63118266,Batch01/20231218-0741-365d-de78-625e63118266/20231218-0741-365d-de78-625e63118266_b35ab7d0-adfd-463b-84d3-fee6bceb6502_12分.jpg,20231218-0741-365d-de78-625e63118266_b35ab7d0-adfd-463b-84d3-fee6bceb6502_12分.jpg,diverse,cluster_12,4553,0.4856717586517334,False,keep,non_random_source=diverse,,
Batch01,20231225-0234-4027-9b95-636a76761139,Batch01/20231225-0234-4027-9b95-636a76761139/20231225-0234-4027-9b95-636a76761139_363f13d2-ca69-46ed-8259-ebe0d40cb2cd_1分.jpg,20231225-0234-4027-9b95-636a76761139_363f13d2-ca69-46ed-8259-ebe0d40cb2cd_1分.jpg,hard,cluster_6,3834,0.7665147185325623,False,keep,non_random_source=hard,,
Batch01,20231225-0234-4027-9b95-636a76761139,Batch01/20231225-0234-4027-9b95-636a76761139/20231225-0234-4027-9b95-636a76761139_536f3811-63e4-47f4-b98c-1ae9af4070d9_8分.jpg,20231225-0234-4027-9b95-636a76761139_536f3811-63e4-47f4-b98c-1ae9af4070d9_8分.jpg,diverse,cluster_6,3834,0.7651107907295227,False,keep,non_random_source=diverse,,
Batch01,20231225-0234-4027-9b95-636a76761139,Batch01/20231225-0234-4027-9b95-636a76761139/20231225-0234-4027-9b95-636a76761139_54999db4-b885-4621-91ff-827184f76fe1_12分.jpg,20231225-0234-4027-9b95-636a76761139_54999db4-b885-4621-91ff-827184f76fe1_12分.jpg,hard,cluster_6,3834,0.808509349822998,False,keep,non_random_source=hard,,
Batch01,20231225-0234-4027-9b95-636a76761139,Batch01/20231225-0234-4027-9b95-636a76761139/20231225-0234-4027-9b95-636a76761139_ce406b69-2b2e-4b3d-a24e-6a5f896d14e3_6分.jpg,20231225-0234-4027-9b95-636a76761139_ce406b69-2b2e-4b3d-a24e-6a5f896d14e3_6分.jpg,diverse,cluster_2,2092,0.5607675313949585,False,keep,non_random_source=diverse,,
Batch01,20231225-0641-0984-ef8e-291ed5375413,Batch01/20231225-0641-0984-ef8e-291ed5375413/20231225-0641-0984-ef8e-291ed5375413_34c4305a-ce59-4464-a6a3-ce20493c109e_2分.jpg,20231225-0641-0984-ef8e-291ed5375413_34c4305a-ce59-4464-a6a3-ce20493c109e_2分.jpg,diverse,cluster_7,2261,0.39536052942276,True,keep,non_random_source=diverse,,
Batch01,20231225-0641-0984-ef8e-291ed5375413,Batch01/20231225-0641-0984-ef8e-291ed5375413/20231225-0641-0984-ef8e-291ed5375413_6c02740d-9f68-4fe6-b6ae-b3fe7d80dbcc_3分.jpg,20231225-0641-0984-ef8e-291ed5375413_6c02740d-9f68-4fe6-b6ae-b3fe7d80dbcc_3分.jpg,replacement,cluster_3,2444,0.46164053678512573,True,keep,non_random_source=replacement,,
Batch01,20231225-0641-0984-ef8e-291ed5375413,Batch01/20231225-0641-0984-ef8e-291ed5375413/20231225-0641-0984-ef8e-291ed5375413_7e7ca6d7-e162-43ab-82cf-6d0d2966b6d8_6分.jpg,20231225-0641-0984-ef8e-291ed5375413_7e7ca6d7-e162-43ab-82cf-6d0d2966b6d8_6分.jpg,replacement,cluster_0,2169,0.6240097880363464,True,keep,non_random_source=replacement,,
Batch01,20231225-0641-0984-ef8e-291ed5375413,Batch01/20231225-0641-0984-ef8e-291ed5375413/20231225-0641-0984-ef8e-291ed5375413_b9c8883c-72c9-455e-b63a-b2e7673f3bfb_7分.jpg,20231225-0641-0984-ef8e-291ed5375413_b9c8883c-72c9-455e-b63a-b2e7673f3bfb_7分.jpg,diverse,cluster_0,2169,0.6734249591827393,True,keep,non_random_source=diverse,,
Batch01,20231225-0641-0984-ef8e-291ed5375413,Batch01/20231225-0641-0984-ef8e-291ed5375413/20231225-0641-0984-ef8e-291ed5375413_c7130e10-add2-4cd5-80f8-4dca4cb9ed5d_7分.jpg,20231225-0641-0984-ef8e-291ed5375413_c7130e10-add2-4cd5-80f8-4dca4cb9ed5d_7分.jpg,hard,cluster_0,2169,0.6466447114944458,True,keep,non_random_source=hard,,
Batch01,20231225-0641-0984-ef8e-291ed5375413,Batch01/20231225-0641-0984-ef8e-291ed5375413/20231225-0641-0984-ef8e-291ed5375413_d4ba69de-f51b-4d32-85ea-39ee07254f29_10分.jpg,20231225-0641-0984-ef8e-291ed5375413_d4ba69de-f51b-4d32-85ea-39ee07254f29_10分.jpg,hard,cluster_12,4553,0.5972802042961121,True,keep,non_random_source=hard,,
Batch01,20231225-0641-0984-ef8e-291ed5375413,Batch01/20231225-0641-0984-ef8e-291ed5375413/20231225-0641-0984-ef8e-291ed5375413_dfef6b2e-cc2a-4faf-bef2-98175992e7c3_8分.jpg,20231225-0641-0984-ef8e-291ed5375413_dfef6b2e-cc2a-4faf-bef2-98175992e7c3_8分.jpg,replacement,cluster_3,2444,0.46370929479599,True,keep,non_random_source=replacement,,
Batch01,20231225-0641-0984-ef8e-291ed5375413,Batch01/20231225-0641-0984-ef8e-291ed5375413/20231225-0641-0984-ef8e-291ed5375413_f2c8d755-7dab-4421-91a2-dd0736e38b64_5分.jpg,20231225-0641-0984-ef8e-291ed5375413_f2c8d755-7dab-4421-91a2-dd0736e38b64_5分.jpg,replacement,cluster_0,2169,0.725924551486969,True,keep,non_random_source=replacement,,
Batch01,20231225-1132-338e-913e-9b5dc1007485,Batch01/20231225-1132-338e-913e-9b5dc1007485/20231225-1132-338e-913e-9b5dc1007485_031b3856-d37f-4024-b072-3a6c2d4f74cd_1分.jpg,20231225-1132-338e-913e-9b5dc1007485_031b3856-d37f-4024-b072-3a6c2d4f74cd_1分.jpg,hard,cluster_12,4553,0.6652235984802246,False,keep,non_random_source=hard,,
Batch01,20231225-1132-338e-913e-9b5dc1007485,Batch01/20231225-1132-338e-913e-9b5dc1007485/20231225-1132-338e-913e-9b5dc1007485_0fc96510-1017-4359-9737-27f34e6fa8a3_2分.jpg,20231225-1132-338e-913e-9b5dc1007485_0fc96510-1017-4359-9737-27f34e6fa8a3_2分.jpg,diverse,cluster_9,3636,0.6523416638374329,False,keep,non_random_source=diverse,,
Batch01,20231225-1132-338e-913e-9b5dc1007485,Batch01/20231225-1132-338e-913e-9b5dc1007485/20231225-1132-338e-913e-9b5dc1007485_3aa761b0-91f0-4e62-89c5-1be4ac1eb410_7分.jpg,20231225-1132-338e-913e-9b5dc1007485_3aa761b0-91f0-4e62-89c5-1be4ac1eb410_7分.jpg,diverse,cluster_12,4553,0.7443087697029114,False,keep,non_random_source=diverse,,
Batch01,20231225-1132-338e-913e-9b5dc1007485,Batch01/20231225-1132-338e-913e-9b5dc1007485/20231225-1132-338e-913e-9b5dc1007485_8d00f389-f4e3-4717-8df4-64a226ab7bcf_7分.jpg,20231225-1132-338e-913e-9b5dc1007485_8d00f389-f4e3-4717-8df4-64a226ab7bcf_7分.jpg,hard,cluster_12,4553,0.7375629544258118,False,keep,non_random_source=hard,,
Batch01,20231225-2354-0128-3f45-dd26ef682175,Batch01/20231225-2354-0128-3f45-dd26ef682175/20231225-2354-0128-3f45-dd26ef682175_0e75d780-107b-4a34-a677-081f1b5852b0_4分.jpg,20231225-2354-0128-3f45-dd26ef682175_0e75d780-107b-4a34-a677-081f1b5852b0_4分.jpg,diverse,cluster_9,3636,0.74211585521698,True,keep,non_random_source=diverse,,
Batch01,20231225-2354-0128-3f45-dd26ef682175,Batch01/20231225-2354-0128-3f45-dd26ef682175/20231225-2354-0128-3f45-dd26ef682175_35ad9cb7-8532-4fbf-a118-ed09a91642ab_8分.jpg,20231225-2354-0128-3f45-dd26ef682175_35ad9cb7-8532-4fbf-a118-ed09a91642ab_8分.jpg,diverse,cluster_12,4553,0.6500036716461182,True,keep,non_random_source=diverse,,
Batch01,20231225-2354-0128-3f45-dd26ef682175,Batch01/20231225-2354-0128-3f45-dd26ef682175/20231225-2354-0128-3f45-dd26ef682175_65e44016-2e75-4dbd-807a-86d5554f86cd_5分.jpg,20231225-2354-0128-3f45-dd26ef682175_65e44016-2e75-4dbd-807a-86d5554f86cd_5分.jpg,replacement,cluster_9,3636,0.764208197593689,True,keep,non_random_source=replacement,,
Batch01,20231225-2354-0128-3f45-dd26ef682175,Batch01/20231225-2354-0128-3f45-dd26ef682175/20231225-2354-0128-3f45-dd26ef682175_6aa62668-a958-4766-8ab7-59669046aebf_6分.jpg,20231225-2354-0128-3f45-dd26ef682175_6aa62668-a958-4766-8ab7-59669046aebf_6分.jpg,replacement,cluster_7,2261,0.44079530239105225,True,keep,non_random_source=replacement,,
Batch01,20231225-2354-0128-3f45-dd26ef682175,Batch01/20231225-2354-0128-3f45-dd26ef682175/20231225-2354-0128-3f45-dd26ef682175_8783164a-f5d2-454c-96db-aa362f100aa4_4分.jpg,20231225-2354-0128-3f45-dd26ef682175_8783164a-f5d2-454c-96db-aa362f100aa4_4分.jpg,hard,cluster_12,4553,0.579176664352417,True,keep,non_random_source=hard,,
Batch01,20231225-2354-0128-3f45-dd26ef682175,Batch01/20231225-2354-0128-3f45-dd26ef682175/20231225-2354-0128-3f45-dd26ef682175_9e4ba4f9-1bd1-4d52-8b43-4f1a98061c7d_4分.jpg,20231225-2354-0128-3f45-dd26ef682175_9e4ba4f9-1bd1-4d52-8b43-4f1a98061c7d_4分.jpg,replacement,cluster_12,4553,0.5407691597938538,True,keep,non_random_source=replacement,,
Batch01,20231225-2354-0128-3f45-dd26ef682175,Batch01/20231225-2354-0128-3f45-dd26ef682175/20231225-2354-0128-3f45-dd26ef682175_a42e729e-e0c7-45fe-a197-d25f6320f389_6分.jpg,20231225-2354-0128-3f45-dd26ef682175_a42e729e-e0c7-45fe-a197-d25f6320f389_6分.jpg,hard,cluster_12,4553,0.7013382911682129,True,keep,non_random_source=hard,,
Batch01,20231225-2354-0128-3f45-dd26ef682175,Batch01/20231225-2354-0128-3f45-dd26ef682175/20231225-2354-0128-3f45-dd26ef682175_b1a5fafe-7fa1-4b47-b1ee-02da12879429_2分.jpg,20231225-2354-0128-3f45-dd26ef682175_b1a5fafe-7fa1-4b47-b1ee-02da12879429_2分.jpg,replacement,cluster_9,3636,0.7398872971534729,True,keep,non_random_source=replacement,,
Batch01,20231226-1051-189b-f0f0-a4e5bb351310,Batch01/20231226-1051-189b-f0f0-a4e5bb351310/20231226-1051-189b-f0f0-a4e5bb351310_22e41647-bb49-4fe3-9a85-57d5d49c3eaf_1分.jpg,20231226-1051-189b-f0f0-a4e5bb351310_22e41647-bb49-4fe3-9a85-57d5d49c3eaf_1分.jpg,replacement,cluster_4,3444,0.59930020570755,True,keep,non_random_source=replacement,,
Batch01,20231226-1051-189b-f0f0-a4e5bb351310,Batch01/20231226-1051-189b-f0f0-a4e5bb351310/20231226-1051-189b-f0f0-a4e5bb351310_281eaa7f-de18-4db8-91fb-7b38a2a8b98c_10分.jpg,20231226-1051-189b-f0f0-a4e5bb351310_281eaa7f-de18-4db8-91fb-7b38a2a8b98c_10分.jpg,hard,cluster_10,2055,0.7990397214889526,True,keep,non_random_source=hard,,
Batch01,20231226-1051-189b-f0f0-a4e5bb351310,Batch01/20231226-1051-189b-f0f0-a4e5bb351310/20231226-1051-189b-f0f0-a4e5bb351310_5e4be1b5-3abc-46a4-954e-3050daa1a404_10分.jpg,20231226-1051-189b-f0f0-a4e5bb351310_5e4be1b5-3abc-46a4-954e-3050daa1a404_10分.jpg,replacement,cluster_10,2055,0.8260411024093628,True,keep,non_random_source=replacement,,
Batch01,20231226-1051-189b-f0f0-a4e5bb351310,Batch01/20231226-1051-189b-f0f0-a4e5bb351310/20231226-1051-189b-f0f0-a4e5bb351310_5faf5a4e-21b9-44fa-a964-197aac1b86be_12分.jpg,20231226-1051-189b-f0f0-a4e5bb351310_5faf5a4e-21b9-44fa-a964-197aac1b86be_12分.jpg,hard,cluster_10,2055,0.765487015247345,True,keep,non_random_source=hard,,
Batch01,20231226-1051-189b-f0f0-a4e5bb351310,Batch01/20231226-1051-189b-f0f0-a4e5bb351310/20231226-1051-189b-f0f0-a4e5bb351310_5fdf4770-b64c-4f51-bd17-88ee05efdeeb_12分.jpg,20231226-1051-189b-f0f0-a4e5bb351310_5fdf4770-b64c-4f51-bd17-88ee05efdeeb_12分.jpg,diverse,cluster_10,2055,0.811738908290863,True,keep,non_random_source=diverse,,
Batch01,20231226-1051-189b-f0f0-a4e5bb351310,Batch01/20231226-1051-189b-f0f0-a4e5bb351310/20231226-1051-189b-f0f0-a4e5bb351310_7dd6ffec-7906-40cb-8329-9d88cc96377f_4分.jpg,20231226-1051-189b-f0f0-a4e5bb351310_7dd6ffec-7906-40cb-8329-9d88cc96377f_4分.jpg,replacement,cluster_10,2055,0.8708623647689819,True,keep,non_random_source=replacement,,
Batch01,20231226-1051-189b-f0f0-a4e5bb351310,Batch01/20231226-1051-189b-f0f0-a4e5bb351310/20231226-1051-189b-f0f0-a4e5bb351310_8f3c7fc2-6a38-49cf-af2c-bddfee9405f4_1分.jpg,20231226-1051-189b-f0f0-a4e5bb351310_8f3c7fc2-6a38-49cf-af2c-bddfee9405f4_1分.jpg,diverse,cluster_4,3444,0.62513267993927,True,keep,non_random_source=diverse,,
Batch01,20231226-1051-189b-f0f0-a4e5bb351310,Batch01/20231226-1051-189b-f0f0-a4e5bb351310/20231226-1051-189b-f0f0-a4e5bb351310_f2ca9c71-13cd-4c75-8c24-33827e5339ad_4分.jpg,20231226-1051-189b-f0f0-a4e5bb351310_f2ca9c71-13cd-4c75-8c24-33827e5339ad_4分.jpg,replacement,cluster_4,3444,0.543024480342865,True,keep,non_random_source=replacement,,
Batch01,20231227-0150-137b-bd60-513cf3771089,Batch01/20231227-0150-137b-bd60-513cf3771089/20231227-0150-137b-bd60-513cf3771089_583c5098-eba4-4be4-8dc6-3d7c9f2c6c5c_4分.jpg,20231227-0150-137b-bd60-513cf3771089_583c5098-eba4-4be4-8dc6-3d7c9f2c6c5c_4分.jpg,replacement,cluster_4,3444,0.6029680371284485,True,keep,non_random_source=replacement,,
Batch01,20231227-0150-137b-bd60-513cf3771089,Batch01/20231227-0150-137b-bd60-513cf3771089/20231227-0150-137b-bd60-513cf3771089_9b08531c-eca0-4453-bea9-7d329bc01ba1_4分.jpg,20231227-0150-137b-bd60-513cf3771089_9b08531c-eca0-4453-bea9-7d329bc01ba1_4分.jpg,diverse,cluster_10,2055,0.7247567772865295,True,keep,non_random_source=diverse,,
Batch01,20231227-0150-137b-bd60-513cf3771089,Batch01/20231227-0150-137b-bd60-513cf3771089/20231227-0150-137b-bd60-513cf3771089_9b1205a0-75f4-4e6d-94e5-7617d50e7208_12分.jpg,20231227-0150-137b-bd60-513cf3771089_9b1205a0-75f4-4e6d-94e5-7617d50e7208_12分.jpg,replacement,cluster_10,2055,0.47999700903892517,True,keep,non_random_source=replacement,,
Batch01,20231227-0150-137b-bd60-513cf3771089,Batch01/20231227-0150-137b-bd60-513cf3771089/20231227-0150-137b-bd60-513cf3771089_b5eb9fab-a40f-46f7-9c97-fe3d70d81df6_1分.jpg,20231227-0150-137b-bd60-513cf3771089_b5eb9fab-a40f-46f7-9c97-fe3d70d81df6_1分.jpg,diverse,cluster_4,3444,0.7165572047233582,True,keep,non_random_source=diverse,,
Batch01,20231227-0150-137b-bd60-513cf3771089,Batch01/20231227-0150-137b-bd60-513cf3771089/20231227-0150-137b-bd60-513cf3771089_c037b384-fc41-4c3d-a63a-a74f64b8f234_3分.jpg,20231227-0150-137b-bd60-513cf3771089_c037b384-fc41-4c3d-a63a-a74f64b8f234_3分.jpg,replacement,cluster_4,3444,0.6357181072235107,True,keep,non_random_source=replacement,,
Batch01,20231227-0150-137b-bd60-513cf3771089,Batch01/20231227-0150-137b-bd60-513cf3771089/20231227-0150-137b-bd60-513cf3771089_d134f856-0b30-4bfd-b098-eb2144400ecb_6分.jpg,20231227-0150-137b-bd60-513cf3771089_d134f856-0b30-4bfd-b098-eb2144400ecb_6分.jpg,replacement,cluster_10,2055,0.6299806237220764,True,keep,non_random_source=replacement,,
Batch01,20231227-0150-137b-bd60-513cf3771089,Batch01/20231227-0150-137b-bd60-513cf3771089/20231227-0150-137b-bd60-513cf3771089_d189c302-a805-48a4-96bc-e056ecd215d8_3分.jpg,20231227-0150-137b-bd60-513cf3771089_d189c302-a805-48a4-96bc-e056ecd215d8_3分.jpg,hard,cluster_10,2055,0.5855603218078613,True,keep,non_random_source=hard,,
Batch01,20231227-0150-137b-bd60-513cf3771089,Batch01/20231227-0150-137b-bd60-513cf3771089/20231227-0150-137b-bd60-513cf3771089_d6720e93-5121-4195-8239-08c6ee129016_5分.jpg,20231227-0150-137b-bd60-513cf3771089_d6720e93-5121-4195-8239-08c6ee129016_5分.jpg,hard,cluster_10,2055,0.640515923500061,True,keep,non_random_source=hard,,
Batch01,20231227-0748-102b-34dd-f08402366800,Batch01/20231227-0748-102b-34dd-f08402366800/20231227-0748-102b-34dd-f08402366800_20b5c14b-bc0d-4c1b-9b3d-5bad2e22ba13_8分.jpg,20231227-0748-102b-34dd-f08402366800_20b5c14b-bc0d-4c1b-9b3d-5bad2e22ba13_8分.jpg,diverse,cluster_6,3834,0.7586250305175781,True,keep,non_random_source=diverse,,
Batch01,20231227-0748-102b-34dd-f08402366800,Batch01/20231227-0748-102b-34dd-f08402366800/20231227-0748-102b-34dd-f08402366800_65acd126-a7d4-477e-8dd8-d227bdea453e_4分.jpg,20231227-0748-102b-34dd-f08402366800_65acd126-a7d4-477e-8dd8-d227bdea453e_4分.jpg,replacement,cluster_6,3834,0.6334158182144165,True,keep,non_random_source=replacement,,
Batch01,20231227-0748-102b-34dd-f08402366800,Batch01/20231227-0748-102b-34dd-f08402366800/20231227-0748-102b-34dd-f08402366800_6de37041-4673-48ac-a7a5-056cd404c3ce_12分.jpg,20231227-0748-102b-34dd-f08402366800_6de37041-4673-48ac-a7a5-056cd404c3ce_12分.jpg,replacement,cluster_6,3834,0.6780316233634949,True,keep,non_random_source=replacement,,
Batch01,20231227-0748-102b-34dd-f08402366800,Batch01/20231227-0748-102b-34dd-f08402366800/20231227-0748-102b-34dd-f08402366800_85d46503-5808-49f6-ad3e-d2ab257a787f_12分.jpg,20231227-0748-102b-34dd-f08402366800_85d46503-5808-49f6-ad3e-d2ab257a787f_12分.jpg,replacement,cluster_6,3834,0.7291936874389648,True,keep,non_random_source=replacement,,
Batch01,20231227-0748-102b-34dd-f08402366800,Batch01/20231227-0748-102b-34dd-f08402366800/20231227-0748-102b-34dd-f08402366800_bb36e556-5afc-41fd-8b34-dab454ba8ec6_6分.jpg,20231227-0748-102b-34dd-f08402366800_bb36e556-5afc-41fd-8b34-dab454ba8ec6_6分.jpg,replacement,cluster_6,3834,0.5015254616737366,True,keep,non_random_source=replacement,,
Batch01,20231227-0748-102b-34dd-f08402366800,Batch01/20231227-0748-102b-34dd-f08402366800/20231227-0748-102b-34dd-f08402366800_be595183-4b6c-4bbe-b111-8c92e848146e_12分.jpg,20231227-0748-102b-34dd-f08402366800_be595183-4b6c-4bbe-b111-8c92e848146e_12分.jpg,hard,cluster_6,3834,0.7779515385627747,True,keep,non_random_source=hard,,
Batch01,20231227-0748-102b-34dd-f08402366800,Batch01/20231227-0748-102b-34dd-f08402366800/20231227-0748-102b-34dd-f08402366800_dcac46e2-129c-470c-965d-aea1919d9f48_4分.jpg,20231227-0748-102b-34dd-f08402366800_dcac46e2-129c-470c-965d-aea1919d9f48_4分.jpg,diverse,cluster_6,3834,0.6812746524810791,True,keep,non_random_source=diverse,,
Batch01,20231227-0748-102b-34dd-f08402366800,Batch01/20231227-0748-102b-34dd-f08402366800/20231227-0748-102b-34dd-f08402366800_f744a3ae-7e85-450c-b933-947cabcedd30_8分.jpg,20231227-0748-102b-34dd-f08402366800_f744a3ae-7e85-450c-b933-947cabcedd30_8分.jpg,hard,cluster_6,3834,0.7480093240737915,True,keep,non_random_source=hard,,
Batch01,20231229-0319-17b6-1c26-6d4fd0686454,Batch01/20231229-0319-17b6-1c26-6d4fd0686454/20231229-0319-17b6-1c26-6d4fd0686454_2defc94f-dddf-496f-a0df-6c70f103d395_6分.jpg,20231229-0319-17b6-1c26-6d4fd0686454_2defc94f-dddf-496f-a0df-6c70f103d395_6分.jpg,diverse,cluster_9,3636,0.7795936465263367,False,keep,non_random_source=diverse,,
Batch01,20231229-0319-17b6-1c26-6d4fd0686454,Batch01/20231229-0319-17b6-1c26-6d4fd0686454/20231229-0319-17b6-1c26-6d4fd0686454_a44a3cab-28e7-4ce3-96d7-3c75bff470b7_12分.jpg,20231229-0319-17b6-1c26-6d4fd0686454_a44a3cab-28e7-4ce3-96d7-3c75bff470b7_12分.jpg,hard,cluster_12,4553,0.7502584457397461,False,keep,non_random_source=hard,,
Batch01,20231229-0319-17b6-1c26-6d4fd0686454,Batch01/20231229-0319-17b6-1c26-6d4fd0686454/20231229-0319-17b6-1c26-6d4fd0686454_d3926e49-b53e-416a-bc18-65ba6fe6a4aa_12分.jpg,20231229-0319-17b6-1c26-6d4fd0686454_d3926e49-b53e-416a-bc18-65ba6fe6a4aa_12分.jpg,diverse,cluster_12,4553,0.7559084892272949,False,keep,non_random_source=diverse,,
Batch01,20231229-0319-17b6-1c26-6d4fd0686454,Batch01/20231229-0319-17b6-1c26-6d4fd0686454/20231229-0319-17b6-1c26-6d4fd0686454_f1db7594-d0c2-4aa4-b33f-c6629bd6366e_6分.jpg,20231229-0319-17b6-1c26-6d4fd0686454_f1db7594-d0c2-4aa4-b33f-c6629bd6366e_6分.jpg,hard,cluster_12,4553,0.7166436910629272,False,keep,non_random_source=hard,,
Batch01,20240102-0721-2177-3a5a-d03ba8192762,Batch01/20240102-0721-2177-3a5a-d03ba8192762/20240102-0721-2177-3a5a-d03ba8192762_04a89dca-6e5e-4279-b798-20238673de8a_8分.jpg,20240102-0721-2177-3a5a-d03ba8192762_04a89dca-6e5e-4279-b798-20238673de8a_8分.jpg,hard,cluster_6,3834,0.8542290925979614,True,keep,non_random_source=hard,,
Batch01,20240102-0721-2177-3a5a-d03ba8192762,Batch01/20240102-0721-2177-3a5a-d03ba8192762/20240102-0721-2177-3a5a-d03ba8192762_1482e240-8252-4e4c-8cf2-baf365dd440f_9分.jpg,20240102-0721-2177-3a5a-d03ba8192762_1482e240-8252-4e4c-8cf2-baf365dd440f_9分.jpg,diverse,cluster_6,3834,0.8414185047149658,True,keep,non_random_source=diverse,,
Batch01,20240102-0721-2177-3a5a-d03ba8192762,Batch01/20240102-0721-2177-3a5a-d03ba8192762/20240102-0721-2177-3a5a-d03ba8192762_56c115a7-43eb-43aa-b559-b302dc17dcd0_4分.jpg,20240102-0721-2177-3a5a-d03ba8192762_56c115a7-43eb-43aa-b559-b302dc17dcd0_4分.jpg,replacement,cluster_2,2092,0.8137983679771423,True,keep,non_random_source=replacement,,
Batch01,20240102-0721-2177-3a5a-d03ba8192762,Batch01/20240102-0721-2177-3a5a-d03ba8192762/20240102-0721-2177-3a5a-d03ba8192762_86011708-a2b9-448d-a961-8053942c03aa_3分.jpg,20240102-0721-2177-3a5a-d03ba8192762_86011708-a2b9-448d-a961-8053942c03aa_3分.jpg,replacement,cluster_6,3834,0.6702588796615601,True,keep,non_random_source=replacement,,
Batch01,20240102-0721-2177-3a5a-d03ba8192762,Batch01/20240102-0721-2177-3a5a-d03ba8192762/20240102-0721-2177-3a5a-d03ba8192762_9298eda9-81f7-4764-b34e-941d8b8ec6c9_2分.jpg,20240102-0721-2177-3a5a-d03ba8192762_9298eda9-81f7-4764-b34e-941d8b8ec6c9_2分.jpg,diverse,cluster_2,2092,0.775561511516571,True,keep,non_random_source=diverse,,
Batch01,20240102-0721-2177-3a5a-d03ba8192762,Batch01/20240102-0721-2177-3a5a-d03ba8192762/20240102-0721-2177-3a5a-d03ba8192762_961f808f-7a9b-489f-9419-f73f9de4f46a_10分.jpg,20240102-0721-2177-3a5a-d03ba8192762_961f808f-7a9b-489f-9419-f73f9de4f46a_10分.jpg,replacement,cluster_6,3834,0.7832505106925964,True,keep,non_random_source=replacement,,
Batch01,20240102-0721-2177-3a5a-d03ba8192762,Batch01/20240102-0721-2177-3a5a-d03ba8192762/20240102-0721-2177-3a5a-d03ba8192762_bf904037-e1b1-470b-8854-a49eb6bb9979_7分.jpg,20240102-0721-2177-3a5a-d03ba8192762_bf904037-e1b1-470b-8854-a49eb6bb9979_7分.jpg,hard,cluster_6,3834,0.8301467895507812,True,keep,non_random_source=hard,,
Batch01,20240102-0721-2177-3a5a-d03ba8192762,Batch01/20240102-0721-2177-3a5a-d03ba8192762/20240102-0721-2177-3a5a-d03ba8192762_e96f3db0-3f00-472e-ac7b-fe98eaadc152_7分.jpg,20240102-0721-2177-3a5a-d03ba8192762_e96f3db0-3f00-472e-ac7b-fe98eaadc152_7分.jpg,replacement,cluster_6,3834,0.8011749982833862,True,keep,non_random_source=replacement,,
Batch01,20240102-1250-120e-73c5-c67ce5672198,Batch01/20240102-1250-120e-73c5-c67ce5672198/20240102-1250-120e-73c5-c67ce5672198_11166a87-7602-4d07-a028-875c89276a9c_1分.jpg,20240102-1250-120e-73c5-c67ce5672198_11166a87-7602-4d07-a028-875c89276a9c_1分.jpg,replacement,cluster_3,2444,0.698236346244812,True,keep,non_random_source=replacement,,
Batch01,20240102-1250-120e-73c5-c67ce5672198,Batch01/20240102-1250-120e-73c5-c67ce5672198/20240102-1250-120e-73c5-c67ce5672198_225a2fb8-b121-4b93-a765-567386d47b2e_8分.jpg,20240102-1250-120e-73c5-c67ce5672198_225a2fb8-b121-4b93-a765-567386d47b2e_8分.jpg,replacement,cluster_0,2169,0.8048284649848938,True,keep,non_random_source=replacement,,
Batch01,20240102-1250-120e-73c5-c67ce5672198,Batch01/20240102-1250-120e-73c5-c67ce5672198/20240102-1250-120e-73c5-c67ce5672198_241d5cbf-db1d-4512-854f-d5559b545fc6_10分.jpg,20240102-1250-120e-73c5-c67ce5672198_241d5cbf-db1d-4512-854f-d5559b545fc6_10分.jpg,hard,cluster_0,2169,0.6808956861495972,True,keep,non_random_source=hard,,
Batch01,20240102-1250-120e-73c5-c67ce5672198,Batch01/20240102-1250-120e-73c5-c67ce5672198/20240102-1250-120e-73c5-c67ce5672198_2f2953bc-abcb-4fb6-a13a-803ce45e0965_5分.jpg,20240102-1250-120e-73c5-c67ce5672198_2f2953bc-abcb-4fb6-a13a-803ce45e0965_5分.jpg,replacement,cluster_0,2169,0.6974350810050964,True,keep,non_random_source=replacement,,
Batch01,20240102-1250-120e-73c5-c67ce5672198,Batch01/20240102-1250-120e-73c5-c67ce5672198/20240102-1250-120e-73c5-c67ce5672198_3ba6bc8d-af3c-4cf7-a8fc-24d0f090ad4a_1分.jpg,20240102-1250-120e-73c5-c67ce5672198_3ba6bc8d-af3c-4cf7-a8fc-24d0f090ad4a_1分.jpg,diverse,cluster_3,2444,0.8510609865188599,True,keep,non_random_source=diverse,,
Batch01,20240102-1250-120e-73c5-c67ce5672198,Batch01/20240102-1250-120e-73c5-c67ce5672198/20240102-1250-120e-73c5-c67ce5672198_3ca24b63-1c53-47f2-86b1-c74a8102780b_1分.jpg,20240102-1250-120e-73c5-c67ce5672198_3ca24b63-1c53-47f2-86b1-c74a8102780b_1分.jpg,replacement,cluster_3,2444,0.664975643157959,True,keep,non_random_source=replacement,,
Batch01,20240102-1250-120e-73c5-c67ce5672198,Batch01/20240102-1250-120e-73c5-c67ce5672198/20240102-1250-120e-73c5-c67ce5672198_8afc51a8-9635-4674-bddd-40b078767411_5分.jpg,20240102-1250-120e-73c5-c67ce5672198_8afc51a8-9635-4674-bddd-40b078767411_5分.jpg,diverse,cluster_0,2169,0.7700289487838745,True,keep,non_random_source=diverse,,
Batch01,20240102-1250-120e-73c5-c67ce5672198,Batch01/20240102-1250-120e-73c5-c67ce5672198/20240102-1250-120e-73c5-c67ce5672198_dbf2f9ee-4390-4803-980a-a44fc3dc486e_5分.jpg,20240102-1250-120e-73c5-c67ce5672198_dbf2f9ee-4390-4803-980a-a44fc3dc486e_5分.jpg,hard,cluster_0,2169,0.7119941711425781,True,keep,non_random_source=hard,,
Batch01,20240107-0503-47cb-d452-2a239a553311,Batch01/20240107-0503-47cb-d452-2a239a553311/20240107-0503-47cb-d452-2a239a553311_22988e43-3f18-44ae-aa89-fee1734cf095_2分.jpg,20240107-0503-47cb-d452-2a239a553311_22988e43-3f18-44ae-aa89-fee1734cf095_2分.jpg,hard,cluster_11,4191,0.429762601852417,False,keep,non_random_source=hard,,
Batch01,20240107-0503-47cb-d452-2a239a553311,Batch01/20240107-0503-47cb-d452-2a239a553311/20240107-0503-47cb-d452-2a239a553311_9f7ecc33-d2c3-4bf8-92d9-2ab5da83f68b_8分.jpg,20240107-0503-47cb-d452-2a239a553311_9f7ecc33-d2c3-4bf8-92d9-2ab5da83f68b_8分.jpg,diverse,cluster_9,3636,0.7489067912101746,False,keep,non_random_source=diverse,,
Batch01,20240107-0503-47cb-d452-2a239a553311,Batch01/20240107-0503-47cb-d452-2a239a553311/20240107-0503-47cb-d452-2a239a553311_eb218014-43bb-4cf5-8181-aa96da9ac5a8_10分.jpg,20240107-0503-47cb-d452-2a239a553311_eb218014-43bb-4cf5-8181-aa96da9ac5a8_10分.jpg,diverse,cluster_11,4191,0.4780983626842499,False,keep,non_random_source=diverse,,
Batch01,20240107-0503-47cb-d452-2a239a553311,Batch01/20240107-0503-47cb-d452-2a239a553311/20240107-0503-47cb-d452-2a239a553311_f25224c9-cacd-46db-b858-04feb765496f_8分.jpg,20240107-0503-47cb-d452-2a239a553311_f25224c9-cacd-46db-b858-04feb765496f_8分.jpg,hard,cluster_11,4191,0.5040091872215271,False,keep,non_random_source=hard,,
Batch01,20240108-0304-5458-b6c9-ec0c08384229,Batch01/20240108-0304-5458-b6c9-ec0c08384229/20240108-0304-5458-b6c9-ec0c08384229_0f6f6c8a-a955-4d89-97bd-97d0eed9816b_3分.jpg,20240108-0304-5458-b6c9-ec0c08384229_0f6f6c8a-a955-4d89-97bd-97d0eed9816b_3分.jpg,replacement,cluster_3,2444,0.6402567028999329,True,keep,non_random_source=replacement,,
Batch01,20240108-0304-5458-b6c9-ec0c08384229,Batch01/20240108-0304-5458-b6c9-ec0c08384229/20240108-0304-5458-b6c9-ec0c08384229_11633fc9-8429-4ab7-b2c7-cc57defd62ec_4分.jpg,20240108-0304-5458-b6c9-ec0c08384229_11633fc9-8429-4ab7-b2c7-cc57defd62ec_4分.jpg,diverse,cluster_3,2444,0.7075961232185364,True,keep,non_random_source=diverse,,
Batch01,20240108-0304-5458-b6c9-ec0c08384229,Batch01/20240108-0304-5458-b6c9-ec0c08384229/20240108-0304-5458-b6c9-ec0c08384229_3b04259a-8810-4802-9d75-26624894bf00_12分.jpg,20240108-0304-5458-b6c9-ec0c08384229_3b04259a-8810-4802-9d75-26624894bf00_12分.jpg,diverse,cluster_1,1389,0.390264093875885,True,keep,non_random_source=diverse,,
Batch01,20240108-0304-5458-b6c9-ec0c08384229,Batch01/20240108-0304-5458-b6c9-ec0c08384229/20240108-0304-5458-b6c9-ec0c08384229_58890192-aa78-4b68-a667-750f307ead8c_5分.jpg,20240108-0304-5458-b6c9-ec0c08384229_58890192-aa78-4b68-a667-750f307ead8c_5分.jpg,replacement,cluster_3,2444,0.7792962789535522,True,keep,non_random_source=replacement,,
Batch01,20240108-0304-5458-b6c9-ec0c08384229,Batch01/20240108-0304-5458-b6c9-ec0c08384229/20240108-0304-5458-b6c9-ec0c08384229_98f7a5b9-5e2c-4d4e-8d3e-9afdb032d58a_1分.jpg,20240108-0304-5458-b6c9-ec0c08384229_98f7a5b9-5e2c-4d4e-8d3e-9afdb032d58a_1分.jpg,hard,cluster_1,1389,0.4465375542640686,True,keep,non_random_source=hard,,
Batch01,20240108-0304-5458-b6c9-ec0c08384229,Batch01/20240108-0304-5458-b6c9-ec0c08384229/20240108-0304-5458-b6c9-ec0c08384229_b4363865-bd1d-4788-adf5-f443dab92d92_4分.jpg,20240108-0304-5458-b6c9-ec0c08384229_b4363865-bd1d-4788-adf5-f443dab92d92_4分.jpg,replacement,cluster_1,1389,0.4487154185771942,True,keep,non_random_source=replacement,,
Batch01,20240108-0304-5458-b6c9-ec0c08384229,Batch01/20240108-0304-5458-b6c9-ec0c08384229/20240108-0304-5458-b6c9-ec0c08384229_bf95d54d-af0d-4946-9844-278832ed4c6b_12分.jpg,20240108-0304-5458-b6c9-ec0c08384229_bf95d54d-af0d-4946-9844-278832ed4c6b_12分.jpg,replacement,cluster_1,1389,0.43219345808029175,True,keep,non_random_source=replacement,,
Batch01,20240108-0304-5458-b6c9-ec0c08384229,Batch01/20240108-0304-5458-b6c9-ec0c08384229/20240108-0304-5458-b6c9-ec0c08384229_c9dd4c88-ab33-4fce-b97b-72a3cf8622af_5分.jpg,20240108-0304-5458-b6c9-ec0c08384229_c9dd4c88-ab33-4fce-b97b-72a3cf8622af_5分.jpg,hard,cluster_0,2169,0.3708615303039551,True,keep,non_random_source=hard,,
Batch01,20240114-1304-2938-a0bd-189ac5244430,Batch01/20240114-1304-2938-a0bd-189ac5244430/20240114-1304-2938-a0bd-189ac5244430_7bf41575-c9a2-4336-8cfc-5c04440cfb8f_2分.jpg,20240114-1304-2938-a0bd-189ac5244430_7bf41575-c9a2-4336-8cfc-5c04440cfb8f_2分.jpg,diverse,cluster_4,3444,0.7307859659194946,True,keep,non_random_source=diverse,,
Batch01,20240114-1304-2938-a0bd-189ac5244430,Batch01/20240114-1304-2938-a0bd-189ac5244430/20240114-1304-2938-a0bd-189ac5244430_928e32c3-7846-47b7-a30b-335b793b2855_10分.jpg,20240114-1304-2938-a0bd-189ac5244430_928e32c3-7846-47b7-a30b-335b793b2855_10分.jpg,replacement,cluster_10,2055,0.46053916215896606,True,keep,non_random_source=replacement,,
Batch01,20240114-1304-2938-a0bd-189ac5244430,Batch01/20240114-1304-2938-a0bd-189ac5244430/20240114-1304-2938-a0bd-189ac5244430_9d8cfaaf-4d2b-41a5-96a7-1e8616e24e49_3分.jpg,20240114-1304-2938-a0bd-189ac5244430_9d8cfaaf-4d2b-41a5-96a7-1e8616e24e49_3分.jpg,hard,cluster_10,2055,0.6416923403739929,True,keep,non_random_source=hard,,
Batch01,20240114-1304-2938-a0bd-189ac5244430,Batch01/20240114-1304-2938-a0bd-189ac5244430/20240114-1304-2938-a0bd-189ac5244430_a89c5edb-e82a-451a-bd0f-29ec0d24ebd6_6分.jpg,20240114-1304-2938-a0bd-189ac5244430_a89c5edb-e82a-451a-bd0f-29ec0d24ebd6_6分.jpg,replacement,cluster_4,3444,0.6277028322219849,True,keep,non_random_source=replacement,,
Batch01,20240114-1304-2938-a0bd-189ac5244430,Batch01/20240114-1304-2938-a0bd-189ac5244430/20240114-1304-2938-a0bd-189ac5244430_cad0aee5-0721-45fb-a0cc-64f1ebc7068b_6分.jpg,20240114-1304-2938-a0bd-189ac5244430_cad0aee5-0721-45fb-a0cc-64f1ebc7068b_6分.jpg,replacement,cluster_10,2055,0.4267885982990265,True,keep,non_random_source=replacement,,
Batch01,20240114-1304-2938-a0bd-189ac5244430,Batch01/20240114-1304-2938-a0bd-189ac5244430/20240114-1304-2938-a0bd-189ac5244430_e6bfa96b-916c-4456-acd6-ffb87c04d05f_8分.jpg,20240114-1304-2938-a0bd-189ac5244430_e6bfa96b-916c-4456-acd6-ffb87c04d05f_8分.jpg,diverse,cluster_10,2055,0.5171734094619751,True,keep,non_random_source=diverse,,
Batch01,20240114-1304-2938-a0bd-189ac5244430,Batch01/20240114-1304-2938-a0bd-189ac5244430/20240114-1304-2938-a0bd-189ac5244430_f07f27bf-ba20-4b02-85d0-d1cb9b8be182_12分.jpg,20240114-1304-2938-a0bd-189ac5244430_f07f27bf-ba20-4b02-85d0-d1cb9b8be182_12分.jpg,hard,cluster_10,2055,0.518679141998291,True,keep,non_random_source=hard,,
Batch01,20240114-1304-2938-a0bd-189ac5244430,Batch01/20240114-1304-2938-a0bd-189ac5244430/20240114-1304-2938-a0bd-189ac5244430_f9f66a78-eff6-45e2-b42e-60d87ff3cb7a_4分.jpg,20240114-1304-2938-a0bd-189ac5244430_f9f66a78-eff6-45e2-b42e-60d87ff3cb7a_4分.jpg,replacement,cluster_4,3444,0.6163599491119385,True,keep,non_random_source=replacement,,
Batch01,20240126-0852-363c-e92a-bf40bf584458,Batch01/20240126-0852-363c-e92a-bf40bf584458/20240126-0852-363c-e92a-bf40bf584458_15682ace-80d8-4097-8950-1da24041e9af_7分.jpg,20240126-0852-363c-e92a-bf40bf584458_15682ace-80d8-4097-8950-1da24041e9af_7分.jpg,hard,cluster_1,1389,0.7129704356193542,False,keep,non_random_source=hard,,
Batch01,20240126-0852-363c-e92a-bf40bf584458,Batch01/20240126-0852-363c-e92a-bf40bf584458/20240126-0852-363c-e92a-bf40bf584458_2dc3008e-0888-4d86-a6ce-3fd776eb1726_12分.jpg,20240126-0852-363c-e92a-bf40bf584458_2dc3008e-0888-4d86-a6ce-3fd776eb1726_12分.jpg,hard,cluster_1,1389,0.6294347047805786,False,keep,non_random_source=hard,,
Batch01,20240126-0852-363c-e92a-bf40bf584458,Batch01/20240126-0852-363c-e92a-bf40bf584458/20240126-0852-363c-e92a-bf40bf584458_361eb277-998d-494e-a29d-7d379a2b1995_2分.jpg,20240126-0852-363c-e92a-bf40bf584458_361eb277-998d-494e-a29d-7d379a2b1995_2分.jpg,diverse,cluster_9,3636,0.7405917644500732,False,keep,non_random_source=diverse,,
Batch01,20240126-0852-363c-e92a-bf40bf584458,Batch01/20240126-0852-363c-e92a-bf40bf584458/20240126-0852-363c-e92a-bf40bf584458_c2871a5d-2b5e-48ec-819c-162ae3bd6dfe_12分.jpg,20240126-0852-363c-e92a-bf40bf584458_c2871a5d-2b5e-48ec-819c-162ae3bd6dfe_12分.jpg,diverse,cluster_1,1389,0.7418699860572815,False,keep,non_random_source=diverse,,
Batch01,20240128-0622-47ec-5441-ae5456917290,Batch01/20240128-0622-47ec-5441-ae5456917290/20240128-0622-47ec-5441-ae5456917290_70313140-3094-48cb-a045-47a907370afa_2分.jpg,20240128-0622-47ec-5441-ae5456917290_70313140-3094-48cb-a045-47a907370afa_2分.jpg,diverse,cluster_9,3636,0.7875229716300964,False,keep,non_random_source=diverse,,
Batch01,20240128-0622-47ec-5441-ae5456917290,Batch01/20240128-0622-47ec-5441-ae5456917290/20240128-0622-47ec-5441-ae5456917290_8f78321c-405b-4374-906c-a934bab2ff24_2分.jpg,20240128-0622-47ec-5441-ae5456917290_8f78321c-405b-4374-906c-a934bab2ff24_2分.jpg,diverse,cluster_12,4553,0.6290259957313538,False,keep,non_random_source=diverse,,
Batch01,20240128-0622-47ec-5441-ae5456917290,Batch01/20240128-0622-47ec-5441-ae5456917290/20240128-0622-47ec-5441-ae5456917290_c3236745-8293-40ee-9005-e9e67b2b120d_4分.jpg,20240128-0622-47ec-5441-ae5456917290_c3236745-8293-40ee-9005-e9e67b2b120d_4分.jpg,hard,cluster_12,4553,0.6079519391059875,False,keep,non_random_source=hard,,
Batch01,20240128-0622-47ec-5441-ae5456917290,Batch01/20240128-0622-47ec-5441-ae5456917290/20240128-0622-47ec-5441-ae5456917290_e0dfcb46-fdea-46ab-9959-8ed605da1112_8分.jpg,20240128-0622-47ec-5441-ae5456917290_e0dfcb46-fdea-46ab-9959-8ed605da1112_8分.jpg,hard,cluster_12,4553,0.6749923825263977,False,keep,non_random_source=hard,,
Batch01,20240130-0218-539a-df87-74f3dd034380,Batch01/20240130-0218-539a-df87-74f3dd034380/20240130-0218-539a-df87-74f3dd034380_1a97fa1b-0a0f-4208-a2bb-6cca5b4d9949_3分.jpg,20240130-0218-539a-df87-74f3dd034380_1a97fa1b-0a0f-4208-a2bb-6cca5b4d9949_3分.jpg,replacement,cluster_6,3834,0.8264320492744446,True,keep,non_random_source=replacement,,
Batch01,20240130-0218-539a-df87-74f3dd034380,Batch01/20240130-0218-539a-df87-74f3dd034380/20240130-0218-539a-df87-74f3dd034380_482ae86d-2b79-436e-a4c4-b26621d3be35_8分.jpg,20240130-0218-539a-df87-74f3dd034380_482ae86d-2b79-436e-a4c4-b26621d3be35_8分.jpg,replacement,cluster_6,3834,0.8364616632461548,True,keep,non_random_source=replacement,,
Batch01,20240130-0218-539a-df87-74f3dd034380,Batch01/20240130-0218-539a-df87-74f3dd034380/20240130-0218-539a-df87-74f3dd034380_4ce8c6ca-8770-4d1e-844a-597d691e277e_3分.jpg,20240130-0218-539a-df87-74f3dd034380_4ce8c6ca-8770-4d1e-844a-597d691e277e_3分.jpg,diverse,cluster_2,2092,0.755109965801239,True,keep,non_random_source=diverse,,
Batch01,20240130-0218-539a-df87-74f3dd034380,Batch01/20240130-0218-539a-df87-74f3dd034380/20240130-0218-539a-df87-74f3dd034380_549c67fa-eb96-4e6b-aa5c-1535661afda4_12分.jpg,20240130-0218-539a-df87-74f3dd034380_549c67fa-eb96-4e6b-aa5c-1535661afda4_12分.jpg,hard,cluster_6,3834,0.7806897759437561,True,keep,non_random_source=hard,,
Batch01,20240130-0218-539a-df87-74f3dd034380,Batch01/20240130-0218-539a-df87-74f3dd034380/20240130-0218-539a-df87-74f3dd034380_5c19e04b-89cf-45d5-94f4-8e2176b84201_3分.jpg,20240130-0218-539a-df87-74f3dd034380_5c19e04b-89cf-45d5-94f4-8e2176b84201_3分.jpg,replacement,cluster_6,3834,0.7845898270606995,True,keep,non_random_source=replacement,,
Batch01,20240130-0218-539a-df87-74f3dd034380,Batch01/20240130-0218-539a-df87-74f3dd034380/20240130-0218-539a-df87-74f3dd034380_8aa38922-e3eb-430e-ba52-7776716d5921_12分.jpg,20240130-0218-539a-df87-74f3dd034380_8aa38922-e3eb-430e-ba52-7776716d5921_12分.jpg,diverse,cluster_6,3834,0.795078456401825,True,keep,non_random_source=diverse,,
Batch01,20240130-0218-539a-df87-74f3dd034380,Batch01/20240130-0218-539a-df87-74f3dd034380/20240130-0218-539a-df87-74f3dd034380_ca781ed8-afd4-4599-84c5-58e6aa6c4fcf_9分.jpg,20240130-0218-539a-df87-74f3dd034380_ca781ed8-afd4-4599-84c5-58e6aa6c4fcf_9分.jpg,hard,cluster_6,3834,0.8051769733428955,True,keep,non_random_source=hard,,
Batch01,20240130-0218-539a-df87-74f3dd034380,Batch01/20240130-0218-539a-df87-74f3dd034380/20240130-0218-539a-df87-74f3dd034380_dfbfd5b3-a30d-4106-97aa-e53d6102fdc6_6分.jpg,20240130-0218-539a-df87-74f3dd034380_dfbfd5b3-a30d-4106-97aa-e53d6102fdc6_6分.jpg,replacement,cluster_6,3834,0.8307033777236938,True,keep,non_random_source=replacement,,
Batch01,20240226-0219-20b0-6476-9a4088775643,Batch01/20240226-0219-20b0-6476-9a4088775643/20240226-0219-20b0-6476-9a4088775643_3649c4a2-333d-42f9-80de-d18fdaf26eb0_10分.jpg,20240226-0219-20b0-6476-9a4088775643_3649c4a2-333d-42f9-80de-d18fdaf26eb0_10分.jpg,replacement,cluster_4,3444,0.5111284255981445,True,keep,non_random_source=replacement,,
Batch01,20240226-0219-20b0-6476-9a4088775643,Batch01/20240226-0219-20b0-6476-9a4088775643/20240226-0219-20b0-6476-9a4088775643_7c0911d6-db21-444e-9a62-a171ef5f147d_6分.jpg,20240226-0219-20b0-6476-9a4088775643_7c0911d6-db21-444e-9a62-a171ef5f147d_6分.jpg,diverse,cluster_4,3444,0.6618893146514893,True,keep,non_random_source=diverse,,
Batch01,20240226-0219-20b0-6476-9a4088775643,Batch01/20240226-0219-20b0-6476-9a4088775643/20240226-0219-20b0-6476-9a4088775643_8702a922-7717-41c3-8940-e4ff1a9d03cb_8分.jpg,20240226-0219-20b0-6476-9a4088775643_8702a922-7717-41c3-8940-e4ff1a9d03cb_8分.jpg,replacement,cluster_5,2606,0.508598268032074,True,keep,non_random_source=replacement,,
Batch01,20240226-0219-20b0-6476-9a4088775643,Batch01/20240226-0219-20b0-6476-9a4088775643/20240226-0219-20b0-6476-9a4088775643_92fb9ba0-02ef-4cb8-839d-a2a9501b4e3c_6分.jpg,20240226-0219-20b0-6476-9a4088775643_92fb9ba0-02ef-4cb8-839d-a2a9501b4e3c_6分.jpg,replacement,cluster_2,2092,0.6842829585075378,True,keep,non_random_source=replacement,,
Batch01,20240226-0219-20b0-6476-9a4088775643,Batch01/20240226-0219-20b0-6476-9a4088775643/20240226-0219-20b0-6476-9a4088775643_970caa9d-fae1-4f5a-8f2f-35aff9a2e108_12分.jpg,20240226-0219-20b0-6476-9a4088775643_970caa9d-fae1-4f5a-8f2f-35aff9a2e108_12分.jpg,hard,cluster_2,2092,0.4480876326560974,True,keep,non_random_source=hard,,
Batch01,20240226-0219-20b0-6476-9a4088775643,Batch01/20240226-0219-20b0-6476-9a4088775643/20240226-0219-20b0-6476-9a4088775643_c1278940-44f6-4e65-adb7-ecd01437b1d7_10分.jpg,20240226-0219-20b0-6476-9a4088775643_c1278940-44f6-4e65-adb7-ecd01437b1d7_10分.jpg,hard,cluster_5,2606,0.4533674120903015,True,keep,non_random_source=hard,,
Batch01,20240226-0219-20b0-6476-9a4088775643,Batch01/20240226-0219-20b0-6476-9a4088775643/20240226-0219-20b0-6476-9a4088775643_c9815394-6291-434e-a73c-cadb1b5a525a_10分.jpg,20240226-0219-20b0-6476-9a4088775643_c9815394-6291-434e-a73c-cadb1b5a525a_10分.jpg,diverse,cluster_5,2606,0.6252802014350891,True,keep,non_random_source=diverse,,
Batch01,20240226-0219-20b0-6476-9a4088775643,Batch01/20240226-0219-20b0-6476-9a4088775643/20240226-0219-20b0-6476-9a4088775643_d2f81724-b65c-4e95-8a6a-ab70221a16e4_1分.jpg,20240226-0219-20b0-6476-9a4088775643_d2f81724-b65c-4e95-8a6a-ab70221a16e4_1分.jpg,replacement,cluster_4,3444,0.651910662651062,True,keep,non_random_source=replacement,,
Batch01,20240228-0137-3868-43cf-8a74c8283747,Batch01/20240228-0137-3868-43cf-8a74c8283747/20240228-0137-3868-43cf-8a74c8283747_304265bb-9c27-4fc3-970a-867a4340b576_5分.jpg,20240228-0137-3868-43cf-8a74c8283747_304265bb-9c27-4fc3-970a-867a4340b576_5分.jpg,hard,cluster_8,2333,0.753399670124054,False,keep,non_random_source=hard,,
Batch01,20240228-0137-3868-43cf-8a74c8283747,Batch01/20240228-0137-3868-43cf-8a74c8283747/20240228-0137-3868-43cf-8a74c8283747_6851612c-27d4-469a-9350-a49ef1a595b9_11分.jpg,20240228-0137-3868-43cf-8a74c8283747_6851612c-27d4-469a-9350-a49ef1a595b9_11分.jpg,diverse,cluster_8,2333,0.7651681900024414,False,keep,non_random_source=diverse,,
Batch01,20240228-0137-3868-43cf-8a74c8283747,Batch01/20240228-0137-3868-43cf-8a74c8283747/20240228-0137-3868-43cf-8a74c8283747_77031825-8f52-4e66-bff9-9095ed028cf7_3分.jpg,20240228-0137-3868-43cf-8a74c8283747_77031825-8f52-4e66-bff9-9095ed028cf7_3分.jpg,diverse,cluster_4,3444,0.7213568091392517,False,keep,non_random_source=diverse,,
Batch01,20240228-0137-3868-43cf-8a74c8283747,Batch01/20240228-0137-3868-43cf-8a74c8283747/20240228-0137-3868-43cf-8a74c8283747_7d614bd7-7839-42cd-8dc6-ee34045798eb_7分.jpg,20240228-0137-3868-43cf-8a74c8283747_7d614bd7-7839-42cd-8dc6-ee34045798eb_7分.jpg,hard,cluster_8,2333,0.8046939969062805,False,keep,non_random_source=hard,,
Batch01,20240307-0227-5720-d60a-6005ea993541,Batch01/20240307-0227-5720-d60a-6005ea993541/20240307-0227-5720-d60a-6005ea993541_91a94467-3545-4988-b54d-cba335a92785_12分.jpg,20240307-0227-5720-d60a-6005ea993541_91a94467-3545-4988-b54d-cba335a92785_12分.jpg,hard,cluster_12,4553,0.583987832069397,False,keep,non_random_source=hard,,
Batch01,20240307-0227-5720-d60a-6005ea993541,Batch01/20240307-0227-5720-d60a-6005ea993541/20240307-0227-5720-d60a-6005ea993541_9da2dcf5-f807-4483-89b3-94b0cf81b5ef_15分.jpg,20240307-0227-5720-d60a-6005ea993541_9da2dcf5-f807-4483-89b3-94b0cf81b5ef_15分.jpg,diverse,cluster_12,4553,0.5647229552268982,False,keep,non_random_source=diverse,,
Batch01,20240307-0227-5720-d60a-6005ea993541,Batch01/20240307-0227-5720-d60a-6005ea993541/20240307-0227-5720-d60a-6005ea993541_9f946f14-3a6f-4532-a69a-d541a0c53677_2分.jpg,20240307-0227-5720-d60a-6005ea993541_9f946f14-3a6f-4532-a69a-d541a0c53677_2分.jpg,hard,cluster_5,2606,0.5146409869194031,False,keep,non_random_source=hard,,
Batch01,20240307-0227-5720-d60a-6005ea993541,Batch01/20240307-0227-5720-d60a-6005ea993541/20240307-0227-5720-d60a-6005ea993541_d450a586-603d-433f-a015-f1a72b6c1c56_1分.jpg,20240307-0227-5720-d60a-6005ea993541_d450a586-603d-433f-a015-f1a72b6c1c56_1分.jpg,diverse,cluster_9,3636,0.6277360916137695,False,keep,non_random_source=diverse,,
Batch01,20240315-0316-531a-a494-dc7837995835,Batch01/20240315-0316-531a-a494-dc7837995835/20240315-0316-531a-a494-dc7837995835_118d3fd7-7565-4986-8275-cd7b8834090b_13分.jpg,20240315-0316-531a-a494-dc7837995835_118d3fd7-7565-4986-8275-cd7b8834090b_13分.jpg,replacement,cluster_6,3834,0.6714457869529724,True,keep,non_random_source=replacement,,
Batch01,20240315-0316-531a-a494-dc7837995835,Batch01/20240315-0316-531a-a494-dc7837995835/20240315-0316-531a-a494-dc7837995835_2e72855d-d1f0-48cf-b7b4-ba2761c7cf0a_4分.jpg,20240315-0316-531a-a494-dc7837995835_2e72855d-d1f0-48cf-b7b4-ba2761c7cf0a_4分.jpg,replacement,cluster_6,3834,0.5681489706039429,True,keep,non_random_source=replacement,,
Batch01,20240315-0316-531a-a494-dc7837995835,Batch01/20240315-0316-531a-a494-dc7837995835/20240315-0316-531a-a494-dc7837995835_50767a87-8a80-4b06-842e-bcb877db16f4_13分.jpg,20240315-0316-531a-a494-dc7837995835_50767a87-8a80-4b06-842e-bcb877db16f4_13分.jpg,hard,cluster_6,3834,0.7238256931304932,True,keep,non_random_source=hard,,
Batch01,20240315-0316-531a-a494-dc7837995835,Batch01/20240315-0316-531a-a494-dc7837995835/20240315-0316-531a-a494-dc7837995835_78c91c85-57dd-4b67-be36-566cf5805421_3分.jpg,20240315-0316-531a-a494-dc7837995835_78c91c85-57dd-4b67-be36-566cf5805421_3分.jpg,replacement,cluster_2,2092,0.6171631813049316,True,keep,non_random_source=replacement,,
Batch01,20240315-0316-531a-a494-dc7837995835,Batch01/20240315-0316-531a-a494-dc7837995835/20240315-0316-531a-a494-dc7837995835_8bf76ab7-676c-49f2-8f62-3a49500205c7_4分.jpg,20240315-0316-531a-a494-dc7837995835_8bf76ab7-676c-49f2-8f62-3a49500205c7_4分.jpg,diverse,cluster_2,2092,0.39532551169395447,True,keep,non_random_source=diverse,,
Batch01,20240315-0316-531a-a494-dc7837995835,Batch01/20240315-0316-531a-a494-dc7837995835/20240315-0316-531a-a494-dc7837995835_bc8c3467-a03e-4b54-a88f-e9f479b047a2_3分.jpg,20240315-0316-531a-a494-dc7837995835_bc8c3467-a03e-4b54-a88f-e9f479b047a2_3分.jpg,diverse,cluster_6,3834,0.7783413529396057,True,keep,non_random_source=diverse,,
Batch01,20240315-0316-531a-a494-dc7837995835,Batch01/20240315-0316-531a-a494-dc7837995835/20240315-0316-531a-a494-dc7837995835_cb0fe4cf-25f4-4c56-8b61-5575e942f292_3分.jpg,20240315-0316-531a-a494-dc7837995835_cb0fe4cf-25f4-4c56-8b61-5575e942f292_3分.jpg,hard,cluster_6,3834,0.7416160702705383,True,keep,non_random_source=hard,,
Batch01,20240315-0316-531a-a494-dc7837995835,Batch01/20240315-0316-531a-a494-dc7837995835/20240315-0316-531a-a494-dc7837995835_cde30d61-d667-4ba7-9714-717ed8a8d415_10分.jpg,20240315-0316-531a-a494-dc7837995835_cde30d61-d667-4ba7-9714-717ed8a8d415_10分.jpg,replacement,cluster_6,3834,0.6326338648796082,True,keep,non_random_source=replacement,,
Batch01,20240315-0656-01c7-dd6c-464899045582,Batch01/20240315-0656-01c7-dd6c-464899045582/20240315-0656-01c7-dd6c-464899045582_15551f3e-1737-46ed-9a36-24af939757d2_4分.jpg,20240315-0656-01c7-dd6c-464899045582_15551f3e-1737-46ed-9a36-24af939757d2_4分.jpg,replacement,cluster_4,3444,0.6533758044242859,True,keep,non_random_source=replacement,,
Batch01,20240315-0656-01c7-dd6c-464899045582,Batch01/20240315-0656-01c7-dd6c-464899045582/20240315-0656-01c7-dd6c-464899045582_1ddcb46c-a6ca-463e-b347-f8641f2a920c_5分.jpg,20240315-0656-01c7-dd6c-464899045582_1ddcb46c-a6ca-463e-b347-f8641f2a920c_5分.jpg,diverse,cluster_9,3636,0.6276665329933167,True,keep,non_random_source=diverse,,
Batch01,20240315-0656-01c7-dd6c-464899045582,Batch01/20240315-0656-01c7-dd6c-464899045582/20240315-0656-01c7-dd6c-464899045582_8079cdd1-5775-4ef9-8b23-fb9eb2008f5e_10分.jpg,20240315-0656-01c7-dd6c-464899045582_8079cdd1-5775-4ef9-8b23-fb9eb2008f5e_10分.jpg,hard,cluster_12,4553,0.5390809178352356,True,keep,non_random_source=hard,,
Batch01,20240315-0656-01c7-dd6c-464899045582,Batch01/20240315-0656-01c7-dd6c-464899045582/20240315-0656-01c7-dd6c-464899045582_8f64b468-08f3-430e-a010-7076ea07a6fc_11分.jpg,20240315-0656-01c7-dd6c-464899045582_8f64b468-08f3-430e-a010-7076ea07a6fc_11分.jpg,diverse,cluster_8,2333,0.4502639174461365,True,keep,non_random_source=diverse,,
Batch01,20240315-0656-01c7-dd6c-464899045582,Batch01/20240315-0656-01c7-dd6c-464899045582/20240315-0656-01c7-dd6c-464899045582_9ad6e42b-a02f-43ff-b4b3-6b79624182be_5分.jpg,20240315-0656-01c7-dd6c-464899045582_9ad6e42b-a02f-43ff-b4b3-6b79624182be_5分.jpg,replacement,cluster_9,3636,0.622028112411499,True,keep,non_random_source=replacement,,
Batch01,20240315-0656-01c7-dd6c-464899045582,Batch01/20240315-0656-01c7-dd6c-464899045582/20240315-0656-01c7-dd6c-464899045582_c5209144-7470-459d-9ea7-cd7a1a810ff9_4分.jpg,20240315-0656-01c7-dd6c-464899045582_c5209144-7470-459d-9ea7-cd7a1a810ff9_4分.jpg,replacement,cluster_12,4553,0.4969380795955658,True,keep,non_random_source=replacement,,
Batch01,20240315-0656-01c7-dd6c-464899045582,Batch01/20240315-0656-01c7-dd6c-464899045582/20240315-0656-01c7-dd6c-464899045582_da62750f-bdef-43b7-9e5e-038eedb49055_4分.jpg,20240315-0656-01c7-dd6c-464899045582_da62750f-bdef-43b7-9e5e-038eedb49055_4分.jpg,replacement,cluster_9,3636,0.6893734931945801,True,keep,non_random_source=replacement,,
Batch01,20240315-0656-01c7-dd6c-464899045582,Batch01/20240315-0656-01c7-dd6c-464899045582/20240315-0656-01c7-dd6c-464899045582_e0c36c64-d385-4307-9a06-1afa172dfadc_1分.jpg,20240315-0656-01c7-dd6c-464899045582_e0c36c64-d385-4307-9a06-1afa172dfadc_1分.jpg,hard,cluster_12,4553,0.6211089491844177,True,keep,non_random_source=hard,,
Batch01,20240320-0800-50c2-65d8-a16c59045113,Batch01/20240320-0800-50c2-65d8-a16c59045113/20240320-0800-50c2-65d8-a16c59045113_0327eeca-591b-4af0-8197-57a0be95e2a7_17分.jpg,20240320-0800-50c2-65d8-a16c59045113_0327eeca-591b-4af0-8197-57a0be95e2a7_17分.jpg,hard,cluster_12,4553,0.2651157081127167,True,keep,non_random_source=hard,,
Batch01,20240320-0800-50c2-65d8-a16c59045113,Batch01/20240320-0800-50c2-65d8-a16c59045113/20240320-0800-50c2-65d8-a16c59045113_48cc126e-aaad-4a1e-8329-56c815efc300_7分.jpg,20240320-0800-50c2-65d8-a16c59045113_48cc126e-aaad-4a1e-8329-56c815efc300_7分.jpg,replacement,cluster_9,3636,0.5576468706130981,True,keep,non_random_source=replacement,,
Batch01,20240320-0800-50c2-65d8-a16c59045113,Batch01/20240320-0800-50c2-65d8-a16c59045113/20240320-0800-50c2-65d8-a16c59045113_57ce7df6-c3dd-4a9a-b821-9c93ab325fca_7分.jpg,20240320-0800-50c2-65d8-a16c59045113_57ce7df6-c3dd-4a9a-b821-9c93ab325fca_7分.jpg,replacement,cluster_1,1389,0.4775279760360718,True,keep,non_random_source=replacement,,
Batch01,20240320-0800-50c2-65d8-a16c59045113,Batch01/20240320-0800-50c2-65d8-a16c59045113/20240320-0800-50c2-65d8-a16c59045113_84ba48a1-c4b9-4aaa-b637-23c84c542c9d_17分.jpg,20240320-0800-50c2-65d8-a16c59045113_84ba48a1-c4b9-4aaa-b637-23c84c542c9d_17分.jpg,hard,cluster_12,4553,0.29505714774131775,True,keep,non_random_source=hard,,
Batch01,20240320-0800-50c2-65d8-a16c59045113,Batch01/20240320-0800-50c2-65d8-a16c59045113/20240320-0800-50c2-65d8-a16c59045113_a02c283b-14c8-4e89-8d9e-2c4ea330d288_3分.jpg,20240320-0800-50c2-65d8-a16c59045113_a02c283b-14c8-4e89-8d9e-2c4ea330d288_3分.jpg,replacement,cluster_1,1389,0.45693278312683105,True,keep,non_random_source=replacement,,
Batch01,20240320-0800-50c2-65d8-a16c59045113,Batch01/20240320-0800-50c2-65d8-a16c59045113/20240320-0800-50c2-65d8-a16c59045113_d6fb3de0-2eab-4d7f-87ce-0d947a860c23_2分.jpg,20240320-0800-50c2-65d8-a16c59045113_d6fb3de0-2eab-4d7f-87ce-0d947a860c23_2分.jpg,replacement,cluster_9,3636,0.6054244041442871,True,keep,non_random_source=replacement,,
Batch01,20240320-0800-50c2-65d8-a16c59045113,Batch01/20240320-0800-50c2-65d8-a16c59045113/20240320-0800-50c2-65d8-a16c59045113_f2c7a282-3653-40ce-890d-8f1720f3bf88_1分.jpg,20240320-0800-50c2-65d8-a16c59045113_f2c7a282-3653-40ce-890d-8f1720f3bf88_1分.jpg,diverse,cluster_9,3636,0.6079548597335815,True,keep,non_random_source=diverse,,
Batch01,20240320-0800-50c2-65d8-a16c59045113,Batch01/20240320-0800-50c2-65d8-a16c59045113/20240320-0800-50c2-65d8-a16c59045113_f6a64b1f-f6d2-40d7-bf21-8908a7304def_17分.jpg,20240320-0800-50c2-65d8-a16c59045113_f6a64b1f-f6d2-40d7-bf21-8908a7304def_17分.jpg,diverse,cluster_5,2606,0.3041004538536072,True,keep,non_random_source=diverse,,
Batch01,20240322-0713-384c-3972-9016bd015581,Batch01/20240322-0713-384c-3972-9016bd015581/20240322-0713-384c-3972-9016bd015581_0d6ac8f7-dedf-4190-b4dc-e5534eefc476_2分.jpg,20240322-0713-384c-3972-9016bd015581_0d6ac8f7-dedf-4190-b4dc-e5534eefc476_2分.jpg,diverse,cluster_2,2092,0.6191437244415283,False,keep,non_random_source=diverse,,
Batch01,20240322-0713-384c-3972-9016bd015581,Batch01/20240322-0713-384c-3972-9016bd015581/20240322-0713-384c-3972-9016bd015581_4da932e8-2afc-4094-a56a-04feedc3efdd_12分.jpg,20240322-0713-384c-3972-9016bd015581_4da932e8-2afc-4094-a56a-04feedc3efdd_12分.jpg,diverse,cluster_5,2606,0.6388710737228394,False,keep,non_random_source=diverse,,
Batch01,20240322-0713-384c-3972-9016bd015581,Batch01/20240322-0713-384c-3972-9016bd015581/20240322-0713-384c-3972-9016bd015581_9ba1d9e5-a699-4fec-b3b0-0bc363fd69c0_12分.jpg,20240322-0713-384c-3972-9016bd015581_9ba1d9e5-a699-4fec-b3b0-0bc363fd69c0_12分.jpg,hard,cluster_5,2606,0.5377464890480042,False,keep,non_random_source=hard,,
Batch01,20240322-0713-384c-3972-9016bd015581,Batch01/20240322-0713-384c-3972-9016bd015581/20240322-0713-384c-3972-9016bd015581_acb04367-5e57-45fc-9642-e1eb0c76170b_8分.jpg,20240322-0713-384c-3972-9016bd015581_acb04367-5e57-45fc-9642-e1eb0c76170b_8分.jpg,hard,cluster_5,2606,0.5885218977928162,False,keep,non_random_source=hard,,
Batch01,20240325-1338-01c7-4006-b59fe8869615,Batch01/20240325-1338-01c7-4006-b59fe8869615/20240325-1338-01c7-4006-b59fe8869615_30dbf5f9-c6f9-4728-a619-c2b86fd557a5_3分.jpg,20240325-1338-01c7-4006-b59fe8869615_30dbf5f9-c6f9-4728-a619-c2b86fd557a5_3分.jpg,diverse,cluster_2,2092,0.7534326314926147,True,keep,non_random_source=diverse,,
Batch01,20240325-1338-01c7-4006-b59fe8869615,Batch01/20240325-1338-01c7-4006-b59fe8869615/20240325-1338-01c7-4006-b59fe8869615_4ebde6ac-a995-4a88-97af-804a33c2f0c1_5分.jpg,20240325-1338-01c7-4006-b59fe8869615_4ebde6ac-a995-4a88-97af-804a33c2f0c1_5分.jpg,replacement,cluster_2,2092,0.7548103332519531,True,keep,non_random_source=replacement,,
Batch01,20240325-1338-01c7-4006-b59fe8869615,Batch01/20240325-1338-01c7-4006-b59fe8869615/20240325-1338-01c7-4006-b59fe8869615_880de39f-0515-4b48-9f0c-3e4da47ffd6a_5分.jpg,20240325-1338-01c7-4006-b59fe8869615_880de39f-0515-4b48-9f0c-3e4da47ffd6a_5分.jpg,replacement,cluster_2,2092,0.7294679284095764,True,keep,non_random_source=replacement,,
Batch01,20240325-1338-01c7-4006-b59fe8869615,Batch01/20240325-1338-01c7-4006-b59fe8869615/20240325-1338-01c7-4006-b59fe8869615_b9e4d971-96d5-4eb9-891c-4aab9e7970c4_4分.jpg,20240325-1338-01c7-4006-b59fe8869615_b9e4d971-96d5-4eb9-891c-4aab9e7970c4_4分.jpg,replacement,cluster_2,2092,0.7679582238197327,True,keep,non_random_source=replacement,,
Batch01,20240325-1338-01c7-4006-b59fe8869615,Batch01/20240325-1338-01c7-4006-b59fe8869615/20240325-1338-01c7-4006-b59fe8869615_bc0d6eca-dc6f-4e29-a1b9-9b327f7fe351_11分.jpg,20240325-1338-01c7-4006-b59fe8869615_bc0d6eca-dc6f-4e29-a1b9-9b327f7fe351_11分.jpg,hard,cluster_5,2606,0.6936525106430054,True,keep,non_random_source=hard,,
Batch01,20240325-1338-01c7-4006-b59fe8869615,Batch01/20240325-1338-01c7-4006-b59fe8869615/20240325-1338-01c7-4006-b59fe8869615_d154674d-4de8-4239-bd14-948656849a1c_9分.jpg,20240325-1338-01c7-4006-b59fe8869615_d154674d-4de8-4239-bd14-948656849a1c_9分.jpg,hard,cluster_5,2606,0.6737622022628784,True,keep,non_random_source=hard,,
Batch01,20240325-1338-01c7-4006-b59fe8869615,Batch01/20240325-1338-01c7-4006-b59fe8869615/20240325-1338-01c7-4006-b59fe8869615_f7419769-d50a-4a18-ae2b-719d76c58363_12分.jpg,20240325-1338-01c7-4006-b59fe8869615_f7419769-d50a-4a18-ae2b-719d76c58363_12分.jpg,replacement,cluster_5,2606,0.5919409990310669,True,keep,non_random_source=replacement,,
Batch01,20240325-1338-01c7-4006-b59fe8869615,Batch01/20240325-1338-01c7-4006-b59fe8869615/20240325-1338-01c7-4006-b59fe8869615_f9229899-fa73-41f5-8220-cd098a2d91a6_12分.jpg,20240325-1338-01c7-4006-b59fe8869615_f9229899-fa73-41f5-8220-cd098a2d91a6_12分.jpg,diverse,cluster_5,2606,0.6981167197227478,True,keep,non_random_source=diverse,,
Batch01,20240326-0844-5208-9989-f91532464431,Batch01/20240326-0844-5208-9989-f91532464431/20240326-0844-5208-9989-f91532464431_1574b0c3-a5df-42ba-a15b-a79323b9cc3f_9分.jpg,20240326-0844-5208-9989-f91532464431_1574b0c3-a5df-42ba-a15b-a79323b9cc3f_9分.jpg,diverse,cluster_0,2169,0.4525887072086334,True,keep,non_random_source=diverse,,
Batch01,20240326-0844-5208-9989-f91532464431,Batch01/20240326-0844-5208-9989-f91532464431/20240326-0844-5208-9989-f91532464431_19e01982-7318-4548-8743-5f1cb05ca3d5_11分.jpg,20240326-0844-5208-9989-f91532464431_19e01982-7318-4548-8743-5f1cb05ca3d5_11分.jpg,hard,cluster_12,4553,0.4273294508457184,True,keep,non_random_source=hard,,
Batch01,20240326-0844-5208-9989-f91532464431,Batch01/20240326-0844-5208-9989-f91532464431/20240326-0844-5208-9989-f91532464431_4303528f-3c0c-437c-98e3-d23a5116a8a6_11分.jpg,20240326-0844-5208-9989-f91532464431_4303528f-3c0c-437c-98e3-d23a5116a8a6_11分.jpg,replacement,cluster_0,2169,0.47923463582992554,True,keep,non_random_source=replacement,,
Batch01,20240326-0844-5208-9989-f91532464431,Batch01/20240326-0844-5208-9989-f91532464431/20240326-0844-5208-9989-f91532464431_8c11ef07-c460-4ebb-97ad-281d716f6f56_2分.jpg,20240326-0844-5208-9989-f91532464431_8c11ef07-c460-4ebb-97ad-281d716f6f56_2分.jpg,diverse,cluster_4,3444,0.5683220028877258,True,keep,non_random_source=diverse,,
Batch01,20240326-0844-5208-9989-f91532464431,Batch01/20240326-0844-5208-9989-f91532464431/20240326-0844-5208-9989-f91532464431_96397bc4-64ec-419b-af7e-446f63b2bef0_2分.jpg,20240326-0844-5208-9989-f91532464431_96397bc4-64ec-419b-af7e-446f63b2bef0_2分.jpg,replacement,cluster_0,2169,0.4262416958808899,True,keep,non_random_source=replacement,,
Batch01,20240326-0844-5208-9989-f91532464431,Batch01/20240326-0844-5208-9989-f91532464431/20240326-0844-5208-9989-f91532464431_d2c45d2e-c680-487d-b97d-dc3c9f71e965_6分.jpg,20240326-0844-5208-9989-f91532464431_d2c45d2e-c680-487d-b97d-dc3c9f71e965_6分.jpg,replacement,cluster_4,3444,0.350411057472229,True,keep,non_random_source=replacement,,
Batch01,20240326-0844-5208-9989-f91532464431,Batch01/20240326-0844-5208-9989-f91532464431/20240326-0844-5208-9989-f91532464431_efbcc815-0596-4b17-b370-de41ad26b288_11分.jpg,20240326-0844-5208-9989-f91532464431_efbcc815-0596-4b17-b370-de41ad26b288_11分.jpg,hard,cluster_0,2169,0.518241286277771,True,keep,non_random_source=hard,,
Batch01,20240326-0844-5208-9989-f91532464431,Batch01/20240326-0844-5208-9989-f91532464431/20240326-0844-5208-9989-f91532464431_fa441e15-c6fe-40ee-8c2d-f6420796386b_2分.jpg,20240326-0844-5208-9989-f91532464431_fa441e15-c6fe-40ee-8c2d-f6420796386b_2分.jpg,replacement,cluster_4,3444,0.38738366961479187,True,keep,non_random_source=replacement,,
Batch01,20240327-1425-153f-2e3f-92f268369098,Batch01/20240327-1425-153f-2e3f-92f268369098/20240327-1425-153f-2e3f-92f268369098_056d9061-786f-4748-aeb4-75d87a8adfde_15分.jpg,20240327-1425-153f-2e3f-92f268369098_056d9061-786f-4748-aeb4-75d87a8adfde_15分.jpg,diverse,cluster_5,2606,0.4693826735019684,True,keep,non_random_source=diverse,,
Batch01,20240327-1425-153f-2e3f-92f268369098,Batch01/20240327-1425-153f-2e3f-92f268369098/20240327-1425-153f-2e3f-92f268369098_2ecf1535-4c2d-444e-8f27-7b404e2aae38_8分.jpg,20240327-1425-153f-2e3f-92f268369098_2ecf1535-4c2d-444e-8f27-7b404e2aae38_8分.jpg,replacement,cluster_2,2092,0.5376856923103333,True,keep,non_random_source=replacement,,
Batch01,20240327-1425-153f-2e3f-92f268369098,Batch01/20240327-1425-153f-2e3f-92f268369098/20240327-1425-153f-2e3f-92f268369098_305958ed-972d-486e-9bc2-2dfd3ff84c23_1分.jpg,20240327-1425-153f-2e3f-92f268369098_305958ed-972d-486e-9bc2-2dfd3ff84c23_1分.jpg,replacement,cluster_1,1389,0.4478975236415863,True,keep,non_random_source=replacement,,
Batch01,20240327-1425-153f-2e3f-92f268369098,Batch01/20240327-1425-153f-2e3f-92f268369098/20240327-1425-153f-2e3f-92f268369098_4c9a36d3-0dde-4fc3-b02c-0ca911467ff3_8分.jpg,20240327-1425-153f-2e3f-92f268369098_4c9a36d3-0dde-4fc3-b02c-0ca911467ff3_8分.jpg,replacement,cluster_2,2092,0.6076714396476746,True,keep,non_random_source=replacement,,
Batch01,20240327-1425-153f-2e3f-92f268369098,Batch01/20240327-1425-153f-2e3f-92f268369098/20240327-1425-153f-2e3f-92f268369098_706a80f0-0014-4ba7-b2e1-99928364fcde_1分.jpg,20240327-1425-153f-2e3f-92f268369098_706a80f0-0014-4ba7-b2e1-99928364fcde_1分.jpg,replacement,cluster_2,2092,0.4741491675376892,True,keep,non_random_source=replacement,,
Batch01,20240327-1425-153f-2e3f-92f268369098,Batch01/20240327-1425-153f-2e3f-92f268369098/20240327-1425-153f-2e3f-92f268369098_9f13e6a3-7939-4c82-8881-7348202c6187_15分.jpg,20240327-1425-153f-2e3f-92f268369098_9f13e6a3-7939-4c82-8881-7348202c6187_15分.jpg,hard,cluster_5,2606,0.4136936664581299,True,keep,non_random_source=hard,,
Batch01,20240327-1425-153f-2e3f-92f268369098,Batch01/20240327-1425-153f-2e3f-92f268369098/20240327-1425-153f-2e3f-92f268369098_c181c3b9-e151-4ac0-9584-9eb670ab57d5_8分.jpg,20240327-1425-153f-2e3f-92f268369098_c181c3b9-e151-4ac0-9584-9eb670ab57d5_8分.jpg,diverse,cluster_2,2092,0.5708232522010803,True,keep,non_random_source=diverse,,
Batch01,20240327-1425-153f-2e3f-92f268369098,Batch01/20240327-1425-153f-2e3f-92f268369098/20240327-1425-153f-2e3f-92f268369098_e688235d-a4bc-42d3-b3e1-4af3dfddb415_10分.jpg,20240327-1425-153f-2e3f-92f268369098_e688235d-a4bc-42d3-b3e1-4af3dfddb415_10分.jpg,hard,cluster_5,2606,0.4110792577266693,True,keep,non_random_source=hard,,
Batch01,20240327-1425-39fc-b8b5-18c2c4010817,Batch01/20240327-1425-39fc-b8b5-18c2c4010817/20240327-1425-39fc-b8b5-18c2c4010817_9ec6e752-54a0-406b-bd88-33e8ec28b798_3分.jpg,20240327-1425-39fc-b8b5-18c2c4010817_9ec6e752-54a0-406b-bd88-33e8ec28b798_3分.jpg,replacement,cluster_4,3444,0.4555136561393738,True,keep,non_random_source=replacement,,
Batch01,20240327-1425-39fc-b8b5-18c2c4010817,Batch01/20240327-1425-39fc-b8b5-18c2c4010817/20240327-1425-39fc-b8b5-18c2c4010817_a0885876-2da0-409f-a8e5-c69e8ac36da8_15分.jpg,20240327-1425-39fc-b8b5-18c2c4010817_a0885876-2da0-409f-a8e5-c69e8ac36da8_15分.jpg,hard,cluster_1,1389,0.4041435122489929,True,keep,non_random_source=hard,,
Batch01,20240327-1425-39fc-b8b5-18c2c4010817,Batch01/20240327-1425-39fc-b8b5-18c2c4010817/20240327-1425-39fc-b8b5-18c2c4010817_af12661f-39ea-4731-bf4a-514315f36f99_2分.jpg,20240327-1425-39fc-b8b5-18c2c4010817_af12661f-39ea-4731-bf4a-514315f36f99_2分.jpg,replacement,cluster_1,1389,0.47008630633354187,True,keep,non_random_source=replacement,,
Batch01,20240327-1425-39fc-b8b5-18c2c4010817,Batch01/20240327-1425-39fc-b8b5-18c2c4010817/20240327-1425-39fc-b8b5-18c2c4010817_b57de4ea-a374-4702-a348-d392f9819795_2分.jpg,20240327-1425-39fc-b8b5-18c2c4010817_b57de4ea-a374-4702-a348-d392f9819795_2分.jpg,replacement,cluster_1,1389,0.39220014214515686,True,keep,non_random_source=replacement,,
Batch01,20240327-1425-39fc-b8b5-18c2c4010817,Batch01/20240327-1425-39fc-b8b5-18c2c4010817/20240327-1425-39fc-b8b5-18c2c4010817_b73312f9-cac7-4c82-a7f8-dcacea383365_2分.jpg,20240327-1425-39fc-b8b5-18c2c4010817_b73312f9-cac7-4c82-a7f8-dcacea383365_2分.jpg,diverse,cluster_4,3444,0.6824620366096497,True,keep,non_random_source=diverse,,
Batch01,20240327-1425-39fc-b8b5-18c2c4010817,Batch01/20240327-1425-39fc-b8b5-18c2c4010817/20240327-1425-39fc-b8b5-18c2c4010817_e35f6495-3caf-47d6-8718-8006fdfd1e3c_1分.jpg,20240327-1425-39fc-b8b5-18c2c4010817_e35f6495-3caf-47d6-8718-8006fdfd1e3c_1分.jpg,replacement,cluster_1,1389,0.4553714096546173,True,keep,non_random_source=replacement,,
Batch01,20240327-1425-39fc-b8b5-18c2c4010817,Batch01/20240327-1425-39fc-b8b5-18c2c4010817/20240327-1425-39fc-b8b5-18c2c4010817_eb7346d9-53fa-462d-8b48-7b69e136eb00_7分.jpg,20240327-1425-39fc-b8b5-18c2c4010817_eb7346d9-53fa-462d-8b48-7b69e136eb00_7分.jpg,hard,cluster_10,2055,0.4575279653072357,True,keep,non_random_source=hard,,
Batch01,20240327-1425-39fc-b8b5-18c2c4010817,Batch01/20240327-1425-39fc-b8b5-18c2c4010817/20240327-1425-39fc-b8b5-18c2c4010817_f7532f75-686d-4325-844a-ec748b7e204c_9分.jpg,20240327-1425-39fc-b8b5-18c2c4010817_f7532f75-686d-4325-844a-ec748b7e204c_9分.jpg,diverse,cluster_10,2055,0.4310644865036011,True,keep,non_random_source=diverse,,
Batch01,20240328-0313-080f-096d-dd3bcb082667,Batch01/20240328-0313-080f-096d-dd3bcb082667/20240328-0313-080f-096d-dd3bcb082667_0033b312-8ac1-40cf-bb0d-3bb7eb4fe787_6分.jpg,20240328-0313-080f-096d-dd3bcb082667_0033b312-8ac1-40cf-bb0d-3bb7eb4fe787_6分.jpg,replacement,cluster_10,2055,0.5038003325462341,True,keep,non_random_source=replacement,,
Batch01,20240328-0313-080f-096d-dd3bcb082667,Batch01/20240328-0313-080f-096d-dd3bcb082667/20240328-0313-080f-096d-dd3bcb082667_05b3529d-cc08-448a-bc37-19bc1c4a6de8_6分.jpg,20240328-0313-080f-096d-dd3bcb082667_05b3529d-cc08-448a-bc37-19bc1c4a6de8_6分.jpg,replacement,cluster_4,3444,0.348782479763031,True,keep,non_random_source=replacement,,
Batch01,20240328-0313-080f-096d-dd3bcb082667,Batch01/20240328-0313-080f-096d-dd3bcb082667/20240328-0313-080f-096d-dd3bcb082667_0e578918-bfe8-412a-9dc2-7e33d57cd651_6分.jpg,20240328-0313-080f-096d-dd3bcb082667_0e578918-bfe8-412a-9dc2-7e33d57cd651_6分.jpg,replacement,cluster_10,2055,0.5942100286483765,True,keep,non_random_source=replacement,,
Batch01,20240328-0313-080f-096d-dd3bcb082667,Batch01/20240328-0313-080f-096d-dd3bcb082667/20240328-0313-080f-096d-dd3bcb082667_132fd6f6-6593-49c6-841e-dfd13229f9cf_6分.jpg,20240328-0313-080f-096d-dd3bcb082667_132fd6f6-6593-49c6-841e-dfd13229f9cf_6分.jpg,diverse,cluster_10,2055,0.5143792033195496,True,keep,non_random_source=diverse,,
Batch01,20240328-0313-080f-096d-dd3bcb082667,Batch01/20240328-0313-080f-096d-dd3bcb082667/20240328-0313-080f-096d-dd3bcb082667_3ddef9d9-9f0e-429d-8786-df4f14c6521f_6分.jpg,20240328-0313-080f-096d-dd3bcb082667_3ddef9d9-9f0e-429d-8786-df4f14c6521f_6分.jpg,hard,cluster_10,2055,0.6087340712547302,True,keep,non_random_source=hard,,
Batch01,20240328-0313-080f-096d-dd3bcb082667,Batch01/20240328-0313-080f-096d-dd3bcb082667/20240328-0313-080f-096d-dd3bcb082667_3e12258c-c738-4357-b7be-29b5433210ae_6分.jpg,20240328-0313-080f-096d-dd3bcb082667_3e12258c-c738-4357-b7be-29b5433210ae_6分.jpg,hard,cluster_10,2055,0.6362733244895935,True,keep,non_random_source=hard,,
Batch01,20240328-0313-080f-096d-dd3bcb082667,Batch01/20240328-0313-080f-096d-dd3bcb082667/20240328-0313-080f-096d-dd3bcb082667_bca72d69-9e32-4bd7-8d10-533692c8f559_12分.jpg,20240328-0313-080f-096d-dd3bcb082667_bca72d69-9e32-4bd7-8d10-533692c8f559_12分.jpg,replacement,cluster_4,3444,0.7592402100563049,True,keep,non_random_source=replacement,,
Batch01,20240328-0313-080f-096d-dd3bcb082667,Batch01/20240328-0313-080f-096d-dd3bcb082667/20240328-0313-080f-096d-dd3bcb082667_fea1df96-1db6-4911-a773-0395451fcaad_12分.jpg,20240328-0313-080f-096d-dd3bcb082667_fea1df96-1db6-4911-a773-0395451fcaad_12分.jpg,diverse,cluster_4,3444,0.7821354866027832,True,keep,non_random_source=diverse,,
Batch01,20240330-0402-4926-fef5-90ef65929954,Batch01/20240330-0402-4926-fef5-90ef65929954/20240330-0402-4926-fef5-90ef65929954_055e6b35-7747-44a0-92a3-5b1111be6d16_13分.jpg,20240330-0402-4926-fef5-90ef65929954_055e6b35-7747-44a0-92a3-5b1111be6d16_13分.jpg,diverse,cluster_4,3444,0.5630511045455933,False,keep,non_random_source=diverse,,
Batch01,20240330-0402-4926-fef5-90ef65929954,Batch01/20240330-0402-4926-fef5-90ef65929954/20240330-0402-4926-fef5-90ef65929954_abb952a7-1e99-4427-811f-503ccb173b7b_6分.jpg,20240330-0402-4926-fef5-90ef65929954_abb952a7-1e99-4427-811f-503ccb173b7b_6分.jpg,hard,cluster_5,2606,0.35620278120040894,False,keep,non_random_source=hard,,
Batch01,20240330-0402-4926-fef5-90ef65929954,Batch01/20240330-0402-4926-fef5-90ef65929954/20240330-0402-4926-fef5-90ef65929954_eb1b4699-0cac-4ace-89d2-4a8ac2ff8486_12分.jpg,20240330-0402-4926-fef5-90ef65929954_eb1b4699-0cac-4ace-89d2-4a8ac2ff8486_12分.jpg,diverse,cluster_0,2169,0.3608430027961731,False,keep,non_random_source=diverse,,
Batch01,20240330-0402-4926-fef5-90ef65929954,Batch01/20240330-0402-4926-fef5-90ef65929954/20240330-0402-4926-fef5-90ef65929954_fbd7baf8-0817-482a-9b72-e51f3e1697ae_6分.jpg,20240330-0402-4926-fef5-90ef65929954_fbd7baf8-0817-482a-9b72-e51f3e1697ae_6分.jpg,hard,cluster_0,2169,0.43680045008659363,False,keep,non_random_source=hard,,
Batch01,20240407-1438-1198-d322-6a2bab930559,Batch01/20240407-1438-1198-d322-6a2bab930559/20240407-1438-1198-d322-6a2bab930559_0bd57b97-9c00-416a-b5ca-a8c402508e7c_15分.jpg,20240407-1438-1198-d322-6a2bab930559_0bd57b97-9c00-416a-b5ca-a8c402508e7c_15分.jpg,hard,cluster_5,2606,0.70904141664505,True,keep,non_random_source=hard,,
Batch01,20240407-1438-1198-d322-6a2bab930559,Batch01/20240407-1438-1198-d322-6a2bab930559/20240407-1438-1198-d322-6a2bab930559_0dc76f4a-f253-4a9e-b112-73c99050a188_1分.jpg,20240407-1438-1198-d322-6a2bab930559_0dc76f4a-f253-4a9e-b112-73c99050a188_1分.jpg,replacement,cluster_2,2092,0.8172926306724548,True,keep,non_random_source=replacement,,
Batch01,20240407-1438-1198-d322-6a2bab930559,Batch01/20240407-1438-1198-d322-6a2bab930559/20240407-1438-1198-d322-6a2bab930559_0dffcd5f-f5f9-4bc2-b68f-5cd197d22a38_8分.jpg,20240407-1438-1198-d322-6a2bab930559_0dffcd5f-f5f9-4bc2-b68f-5cd197d22a38_8分.jpg,diverse,cluster_5,2606,0.7412029504776001,True,keep,non_random_source=diverse,,
Batch01,20240407-1438-1198-d322-6a2bab930559,Batch01/20240407-1438-1198-d322-6a2bab930559/20240407-1438-1198-d322-6a2bab930559_145407e8-097e-44eb-b147-d9bb6597afc2_2分.jpg,20240407-1438-1198-d322-6a2bab930559_145407e8-097e-44eb-b147-d9bb6597afc2_2分.jpg,replacement,cluster_2,2092,0.7381080389022827,True,keep,non_random_source=replacement,,
Batch01,20240407-1438-1198-d322-6a2bab930559,Batch01/20240407-1438-1198-d322-6a2bab930559/20240407-1438-1198-d322-6a2bab930559_445ca9da-cb26-4c7d-98d5-cd8fc879e16b_9分.jpg,20240407-1438-1198-d322-6a2bab930559_445ca9da-cb26-4c7d-98d5-cd8fc879e16b_9分.jpg,replacement,cluster_5,2606,0.7130612134933472,True,keep,non_random_source=replacement,,
Batch01,20240407-1438-1198-d322-6a2bab930559,Batch01/20240407-1438-1198-d322-6a2bab930559/20240407-1438-1198-d322-6a2bab930559_5156209a-0c3e-4249-8c26-84458c40d80b_11分.jpg,20240407-1438-1198-d322-6a2bab930559_5156209a-0c3e-4249-8c26-84458c40d80b_11分.jpg,replacement,cluster_5,2606,0.7064439058303833,True,keep,non_random_source=replacement,,
Batch01,20240407-1438-1198-d322-6a2bab930559,Batch01/20240407-1438-1198-d322-6a2bab930559/20240407-1438-1198-d322-6a2bab930559_a3ee7420-7488-4094-a0a3-1076e82feafb_1分.jpg,20240407-1438-1198-d322-6a2bab930559_a3ee7420-7488-4094-a0a3-1076e82feafb_1分.jpg,diverse,cluster_2,2092,0.731425404548645,True,keep,non_random_source=diverse,,
Batch01,20240407-1438-1198-d322-6a2bab930559,Batch01/20240407-1438-1198-d322-6a2bab930559/20240407-1438-1198-d322-6a2bab930559_bd7853a6-285f-474c-a386-f930ac1190e4_9分.jpg,20240407-1438-1198-d322-6a2bab930559_bd7853a6-285f-474c-a386-f930ac1190e4_9分.jpg,hard,cluster_5,2606,0.7558758854866028,True,keep,non_random_source=hard,,
Batch01,20240408-0105-32cd-85cc-8ba3e7086083,Batch01/20240408-0105-32cd-85cc-8ba3e7086083/20240408-0105-32cd-85cc-8ba3e7086083_0f8ae618-c9ee-4382-b593-266d60943b21_15分.jpg,20240408-0105-32cd-85cc-8ba3e7086083_0f8ae618-c9ee-4382-b593-266d60943b21_15分.jpg,diverse,cluster_4,3444,0.7558087706565857,True,keep,non_random_source=diverse,,
Batch01,20240408-0105-32cd-85cc-8ba3e7086083,Batch01/20240408-0105-32cd-85cc-8ba3e7086083/20240408-0105-32cd-85cc-8ba3e7086083_160dc2c3-4b07-4a37-9d01-0dae29c18d7b_15分.jpg,20240408-0105-32cd-85cc-8ba3e7086083_160dc2c3-4b07-4a37-9d01-0dae29c18d7b_15分.jpg,replacement,cluster_8,2333,0.5155226588249207,True,keep,non_random_source=replacement,,
Batch01,20240408-0105-32cd-85cc-8ba3e7086083,Batch01/20240408-0105-32cd-85cc-8ba3e7086083/20240408-0105-32cd-85cc-8ba3e7086083_1bef9058-90b9-4476-88f1-88c070b11f8e_4分.jpg,20240408-0105-32cd-85cc-8ba3e7086083_1bef9058-90b9-4476-88f1-88c070b11f8e_4分.jpg,replacement,cluster_4,3444,0.616685152053833,True,keep,non_random_source=replacement,,
Batch01,20240408-0105-32cd-85cc-8ba3e7086083,Batch01/20240408-0105-32cd-85cc-8ba3e7086083/20240408-0105-32cd-85cc-8ba3e7086083_3eee0aa0-c5e6-40ca-a25b-3a5f6c1762c5_11分.jpg,20240408-0105-32cd-85cc-8ba3e7086083_3eee0aa0-c5e6-40ca-a25b-3a5f6c1762c5_11分.jpg,replacement,cluster_8,2333,0.5533146858215332,True,keep,non_random_source=replacement,,
Batch01,20240408-0105-32cd-85cc-8ba3e7086083,Batch01/20240408-0105-32cd-85cc-8ba3e7086083/20240408-0105-32cd-85cc-8ba3e7086083_42f7880b-2500-443e-8493-ceea3744e44e_13分.jpg,20240408-0105-32cd-85cc-8ba3e7086083_42f7880b-2500-443e-8493-ceea3744e44e_13分.jpg,hard,cluster_8,2333,0.43984076380729675,True,keep,non_random_source=hard,,
Batch01,20240408-0105-32cd-85cc-8ba3e7086083,Batch01/20240408-0105-32cd-85cc-8ba3e7086083/20240408-0105-32cd-85cc-8ba3e7086083_56a82d63-bbbf-4e3d-92b6-a2e9da8abebc_4分.jpg,20240408-0105-32cd-85cc-8ba3e7086083_56a82d63-bbbf-4e3d-92b6-a2e9da8abebc_4分.jpg,diverse,cluster_8,2333,0.5305532217025757,True,keep,non_random_source=diverse,,
Batch01,20240408-0105-32cd-85cc-8ba3e7086083,Batch01/20240408-0105-32cd-85cc-8ba3e7086083/20240408-0105-32cd-85cc-8ba3e7086083_5fa4a384-5f30-4882-a165-a6a3ffc02945_6分.jpg,20240408-0105-32cd-85cc-8ba3e7086083_5fa4a384-5f30-4882-a165-a6a3ffc02945_6分.jpg,hard,cluster_8,2333,0.5023863315582275,True,keep,non_random_source=hard,,
Batch01,20240408-0105-32cd-85cc-8ba3e7086083,Batch01/20240408-0105-32cd-85cc-8ba3e7086083/20240408-0105-32cd-85cc-8ba3e7086083_765e2670-5075-4ed9-9e22-58b66fafeb89_13分.jpg,20240408-0105-32cd-85cc-8ba3e7086083_765e2670-5075-4ed9-9e22-58b66fafeb89_13分.jpg,replacement,cluster_8,2333,0.596824049949646,True,keep,non_random_source=replacement,,
Batch01,20240408-0538-3602-d7fc-c1aa86984501,Batch01/20240408-0538-3602-d7fc-c1aa86984501/20240408-0538-3602-d7fc-c1aa86984501_39fdb32f-3cc8-482f-a0af-1f6b6d9a6dba_2分.jpg,20240408-0538-3602-d7fc-c1aa86984501_39fdb32f-3cc8-482f-a0af-1f6b6d9a6dba_2分.jpg,replacement,cluster_5,2606,0.7367450594902039,True,keep,non_random_source=replacement,,
Batch01,20240408-0538-3602-d7fc-c1aa86984501,Batch01/20240408-0538-3602-d7fc-c1aa86984501/20240408-0538-3602-d7fc-c1aa86984501_3aa849d5-cd09-41f5-aaf4-237e3590551d_6分.jpg,20240408-0538-3602-d7fc-c1aa86984501_3aa849d5-cd09-41f5-aaf4-237e3590551d_6分.jpg,hard,cluster_5,2606,0.7901054620742798,True,keep,non_random_source=hard,,
Batch01,20240408-0538-3602-d7fc-c1aa86984501,Batch01/20240408-0538-3602-d7fc-c1aa86984501/20240408-0538-3602-d7fc-c1aa86984501_7f9926f2-9b8e-4123-bc0e-66623163a58c_6分.jpg,20240408-0538-3602-d7fc-c1aa86984501_7f9926f2-9b8e-4123-bc0e-66623163a58c_6分.jpg,diverse,cluster_2,2092,0.7335683107376099,True,keep,non_random_source=diverse,,
Batch01,20240408-0538-3602-d7fc-c1aa86984501,Batch01/20240408-0538-3602-d7fc-c1aa86984501/20240408-0538-3602-d7fc-c1aa86984501_998444e4-74ba-4048-9d7e-fd7d43de4e18_14分.jpg,20240408-0538-3602-d7fc-c1aa86984501_998444e4-74ba-4048-9d7e-fd7d43de4e18_14分.jpg,replacement,cluster_5,2606,0.835841953754425,True,keep,non_random_source=replacement,,
Batch01,20240408-0538-3602-d7fc-c1aa86984501,Batch01/20240408-0538-3602-d7fc-c1aa86984501/20240408-0538-3602-d7fc-c1aa86984501_9c6ef7fa-8a35-492b-8de6-4500dba772bb_1分.jpg,20240408-0538-3602-d7fc-c1aa86984501_9c6ef7fa-8a35-492b-8de6-4500dba772bb_1分.jpg,replacement,cluster_5,2606,0.6617450714111328,True,keep,non_random_source=replacement,,
Batch01,20240408-0538-3602-d7fc-c1aa86984501,Batch01/20240408-0538-3602-d7fc-c1aa86984501/20240408-0538-3602-d7fc-c1aa86984501_bf5dd02f-cd50-4c66-a565-56bcb6366b9a_15分.jpg,20240408-0538-3602-d7fc-c1aa86984501_bf5dd02f-cd50-4c66-a565-56bcb6366b9a_15分.jpg,diverse,cluster_5,2606,0.8293245434761047,True,keep,non_random_source=diverse,,
Batch01,20240408-0538-3602-d7fc-c1aa86984501,Batch01/20240408-0538-3602-d7fc-c1aa86984501/20240408-0538-3602-d7fc-c1aa86984501_e41623c6-72d8-43ff-8288-6e13e397ddce_7分.jpg,20240408-0538-3602-d7fc-c1aa86984501_e41623c6-72d8-43ff-8288-6e13e397ddce_7分.jpg,replacement,cluster_5,2606,0.8387535214424133,True,keep,non_random_source=replacement,,
Batch01,20240408-0538-3602-d7fc-c1aa86984501,Batch01/20240408-0538-3602-d7fc-c1aa86984501/20240408-0538-3602-d7fc-c1aa86984501_fc473fe0-5e28-44c0-82aa-31277bc99066_17分.jpg,20240408-0538-3602-d7fc-c1aa86984501_fc473fe0-5e28-44c0-82aa-31277bc99066_17分.jpg,hard,cluster_5,2606,0.8038933277130127,True,keep,non_random_source=hard,,
Batch01,20240409-0448-26cb-84d1-70c5df394134,Batch01/20240409-0448-26cb-84d1-70c5df394134/20240409-0448-26cb-84d1-70c5df394134_0907cff6-c6cd-4d9c-af69-2b3f1a8f9b52_11分.jpg,20240409-0448-26cb-84d1-70c5df394134_0907cff6-c6cd-4d9c-af69-2b3f1a8f9b52_11分.jpg,diverse,cluster_0,2169,0.6910000443458557,True,keep,non_random_source=diverse,,
Batch01,20240409-0448-26cb-84d1-70c5df394134,Batch01/20240409-0448-26cb-84d1-70c5df394134/20240409-0448-26cb-84d1-70c5df394134_1bef9855-64a0-4926-9d9d-c0bac6e4b86e_12分.jpg,20240409-0448-26cb-84d1-70c5df394134_1bef9855-64a0-4926-9d9d-c0bac6e4b86e_12分.jpg,hard,cluster_0,2169,0.7565485239028931,True,keep,non_random_source=hard,,
Batch01,20240409-0448-26cb-84d1-70c5df394134,Batch01/20240409-0448-26cb-84d1-70c5df394134/20240409-0448-26cb-84d1-70c5df394134_2f351d7f-9390-418d-8e7b-d0d12d01e5a5_8分.jpg,20240409-0448-26cb-84d1-70c5df394134_2f351d7f-9390-418d-8e7b-d0d12d01e5a5_8分.jpg,replacement,cluster_0,2169,0.7922030687332153,True,keep,non_random_source=replacement,,
Batch01,20240409-0448-26cb-84d1-70c5df394134,Batch01/20240409-0448-26cb-84d1-70c5df394134/20240409-0448-26cb-84d1-70c5df394134_357e9166-1ee7-4ca3-af95-59c88aee3cc7_6分.jpg,20240409-0448-26cb-84d1-70c5df394134_357e9166-1ee7-4ca3-af95-59c88aee3cc7_6分.jpg,replacement,cluster_3,2444,0.8358157873153687,True,keep,non_random_source=replacement,,
Batch01,20240409-0448-26cb-84d1-70c5df394134,Batch01/20240409-0448-26cb-84d1-70c5df394134/20240409-0448-26cb-84d1-70c5df394134_96181638-3e2c-4555-8bb9-be6e3f7cfd18_10分.jpg,20240409-0448-26cb-84d1-70c5df394134_96181638-3e2c-4555-8bb9-be6e3f7cfd18_10分.jpg,hard,cluster_0,2169,0.7686980366706848,True,keep,non_random_source=hard,,
Batch01,20240409-0448-26cb-84d1-70c5df394134,Batch01/20240409-0448-26cb-84d1-70c5df394134/20240409-0448-26cb-84d1-70c5df394134_c3a0c3ca-b5b2-484c-b7d5-ee652379da5b_8分.jpg,20240409-0448-26cb-84d1-70c5df394134_c3a0c3ca-b5b2-484c-b7d5-ee652379da5b_8分.jpg,replacement,cluster_0,2169,0.6216243505477905,True,keep,non_random_source=replacement,,
Batch01,20240409-0448-26cb-84d1-70c5df394134,Batch01/20240409-0448-26cb-84d1-70c5df394134/20240409-0448-26cb-84d1-70c5df394134_d14c7484-43c7-48a3-a8a1-64dee7f01ecc_6分.jpg,20240409-0448-26cb-84d1-70c5df394134_d14c7484-43c7-48a3-a8a1-64dee7f01ecc_6分.jpg,replacement,cluster_3,2444,0.706628143787384,True,keep,non_random_source=replacement,,
Batch01,20240409-0448-26cb-84d1-70c5df394134,Batch01/20240409-0448-26cb-84d1-70c5df394134/20240409-0448-26cb-84d1-70c5df394134_d257c7ab-f79d-4010-a3bd-f6e1d66e1845_6分.jpg,20240409-0448-26cb-84d1-70c5df394134_d257c7ab-f79d-4010-a3bd-f6e1d66e1845_6分.jpg,diverse,cluster_3,2444,0.8236268758773804,True,keep,non_random_source=diverse,,
Batch01,20240409-0904-4945-eed0-489f57125199,Batch01/20240409-0904-4945-eed0-489f57125199/20240409-0904-4945-eed0-489f57125199_1cf6e590-bf3d-4dba-af65-1f306279ba1f_1分.jpg,20240409-0904-4945-eed0-489f57125199_1cf6e590-bf3d-4dba-af65-1f306279ba1f_1分.jpg,hard,cluster_1,1389,0.35339412093162537,False,keep,non_random_source=hard,,
Batch01,20240409-0904-4945-eed0-489f57125199,Batch01/20240409-0904-4945-eed0-489f57125199/20240409-0904-4945-eed0-489f57125199_2f54f82d-f39d-4f8b-af29-3d810827c324_15分.jpg,20240409-0904-4945-eed0-489f57125199_2f54f82d-f39d-4f8b-af29-3d810827c324_15分.jpg,diverse,cluster_1,1389,0.49905267357826233,False,keep,non_random_source=diverse,,
Batch01,20240409-0904-4945-eed0-489f57125199,Batch01/20240409-0904-4945-eed0-489f57125199/20240409-0904-4945-eed0-489f57125199_afd10420-74a9-436d-9364-e0e612b35410_6分.jpg,20240409-0904-4945-eed0-489f57125199_afd10420-74a9-436d-9364-e0e612b35410_6分.jpg,diverse,cluster_4,3444,0.615150511264801,False,keep,non_random_source=diverse,,
Batch01,20240409-0904-4945-eed0-489f57125199,Batch01/20240409-0904-4945-eed0-489f57125199/20240409-0904-4945-eed0-489f57125199_c175a2b5-e9da-4fc9-95e9-9b268a9d489c_15分.jpg,20240409-0904-4945-eed0-489f57125199_c175a2b5-e9da-4fc9-95e9-9b268a9d489c_15分.jpg,hard,cluster_1,1389,0.34865665435791016,False,keep,non_random_source=hard,,
Batch01,20240409-2323-05a2-cc59-7e65ed092863,Batch01/20240409-2323-05a2-cc59-7e65ed092863/20240409-2323-05a2-cc59-7e65ed092863_10ca132b-ba62-4e32-8d13-5fcfdbfbcd2f_7分.jpg,20240409-2323-05a2-cc59-7e65ed092863_10ca132b-ba62-4e32-8d13-5fcfdbfbcd2f_7分.jpg,hard,cluster_8,2333,0.583948016166687,False,keep,non_random_source=hard,,
Batch01,20240409-2323-05a2-cc59-7e65ed092863,Batch01/20240409-2323-05a2-cc59-7e65ed092863/20240409-2323-05a2-cc59-7e65ed092863_512363e6-0a50-4965-ab49-680e0b331a30_7分.jpg,20240409-2323-05a2-cc59-7e65ed092863_512363e6-0a50-4965-ab49-680e0b331a30_7分.jpg,diverse,cluster_4,3444,0.6590890884399414,False,keep,non_random_source=diverse,,
Batch01,20240409-2323-05a2-cc59-7e65ed092863,Batch01/20240409-2323-05a2-cc59-7e65ed092863/20240409-2323-05a2-cc59-7e65ed092863_75a771e7-b0da-4096-8fe6-f60914ed98a4_2分.jpg,20240409-2323-05a2-cc59-7e65ed092863_75a771e7-b0da-4096-8fe6-f60914ed98a4_2分.jpg,diverse,cluster_8,2333,0.4754449725151062,False,keep,non_random_source=diverse,,
Batch01,20240409-2323-05a2-cc59-7e65ed092863,Batch01/20240409-2323-05a2-cc59-7e65ed092863/20240409-2323-05a2-cc59-7e65ed092863_80300833-30da-4d60-8e05-9fd9ae34af56_2分.jpg,20240409-2323-05a2-cc59-7e65ed092863_80300833-30da-4d60-8e05-9fd9ae34af56_2分.jpg,hard,cluster_8,2333,0.6273839473724365,False,keep,non_random_source=hard,,
Batch01,20240409-2359-1909-dd99-0de676457847,Batch01/20240409-2359-1909-dd99-0de676457847/20240409-2359-1909-dd99-0de676457847_04105c89-bf04-4b8b-ae79-62108de640bc_9分.jpg,20240409-2359-1909-dd99-0de676457847_04105c89-bf04-4b8b-ae79-62108de640bc_9分.jpg,replacement,cluster_0,2169,0.7342153191566467,True,keep,non_random_source=replacement,,
Batch01,20240409-2359-1909-dd99-0de676457847,Batch01/20240409-2359-1909-dd99-0de676457847/20240409-2359-1909-dd99-0de676457847_42e62c8f-95ed-4972-bc8b-a07d41851ee6_6分.jpg,20240409-2359-1909-dd99-0de676457847_42e62c8f-95ed-4972-bc8b-a07d41851ee6_6分.jpg,diverse,cluster_3,2444,0.7746838331222534,True,keep,non_random_source=diverse,,
Batch01,20240409-2359-1909-dd99-0de676457847,Batch01/20240409-2359-1909-dd99-0de676457847/20240409-2359-1909-dd99-0de676457847_48b30ea4-384b-4bbd-838b-4693c919fb40_17分.jpg,20240409-2359-1909-dd99-0de676457847_48b30ea4-384b-4bbd-838b-4693c919fb40_17分.jpg,replacement,cluster_0,2169,0.7090063095092773,True,keep,non_random_source=replacement,,
Batch01,20240409-2359-1909-dd99-0de676457847,Batch01/20240409-2359-1909-dd99-0de676457847/20240409-2359-1909-dd99-0de676457847_652e528e-9dff-4b0c-a261-994d1796489d_10分.jpg,20240409-2359-1909-dd99-0de676457847_652e528e-9dff-4b0c-a261-994d1796489d_10分.jpg,replacement,cluster_0,2169,0.7115268111228943,True,keep,non_random_source=replacement,,
Batch01,20240409-2359-1909-dd99-0de676457847,Batch01/20240409-2359-1909-dd99-0de676457847/20240409-2359-1909-dd99-0de676457847_9ef49348-d245-4510-9f2c-b14b8e4a3ac2_14分.jpg,20240409-2359-1909-dd99-0de676457847_9ef49348-d245-4510-9f2c-b14b8e4a3ac2_14分.jpg,replacement,cluster_0,2169,0.5108084678649902,True,keep,non_random_source=replacement,,
Batch01,20240409-2359-1909-dd99-0de676457847,Batch01/20240409-2359-1909-dd99-0de676457847/20240409-2359-1909-dd99-0de676457847_a0917741-7585-4ec5-8cc3-9ee89049bf6d_2分.jpg,20240409-2359-1909-dd99-0de676457847_a0917741-7585-4ec5-8cc3-9ee89049bf6d_2分.jpg,hard,cluster_0,2169,0.7578766345977783,True,keep,non_random_source=hard,,
Batch01,20240409-2359-1909-dd99-0de676457847,Batch01/20240409-2359-1909-dd99-0de676457847/20240409-2359-1909-dd99-0de676457847_e09f3cd9-f3eb-4dcc-9354-73c5bae6dc24_5分.jpg,20240409-2359-1909-dd99-0de676457847_e09f3cd9-f3eb-4dcc-9354-73c5bae6dc24_5分.jpg,diverse,cluster_0,2169,0.7784556150436401,True,keep,non_random_source=diverse,,
Batch01,20240409-2359-1909-dd99-0de676457847,Batch01/20240409-2359-1909-dd99-0de676457847/20240409-2359-1909-dd99-0de676457847_ff23b6ad-645e-4a98-bd11-14d482769bb4_17分.jpg,20240409-2359-1909-dd99-0de676457847_ff23b6ad-645e-4a98-bd11-14d482769bb4_17分.jpg,hard,cluster_0,2169,0.7675877213478088,True,keep,non_random_source=hard,,
Batch01,20240411-0043-3474-46ef-40bf44601664,Batch01/20240411-0043-3474-46ef-40bf44601664/20240411-0043-3474-46ef-40bf44601664_1af6db9a-05a5-4f7f-89dd-1368bb5d7e24_13分.jpg,20240411-0043-3474-46ef-40bf44601664_1af6db9a-05a5-4f7f-89dd-1368bb5d7e24_13分.jpg,diverse,cluster_1,1389,0.5376378893852234,False,keep,non_random_source=diverse,,
Batch01,20240411-0043-3474-46ef-40bf44601664,Batch01/20240411-0043-3474-46ef-40bf44601664/20240411-0043-3474-46ef-40bf44601664_2ed11456-4733-44ac-a424-b4aefaf8ca12_14分.jpg,20240411-0043-3474-46ef-40bf44601664_2ed11456-4733-44ac-a424-b4aefaf8ca12_14分.jpg,hard,cluster_1,1389,0.658129870891571,False,keep,non_random_source=hard,,
Batch01,20240411-0043-3474-46ef-40bf44601664,Batch01/20240411-0043-3474-46ef-40bf44601664/20240411-0043-3474-46ef-40bf44601664_2fb4fd65-2741-4196-b7d6-a9eab304ea93_4分.jpg,20240411-0043-3474-46ef-40bf44601664_2fb4fd65-2741-4196-b7d6-a9eab304ea93_4分.jpg,diverse,cluster_9,3636,0.7388929128646851,False,keep,non_random_source=diverse,,
Batch01,20240411-0043-3474-46ef-40bf44601664,Batch01/20240411-0043-3474-46ef-40bf44601664/20240411-0043-3474-46ef-40bf44601664_6ca8de5f-dbfc-4ef7-b9dc-66e1f17adacc_14分.jpg,20240411-0043-3474-46ef-40bf44601664_6ca8de5f-dbfc-4ef7-b9dc-66e1f17adacc_14分.jpg,hard,cluster_1,1389,0.6592819094657898,False,keep,non_random_source=hard,,
Batch01,20240414-1422-244b-2ac8-345738720636,Batch01/20240414-1422-244b-2ac8-345738720636/20240414-1422-244b-2ac8-345738720636_5df01f81-4f2d-4da0-86a6-c861e5c0d180_1分.jpg,20240414-1422-244b-2ac8-345738720636_5df01f81-4f2d-4da0-86a6-c861e5c0d180_1分.jpg,diverse,cluster_5,2606,0.3388063907623291,False,keep,non_random_source=diverse,,
Batch01,20240414-1422-244b-2ac8-345738720636,Batch01/20240414-1422-244b-2ac8-345738720636/20240414-1422-244b-2ac8-345738720636_62e80a31-717e-40fb-a7e1-51c30944bc7c_10分.jpg,20240414-1422-244b-2ac8-345738720636_62e80a31-717e-40fb-a7e1-51c30944bc7c_10分.jpg,diverse,cluster_4,3444,0.44804856181144714,False,keep,non_random_source=diverse,,
Batch01,20240414-1422-244b-2ac8-345738720636,Batch01/20240414-1422-244b-2ac8-345738720636/20240414-1422-244b-2ac8-345738720636_bcfbe0c2-d55c-4df4-a2fe-68f8265d5e9e_3分.jpg,20240414-1422-244b-2ac8-345738720636_bcfbe0c2-d55c-4df4-a2fe-68f8265d5e9e_3分.jpg,hard,cluster_10,2055,0.31389573216438293,False,keep,non_random_source=hard,,
Batch01,20240414-1422-244b-2ac8-345738720636,Batch01/20240414-1422-244b-2ac8-345738720636/20240414-1422-244b-2ac8-345738720636_fe5b6d5b-e205-401c-b44f-4663458a5a80_7分.jpg,20240414-1422-244b-2ac8-345738720636_fe5b6d5b-e205-401c-b44f-4663458a5a80_7分.jpg,hard,cluster_10,2055,0.3106983006000519,False,keep,non_random_source=hard,,
Batch01,20240415-0732-40a8-fcaf-15eb26226976,Batch01/20240415-0732-40a8-fcaf-15eb26226976/20240415-0732-40a8-fcaf-15eb26226976_3b682d5d-1d02-4622-a962-98899d738454_4分.jpg,20240415-0732-40a8-fcaf-15eb26226976_3b682d5d-1d02-4622-a962-98899d738454_4分.jpg,replacement,cluster_7,2261,0.2489091008901596,True,keep,non_random_source=replacement,,
Batch01,20240415-0732-40a8-fcaf-15eb26226976,Batch01/20240415-0732-40a8-fcaf-15eb26226976/20240415-0732-40a8-fcaf-15eb26226976_3dc75727-09fd-4379-ba31-f7feea5a4745_5分.jpg,20240415-0732-40a8-fcaf-15eb26226976_3dc75727-09fd-4379-ba31-f7feea5a4745_5分.jpg,hard,cluster_0,2169,0.48443982005119324,True,keep,non_random_source=hard,,
Batch01,20240415-0732-40a8-fcaf-15eb26226976,Batch01/20240415-0732-40a8-fcaf-15eb26226976/20240415-0732-40a8-fcaf-15eb26226976_64e5fae3-314b-4a08-ab11-08796ea06d03_13分.jpg,20240415-0732-40a8-fcaf-15eb26226976_64e5fae3-314b-4a08-ab11-08796ea06d03_13分.jpg,diverse,cluster_0,2169,0.5474613904953003,True,keep,non_random_source=diverse,,
Batch01,20240415-0732-40a8-fcaf-15eb26226976,Batch01/20240415-0732-40a8-fcaf-15eb26226976/20240415-0732-40a8-fcaf-15eb26226976_c3c8614e-e554-4b5a-a967-5d39c66df76b_2分.jpg,20240415-0732-40a8-fcaf-15eb26226976_c3c8614e-e554-4b5a-a967-5d39c66df76b_2分.jpg,replacement,cluster_4,3444,0.3891337811946869,True,keep,non_random_source=replacement,,
Batch01,20240415-0732-40a8-fcaf-15eb26226976,Batch01/20240415-0732-40a8-fcaf-15eb26226976/20240415-0732-40a8-fcaf-15eb26226976_c4066208-f359-4f53-842a-ed33394a021e_6分.jpg,20240415-0732-40a8-fcaf-15eb26226976_c4066208-f359-4f53-842a-ed33394a021e_6分.jpg,hard,cluster_12,4553,0.5007519125938416,True,keep,non_random_source=hard,,
Batch01,20240415-0732-40a8-fcaf-15eb26226976,Batch01/20240415-0732-40a8-fcaf-15eb26226976/20240415-0732-40a8-fcaf-15eb26226976_d6fe6e2f-4877-43ac-9e3e-84d1d226aa07_3分.jpg,20240415-0732-40a8-fcaf-15eb26226976_d6fe6e2f-4877-43ac-9e3e-84d1d226aa07_3分.jpg,diverse,cluster_4,3444,0.49818381667137146,True,keep,non_random_source=diverse,,
Batch01,20240415-0732-40a8-fcaf-15eb26226976,Batch01/20240415-0732-40a8-fcaf-15eb26226976/20240415-0732-40a8-fcaf-15eb26226976_e775f3d7-6663-413b-923e-70ab7ff458c7_7分.jpg,20240415-0732-40a8-fcaf-15eb26226976_e775f3d7-6663-413b-923e-70ab7ff458c7_7分.jpg,replacement,cluster_0,2169,0.4085467457771301,True,keep,non_random_source=replacement,,
Batch01,20240415-0732-40a8-fcaf-15eb26226976,Batch01/20240415-0732-40a8-fcaf-15eb26226976/20240415-0732-40a8-fcaf-15eb26226976_fbf4b6ee-e11b-4347-8eb4-f54f11374b09_8分.jpg,20240415-0732-40a8-fcaf-15eb26226976_fbf4b6ee-e11b-4347-8eb4-f54f11374b09_8分.jpg,replacement,cluster_0,2169,0.49843713641166687,True,keep,non_random_source=replacement,,
Batch01,20240417-0211-2267-a4bf-584902447500,Batch01/20240417-0211-2267-a4bf-584902447500/20240417-0211-2267-a4bf-584902447500_0d83dc72-bd5e-4d1a-9b24-9a37879440da_6分.jpg,20240417-0211-2267-a4bf-584902447500_0d83dc72-bd5e-4d1a-9b24-9a37879440da_6分.jpg,replacement,cluster_4,3444,0.5334444046020508,True,keep,non_random_source=replacement,,
Batch01,20240417-0211-2267-a4bf-584902447500,Batch01/20240417-0211-2267-a4bf-584902447500/20240417-0211-2267-a4bf-584902447500_2ebb9ce4-cbe9-4ec7-8919-76b9f2e17d4d_5分.jpg,20240417-0211-2267-a4bf-584902447500_2ebb9ce4-cbe9-4ec7-8919-76b9f2e17d4d_5分.jpg,replacement,cluster_4,3444,0.5956665277481079,True,keep,non_random_source=replacement,,
Batch01,20240417-0211-2267-a4bf-584902447500,Batch01/20240417-0211-2267-a4bf-584902447500/20240417-0211-2267-a4bf-584902447500_3f47c3b0-e60e-486d-981b-8e6a3cf6f4e0_2分.jpg,20240417-0211-2267-a4bf-584902447500_3f47c3b0-e60e-486d-981b-8e6a3cf6f4e0_2分.jpg,replacement,cluster_4,3444,0.4481724798679352,True,keep,non_random_source=replacement,,
Batch01,20240417-0211-2267-a4bf-584902447500,Batch01/20240417-0211-2267-a4bf-584902447500/20240417-0211-2267-a4bf-584902447500_5adc71dc-0642-4999-9cad-72613fb7ff30_9分.jpg,20240417-0211-2267-a4bf-584902447500_5adc71dc-0642-4999-9cad-72613fb7ff30_9分.jpg,hard,cluster_10,2055,0.5050677061080933,True,keep,non_random_source=hard,,
Batch01,20240417-0211-2267-a4bf-584902447500,Batch01/20240417-0211-2267-a4bf-584902447500/20240417-0211-2267-a4bf-584902447500_762a35de-ba07-4de9-8f5e-9298e524ea87_7分.jpg,20240417-0211-2267-a4bf-584902447500_762a35de-ba07-4de9-8f5e-9298e524ea87_7分.jpg,diverse,cluster_4,3444,0.6580154299736023,True,keep,non_random_source=diverse,,
Batch01,20240417-0211-2267-a4bf-584902447500,Batch01/20240417-0211-2267-a4bf-584902447500/20240417-0211-2267-a4bf-584902447500_9f04ded6-73ff-490c-a020-ab85f6645f0e_3分.jpg,20240417-0211-2267-a4bf-584902447500_9f04ded6-73ff-490c-a020-ab85f6645f0e_3分.jpg,replacement,cluster_10,2055,0.48703327775001526,True,keep,non_random_source=replacement,,
Batch01,20240417-0211-2267-a4bf-584902447500,Batch01/20240417-0211-2267-a4bf-584902447500/20240417-0211-2267-a4bf-584902447500_cddd53c6-6dbc-443b-9048-19510f02e58b_13分.jpg,20240417-0211-2267-a4bf-584902447500_cddd53c6-6dbc-443b-9048-19510f02e58b_13分.jpg,hard,cluster_5,2606,0.521573007106781,True,keep,non_random_source=hard,,
Batch01,20240417-0211-2267-a4bf-584902447500,Batch01/20240417-0211-2267-a4bf-584902447500/20240417-0211-2267-a4bf-584902447500_d83318c5-ed56-40c7-a801-7ae7fb235c5e_8分.jpg,20240417-0211-2267-a4bf-584902447500_d83318c5-ed56-40c7-a801-7ae7fb235c5e_8分.jpg,diverse,cluster_5,2606,0.47066807746887207,True,keep,non_random_source=diverse,,
Batch01,20240422-0203-0132-d039-bd0df4534783,Batch01/20240422-0203-0132-d039-bd0df4534783/20240422-0203-0132-d039-bd0df4534783_40416899-b11d-40af-8d41-ca9a8a9b8b47_5分.jpg,20240422-0203-0132-d039-bd0df4534783_40416899-b11d-40af-8d41-ca9a8a9b8b47_5分.jpg,hard,cluster_1,1389,0.46557721495628357,False,keep,non_random_source=hard,,
Batch01,20240422-0203-0132-d039-bd0df4534783,Batch01/20240422-0203-0132-d039-bd0df4534783/20240422-0203-0132-d039-bd0df4534783_6d89059a-dd16-4ee1-8066-2c01b9d178e6_8分.jpg,20240422-0203-0132-d039-bd0df4534783_6d89059a-dd16-4ee1-8066-2c01b9d178e6_8分.jpg,diverse,cluster_4,3444,0.5366231203079224,False,keep,non_random_source=diverse,,
Batch01,20240422-0203-0132-d039-bd0df4534783,Batch01/20240422-0203-0132-d039-bd0df4534783/20240422-0203-0132-d039-bd0df4534783_bb7f02d3-027f-48f6-b82c-ac0e47f71f58_3分.jpg,20240422-0203-0132-d039-bd0df4534783_bb7f02d3-027f-48f6-b82c-ac0e47f71f58_3分.jpg,hard,cluster_1,1389,0.38734492659568787,False,keep,non_random_source=hard,,
Batch01,20240422-0203-0132-d039-bd0df4534783,Batch01/20240422-0203-0132-d039-bd0df4534783/20240422-0203-0132-d039-bd0df4534783_d7220da9-e7f9-4f68-802c-e0ce688112a8_11分.jpg,20240422-0203-0132-d039-bd0df4534783_d7220da9-e7f9-4f68-802c-e0ce688112a8_11分.jpg,diverse,cluster_1,1389,0.396002858877182,False,keep,non_random_source=diverse,,
Batch01,20240422-0332-2270-9d08-6c9b43693925,Batch01/20240422-0332-2270-9d08-6c9b43693925/20240422-0332-2270-9d08-6c9b43693925_2ebdae44-dbbe-48a9-b536-0ef208c54f71_2分.jpg,20240422-0332-2270-9d08-6c9b43693925_2ebdae44-dbbe-48a9-b536-0ef208c54f71_2分.jpg,diverse,cluster_0,2169,0.6695999503135681,False,keep,non_random_source=diverse,,
Batch01,20240422-0332-2270-9d08-6c9b43693925,Batch01/20240422-0332-2270-9d08-6c9b43693925/20240422-0332-2270-9d08-6c9b43693925_a97f0e80-263c-4c03-805c-57192f84f819_9分.jpg,20240422-0332-2270-9d08-6c9b43693925_a97f0e80-263c-4c03-805c-57192f84f819_9分.jpg,hard,cluster_0,2169,0.6077156662940979,False,keep,non_random_source=hard,,
Batch01,20240422-0332-2270-9d08-6c9b43693925,Batch01/20240422-0332-2270-9d08-6c9b43693925/20240422-0332-2270-9d08-6c9b43693925_b9af9601-bd69-4308-90b8-ab998bdfc3ed_5分.jpg,20240422-0332-2270-9d08-6c9b43693925_b9af9601-bd69-4308-90b8-ab998bdfc3ed_5分.jpg,hard,cluster_0,2169,0.6054419875144958,False,keep,non_random_source=hard,,
Batch01,20240422-0332-2270-9d08-6c9b43693925,Batch01/20240422-0332-2270-9d08-6c9b43693925/20240422-0332-2270-9d08-6c9b43693925_bf2c4004-dd5b-495d-95d4-cff8dc14fa17_5分.jpg,20240422-0332-2270-9d08-6c9b43693925_bf2c4004-dd5b-495d-95d4-cff8dc14fa17_5分.jpg,diverse,cluster_4,3444,0.6351304650306702,False,keep,non_random_source=diverse,,
Batch01,20240422-0602-1838-21fc-94987a345614,Batch01/20240422-0602-1838-21fc-94987a345614/20240422-0602-1838-21fc-94987a345614_79c20440-5e6e-4ef6-938b-5127d233c878_13分.jpg,20240422-0602-1838-21fc-94987a345614_79c20440-5e6e-4ef6-938b-5127d233c878_13分.jpg,hard,cluster_6,3834,0.2789318859577179,False,keep,non_random_source=hard,,
Batch01,20240422-0602-1838-21fc-94987a345614,Batch01/20240422-0602-1838-21fc-94987a345614/20240422-0602-1838-21fc-94987a345614_853f85c2-6f48-481a-852d-9d86a439a4aa_12分.jpg,20240422-0602-1838-21fc-94987a345614_853f85c2-6f48-481a-852d-9d86a439a4aa_12分.jpg,hard,cluster_1,1389,0.328969806432724,False,keep,non_random_source=hard,,
Batch01,20240422-0602-1838-21fc-94987a345614,Batch01/20240422-0602-1838-21fc-94987a345614/20240422-0602-1838-21fc-94987a345614_d4400ef1-1f5d-4fef-83c2-85166dda87fd_4分.jpg,20240422-0602-1838-21fc-94987a345614_d4400ef1-1f5d-4fef-83c2-85166dda87fd_4分.jpg,diverse,cluster_2,2092,0.6838263869285583,False,keep,non_random_source=diverse,,
Batch01,20240422-0602-1838-21fc-94987a345614,Batch01/20240422-0602-1838-21fc-94987a345614/20240422-0602-1838-21fc-94987a345614_d7011528-ef27-40ef-843a-f89ac44ff704_14分.jpg,20240422-0602-1838-21fc-94987a345614_d7011528-ef27-40ef-843a-f89ac44ff704_14分.jpg,diverse,cluster_1,1389,0.4514825940132141,False,keep,non_random_source=diverse,,
Batch01,20240426-0905-14ca-faa4-d528ec221350,Batch01/20240426-0905-14ca-faa4-d528ec221350/20240426-0905-14ca-faa4-d528ec221350_0a1290b8-2b6b-4bee-972d-f5c12263bb46_8分.jpg,20240426-0905-14ca-faa4-d528ec221350_0a1290b8-2b6b-4bee-972d-f5c12263bb46_8分.jpg,replacement,cluster_9,3636,0.6069910526275635,True,keep,non_random_source=replacement,,
Batch01,20240426-0905-14ca-faa4-d528ec221350,Batch01/20240426-0905-14ca-faa4-d528ec221350/20240426-0905-14ca-faa4-d528ec221350_16be2857-00d4-432e-9a5b-1c38859669af_2分.jpg,20240426-0905-14ca-faa4-d528ec221350_16be2857-00d4-432e-9a5b-1c38859669af_2分.jpg,replacement,cluster_7,2261,0.40904712677001953,True,keep,non_random_source=replacement,,
Batch01,20240426-0905-14ca-faa4-d528ec221350,Batch01/20240426-0905-14ca-faa4-d528ec221350/20240426-0905-14ca-faa4-d528ec221350_369e1865-e885-4c43-a1aa-81ef152e1886_15分.jpg,20240426-0905-14ca-faa4-d528ec221350_369e1865-e885-4c43-a1aa-81ef152e1886_15分.jpg,diverse,cluster_7,2261,0.5711514949798584,True,keep,non_random_source=diverse,,
Batch01,20240426-0905-14ca-faa4-d528ec221350,Batch01/20240426-0905-14ca-faa4-d528ec221350/20240426-0905-14ca-faa4-d528ec221350_6725120d-b70c-4920-b671-22d3ab0497f0_15分.jpg,20240426-0905-14ca-faa4-d528ec221350_6725120d-b70c-4920-b671-22d3ab0497f0_15分.jpg,replacement,cluster_9,3636,0.6586561799049377,True,keep,non_random_source=replacement,,
Batch01,20240426-0905-14ca-faa4-d528ec221350,Batch01/20240426-0905-14ca-faa4-d528ec221350/20240426-0905-14ca-faa4-d528ec221350_6b20c500-c26d-4ffc-afb3-a21912a14604_15分.jpg,20240426-0905-14ca-faa4-d528ec221350_6b20c500-c26d-4ffc-afb3-a21912a14604_15分.jpg,hard,cluster_7,2261,0.3056687116622925,True,keep,non_random_source=hard,,
Batch01,20240426-0905-14ca-faa4-d528ec221350,Batch01/20240426-0905-14ca-faa4-d528ec221350/20240426-0905-14ca-faa4-d528ec221350_9066d44c-3c86-4b0c-9f49-867d4464a002_2分.jpg,20240426-0905-14ca-faa4-d528ec221350_9066d44c-3c86-4b0c-9f49-867d4464a002_2分.jpg,replacement,cluster_9,3636,0.6699644923210144,True,keep,non_random_source=replacement,,
Batch01,20240426-0905-14ca-faa4-d528ec221350,Batch01/20240426-0905-14ca-faa4-d528ec221350/20240426-0905-14ca-faa4-d528ec221350_939d6f21-887c-4103-add3-1082005c20e0_4分.jpg,20240426-0905-14ca-faa4-d528ec221350_939d6f21-887c-4103-add3-1082005c20e0_4分.jpg,diverse,cluster_9,3636,0.6286355257034302,True,keep,non_random_source=diverse,,
Batch01,20240426-0905-14ca-faa4-d528ec221350,Batch01/20240426-0905-14ca-faa4-d528ec221350/20240426-0905-14ca-faa4-d528ec221350_a4fa4a09-cc1e-41ac-a839-38c3a24b8499_15分.jpg,20240426-0905-14ca-faa4-d528ec221350_a4fa4a09-cc1e-41ac-a839-38c3a24b8499_15分.jpg,hard,cluster_12,4553,0.38608723878860474,True,keep,non_random_source=hard,,
Batch01,20240427-0106-2296-0d7f-93554c063663,Batch01/20240427-0106-2296-0d7f-93554c063663/20240427-0106-2296-0d7f-93554c063663_05359ba0-c691-4f9c-a42c-2b2d3ac96d6d_7分.jpg,20240427-0106-2296-0d7f-93554c063663_05359ba0-c691-4f9c-a42c-2b2d3ac96d6d_7分.jpg,replacement,cluster_4,3444,0.5117783546447754,True,keep,non_random_source=replacement,,
Batch01,20240427-0106-2296-0d7f-93554c063663,Batch01/20240427-0106-2296-0d7f-93554c063663/20240427-0106-2296-0d7f-93554c063663_0dee1633-5569-4d7e-9542-65ac39861321_7分.jpg,20240427-0106-2296-0d7f-93554c063663_0dee1633-5569-4d7e-9542-65ac39861321_7分.jpg,replacement,cluster_6,3834,0.3604169189929962,True,keep,non_random_source=replacement,,
Batch01,20240427-0106-2296-0d7f-93554c063663,Batch01/20240427-0106-2296-0d7f-93554c063663/20240427-0106-2296-0d7f-93554c063663_2ee63854-cfaf-465c-952f-c0163856da03_17分.jpg,20240427-0106-2296-0d7f-93554c063663_2ee63854-cfaf-465c-952f-c0163856da03_17分.jpg,hard,cluster_6,3834,0.4671229124069214,True,keep,non_random_source=hard,,
Batch01,20240427-0106-2296-0d7f-93554c063663,Batch01/20240427-0106-2296-0d7f-93554c063663/20240427-0106-2296-0d7f-93554c063663_64848d00-7bc3-4365-8ec2-047583f46b8c_12分.jpg,20240427-0106-2296-0d7f-93554c063663_64848d00-7bc3-4365-8ec2-047583f46b8c_12分.jpg,hard,cluster_5,2606,0.5422129034996033,True,keep,non_random_source=hard,,
Batch01,20240427-0106-2296-0d7f-93554c063663,Batch01/20240427-0106-2296-0d7f-93554c063663/20240427-0106-2296-0d7f-93554c063663_6e58d36b-a6fd-4807-bdf4-265e3ff4346a_4分.jpg,20240427-0106-2296-0d7f-93554c063663_6e58d36b-a6fd-4807-bdf4-265e3ff4346a_4分.jpg,replacement,cluster_4,3444,0.6449046730995178,True,keep,non_random_source=replacement,,
Batch01,20240427-0106-2296-0d7f-93554c063663,Batch01/20240427-0106-2296-0d7f-93554c063663/20240427-0106-2296-0d7f-93554c063663_93513900-65bc-4fc9-93e5-9b0309183a18_8分.jpg,20240427-0106-2296-0d7f-93554c063663_93513900-65bc-4fc9-93e5-9b0309183a18_8分.jpg,replacement,cluster_6,3834,0.3841782212257385,True,keep,non_random_source=replacement,,
Batch01,20240427-0106-2296-0d7f-93554c063663,Batch01/20240427-0106-2296-0d7f-93554c063663/20240427-0106-2296-0d7f-93554c063663_ed76ec5f-7728-4683-8e41-54906ccc5fa3_4分.jpg,20240427-0106-2296-0d7f-93554c063663_ed76ec5f-7728-4683-8e41-54906ccc5fa3_4分.jpg,diverse,cluster_4,3444,0.6625710129737854,True,keep,non_random_source=diverse,,
Batch01,20240427-0106-2296-0d7f-93554c063663,Batch01/20240427-0106-2296-0d7f-93554c063663/20240427-0106-2296-0d7f-93554c063663_fe5b6d4f-ca93-4b66-9a7c-cf9b7524cee4_12分.jpg,20240427-0106-2296-0d7f-93554c063663_fe5b6d4f-ca93-4b66-9a7c-cf9b7524cee4_12分.jpg,diverse,cluster_6,3834,0.4598698914051056,True,keep,non_random_source=diverse,,
Batch01,20240506-0845-059c-baaf-88f84a004860,Batch01/20240506-0845-059c-baaf-88f84a004860/20240506-0845-059c-baaf-88f84a004860_01c93670-c5ee-46a2-b74f-f642e3c4d041_5分.jpg,20240506-0845-059c-baaf-88f84a004860_01c93670-c5ee-46a2-b74f-f642e3c4d041_5分.jpg,diverse,cluster_8,2333,0.5435450077056885,False,keep,non_random_source=diverse,,
Batch01,20240506-0845-059c-baaf-88f84a004860,Batch01/20240506-0845-059c-baaf-88f84a004860/20240506-0845-059c-baaf-88f84a004860_405fa733-ff0e-4388-b5f0-b1274b6be7b0_10分.jpg,20240506-0845-059c-baaf-88f84a004860_405fa733-ff0e-4388-b5f0-b1274b6be7b0_10分.jpg,hard,cluster_8,2333,0.5601255297660828,False,keep,non_random_source=hard,,
Batch01,20240506-0845-059c-baaf-88f84a004860,Batch01/20240506-0845-059c-baaf-88f84a004860/20240506-0845-059c-baaf-88f84a004860_e21ef321-afab-4c5a-8197-6c2daf01de4e_3分.jpg,20240506-0845-059c-baaf-88f84a004860_e21ef321-afab-4c5a-8197-6c2daf01de4e_3分.jpg,diverse,cluster_4,3444,0.7831968069076538,False,keep,non_random_source=diverse,,
Batch01,20240506-0845-059c-baaf-88f84a004860,Batch01/20240506-0845-059c-baaf-88f84a004860/20240506-0845-059c-baaf-88f84a004860_ebb68c1f-d5e2-4c7f-b96b-5a3a48e183bf_10分.jpg,20240506-0845-059c-baaf-88f84a004860_ebb68c1f-d5e2-4c7f-b96b-5a3a48e183bf_10分.jpg,hard,cluster_8,2333,0.581924557685852,False,keep,non_random_source=hard,,
Batch01,20240508-0935-35b3-c748-10df62533820,Batch01/20240508-0935-35b3-c748-10df62533820/20240508-0935-35b3-c748-10df62533820_11c1e996-2e32-41de-bbaf-bdb094a8a9bf_17分.jpg,20240508-0935-35b3-c748-10df62533820_11c1e996-2e32-41de-bbaf-bdb094a8a9bf_17分.jpg,hard,cluster_6,3834,0.7289056181907654,True,keep,non_random_source=hard,,
Batch01,20240508-0935-35b3-c748-10df62533820,Batch01/20240508-0935-35b3-c748-10df62533820/20240508-0935-35b3-c748-10df62533820_3946d28d-806b-4b79-b032-aa6e08190cdb_17分.jpg,20240508-0935-35b3-c748-10df62533820_3946d28d-806b-4b79-b032-aa6e08190cdb_17分.jpg,diverse,cluster_6,3834,0.7035362720489502,True,keep,non_random_source=diverse,,
Batch01,20240508-0935-35b3-c748-10df62533820,Batch01/20240508-0935-35b3-c748-10df62533820/20240508-0935-35b3-c748-10df62533820_48bffb56-186f-4dea-9644-bb5865344a0c_13分.jpg,20240508-0935-35b3-c748-10df62533820_48bffb56-186f-4dea-9644-bb5865344a0c_13分.jpg,replacement,cluster_6,3834,0.6512888669967651,True,keep,non_random_source=replacement,,
Batch01,20240508-0935-35b3-c748-10df62533820,Batch01/20240508-0935-35b3-c748-10df62533820/20240508-0935-35b3-c748-10df62533820_6b4ad74e-d729-4cf9-954d-230b63cbbeae_8分.jpg,20240508-0935-35b3-c748-10df62533820_6b4ad74e-d729-4cf9-954d-230b63cbbeae_8分.jpg,replacement,cluster_2,2092,0.7297790050506592,True,keep,non_random_source=replacement,,
Batch01,20240508-0935-35b3-c748-10df62533820,Batch01/20240508-0935-35b3-c748-10df62533820/20240508-0935-35b3-c748-10df62533820_792885d3-e097-4bab-9da3-dcdef4ccd758_11分.jpg,20240508-0935-35b3-c748-10df62533820_792885d3-e097-4bab-9da3-dcdef4ccd758_11分.jpg,hard,cluster_6,3834,0.7449050545692444,True,keep,non_random_source=hard,,
Batch01,20240508-0935-35b3-c748-10df62533820,Batch01/20240508-0935-35b3-c748-10df62533820/20240508-0935-35b3-c748-10df62533820_86081c09-c49e-49e1-b506-cf23a46d9f62_2分.jpg,20240508-0935-35b3-c748-10df62533820_86081c09-c49e-49e1-b506-cf23a46d9f62_2分.jpg,replacement,cluster_2,2092,0.7296105027198792,True,keep,non_random_source=replacement,,
Batch01,20240508-0935-35b3-c748-10df62533820,Batch01/20240508-0935-35b3-c748-10df62533820/20240508-0935-35b3-c748-10df62533820_b74b3573-bbf0-4efc-95bc-08eca35ddf96_13分.jpg,20240508-0935-35b3-c748-10df62533820_b74b3573-bbf0-4efc-95bc-08eca35ddf96_13分.jpg,replacement,cluster_6,3834,0.6938485503196716,True,keep,non_random_source=replacement,,
Batch01,20240508-0935-35b3-c748-10df62533820,Batch01/20240508-0935-35b3-c748-10df62533820/20240508-0935-35b3-c748-10df62533820_f731aaf2-4cb9-4b5e-871c-12ddf6cd8413_8分.jpg,20240508-0935-35b3-c748-10df62533820_f731aaf2-4cb9-4b5e-871c-12ddf6cd8413_8分.jpg,diverse,cluster_2,2092,0.6492311358451843,True,keep,non_random_source=diverse,,
Batch01,20240509-0258-41a9-0d55-8f76bb189817,Batch01/20240509-0258-41a9-0d55-8f76bb189817/20240509-0258-41a9-0d55-8f76bb189817_21521e84-2fdc-45ee-af9a-640cea20b3c6_8分.jpg,20240509-0258-41a9-0d55-8f76bb189817_21521e84-2fdc-45ee-af9a-640cea20b3c6_8分.jpg,diverse,cluster_8,2333,0.6601963043212891,True,keep,non_random_source=diverse,,
Batch01,20240509-0258-41a9-0d55-8f76bb189817,Batch01/20240509-0258-41a9-0d55-8f76bb189817/20240509-0258-41a9-0d55-8f76bb189817_2957a7bd-ef36-4898-b8dc-32657ea1c6d2_12分.jpg,20240509-0258-41a9-0d55-8f76bb189817_2957a7bd-ef36-4898-b8dc-32657ea1c6d2_12分.jpg,replacement,cluster_8,2333,0.38320159912109375,True,keep,non_random_source=replacement,,
Batch01,20240509-0258-41a9-0d55-8f76bb189817,Batch01/20240509-0258-41a9-0d55-8f76bb189817/20240509-0258-41a9-0d55-8f76bb189817_2bc9b6c0-379a-4996-9b82-d292e878d7eb_6分.jpg,20240509-0258-41a9-0d55-8f76bb189817_2bc9b6c0-379a-4996-9b82-d292e878d7eb_6分.jpg,replacement,cluster_8,2333,0.49462249875068665,True,keep,non_random_source=replacement,,
Batch01,20240509-0258-41a9-0d55-8f76bb189817,Batch01/20240509-0258-41a9-0d55-8f76bb189817/20240509-0258-41a9-0d55-8f76bb189817_2c40b347-2788-4a79-9bdd-cc5bb465b485_12分.jpg,20240509-0258-41a9-0d55-8f76bb189817_2c40b347-2788-4a79-9bdd-cc5bb465b485_12分.jpg,hard,cluster_8,2333,0.6111078262329102,True,keep,non_random_source=hard,,
Batch01,20240509-0258-41a9-0d55-8f76bb189817,Batch01/20240509-0258-41a9-0d55-8f76bb189817/20240509-0258-41a9-0d55-8f76bb189817_60485283-aa77-4bda-939e-5701b10f255f_4分.jpg,20240509-0258-41a9-0d55-8f76bb189817_60485283-aa77-4bda-939e-5701b10f255f_4分.jpg,hard,cluster_8,2333,0.6049157381057739,True,keep,non_random_source=hard,,
Batch01,20240509-0258-41a9-0d55-8f76bb189817,Batch01/20240509-0258-41a9-0d55-8f76bb189817/20240509-0258-41a9-0d55-8f76bb189817_64ec7ced-ea1e-4a33-8969-1bae84a1a675_4分.jpg,20240509-0258-41a9-0d55-8f76bb189817_64ec7ced-ea1e-4a33-8969-1bae84a1a675_4分.jpg,replacement,cluster_8,2333,0.5116446614265442,True,keep,non_random_source=replacement,,
Batch01,20240509-0258-41a9-0d55-8f76bb189817,Batch01/20240509-0258-41a9-0d55-8f76bb189817/20240509-0258-41a9-0d55-8f76bb189817_877b34b1-9e43-4d37-9764-339f0ddbfff9_3分.jpg,20240509-0258-41a9-0d55-8f76bb189817_877b34b1-9e43-4d37-9764-339f0ddbfff9_3分.jpg,diverse,cluster_4,3444,0.5493897199630737,True,keep,non_random_source=diverse,,
Batch01,20240509-0258-41a9-0d55-8f76bb189817,Batch01/20240509-0258-41a9-0d55-8f76bb189817/20240509-0258-41a9-0d55-8f76bb189817_dcdbb6ff-738d-4e82-8002-73b940916108_8分.jpg,20240509-0258-41a9-0d55-8f76bb189817_dcdbb6ff-738d-4e82-8002-73b940916108_8分.jpg,replacement,cluster_4,3444,0.6326054930686951,True,keep,non_random_source=replacement,,
Batch01,20240511-0121-3194-42bf-0f4337112421,Batch01/20240511-0121-3194-42bf-0f4337112421/20240511-0121-3194-42bf-0f4337112421_0d62f1c1-e400-470b-819d-e2ee8ea240a5_5分.jpg,20240511-0121-3194-42bf-0f4337112421_0d62f1c1-e400-470b-819d-e2ee8ea240a5_5分.jpg,diverse,cluster_4,3444,0.539705216884613,False,keep,non_random_source=diverse,,
Batch01,20240511-0121-3194-42bf-0f4337112421,Batch01/20240511-0121-3194-42bf-0f4337112421/20240511-0121-3194-42bf-0f4337112421_1fdae48f-8308-42b1-b866-6a737d5cf6fc_5分.jpg,20240511-0121-3194-42bf-0f4337112421_1fdae48f-8308-42b1-b866-6a737d5cf6fc_5分.jpg,hard,cluster_10,2055,0.3553491234779358,False,keep,non_random_source=hard,,
Batch01,20240511-0121-3194-42bf-0f4337112421,Batch01/20240511-0121-3194-42bf-0f4337112421/20240511-0121-3194-42bf-0f4337112421_9ace5616-dfbc-480b-b280-90a0c1a8292b_15分.jpg,20240511-0121-3194-42bf-0f4337112421_9ace5616-dfbc-480b-b280-90a0c1a8292b_15分.jpg,diverse,cluster_10,2055,0.45269912481307983,False,keep,non_random_source=diverse,,
Batch01,20240511-0121-3194-42bf-0f4337112421,Batch01/20240511-0121-3194-42bf-0f4337112421/20240511-0121-3194-42bf-0f4337112421_deb6864e-0387-4394-991c-96c57b6b7689_10分.jpg,20240511-0121-3194-42bf-0f4337112421_deb6864e-0387-4394-991c-96c57b6b7689_10分.jpg,hard,cluster_10,2055,0.5124573707580566,False,keep,non_random_source=hard,,
Batch01,20240515-0209-114d-ca94-aeb3c8363569,Batch01/20240515-0209-114d-ca94-aeb3c8363569/20240515-0209-114d-ca94-aeb3c8363569_3e4c8c98-3c79-4856-a0c3-589abe2cea6a_16分.jpg,20240515-0209-114d-ca94-aeb3c8363569_3e4c8c98-3c79-4856-a0c3-589abe2cea6a_16分.jpg,hard,cluster_0,2169,0.7173663973808289,True,keep,non_random_source=hard,,
Batch01,20240515-0209-114d-ca94-aeb3c8363569,Batch01/20240515-0209-114d-ca94-aeb3c8363569/20240515-0209-114d-ca94-aeb3c8363569_58dfc619-3386-4bd1-adf2-cfb88b213130_8分.jpg,20240515-0209-114d-ca94-aeb3c8363569_58dfc619-3386-4bd1-adf2-cfb88b213130_8分.jpg,replacement,cluster_0,2169,0.7176758646965027,True,keep,non_random_source=replacement,,
Batch01,20240515-0209-114d-ca94-aeb3c8363569,Batch01/20240515-0209-114d-ca94-aeb3c8363569/20240515-0209-114d-ca94-aeb3c8363569_98068dfe-7a53-4093-b775-9593b68f3587_10分.jpg,20240515-0209-114d-ca94-aeb3c8363569_98068dfe-7a53-4093-b775-9593b68f3587_10分.jpg,hard,cluster_0,2169,0.7364653944969177,True,keep,non_random_source=hard,,
Batch01,20240515-0209-114d-ca94-aeb3c8363569,Batch01/20240515-0209-114d-ca94-aeb3c8363569/20240515-0209-114d-ca94-aeb3c8363569_ab910764-c260-4e13-9e11-e25424f6f506_8分.jpg,20240515-0209-114d-ca94-aeb3c8363569_ab910764-c260-4e13-9e11-e25424f6f506_8分.jpg,replacement,cluster_3,2444,0.7579923868179321,True,keep,non_random_source=replacement,,
Batch01,20240515-0209-114d-ca94-aeb3c8363569,Batch01/20240515-0209-114d-ca94-aeb3c8363569/20240515-0209-114d-ca94-aeb3c8363569_bb51918b-22f9-4d8b-83a7-231912f3f314_9分.jpg,20240515-0209-114d-ca94-aeb3c8363569_bb51918b-22f9-4d8b-83a7-231912f3f314_9分.jpg,replacement,cluster_0,2169,0.6982342004776001,True,keep,non_random_source=replacement,,
Batch01,20240515-0209-114d-ca94-aeb3c8363569,Batch01/20240515-0209-114d-ca94-aeb3c8363569/20240515-0209-114d-ca94-aeb3c8363569_cf8bd000-3597-4883-845f-f158aaa700c5_11分.jpg,20240515-0209-114d-ca94-aeb3c8363569_cf8bd000-3597-4883-845f-f158aaa700c5_11分.jpg,replacement,cluster_3,2444,0.7171127796173096,True,keep,non_random_source=replacement,,
Batch01,20240515-0209-114d-ca94-aeb3c8363569,Batch01/20240515-0209-114d-ca94-aeb3c8363569/20240515-0209-114d-ca94-aeb3c8363569_e94ad900-c014-4e27-bc3f-163fc3ed5930_14分.jpg,20240515-0209-114d-ca94-aeb3c8363569_e94ad900-c014-4e27-bc3f-163fc3ed5930_14分.jpg,diverse,cluster_0,2169,0.6441894173622131,True,keep,non_random_source=diverse,,
Batch01,20240515-0209-114d-ca94-aeb3c8363569,Batch01/20240515-0209-114d-ca94-aeb3c8363569/20240515-0209-114d-ca94-aeb3c8363569_f4793f6b-7117-4b92-8e6d-7aa61a819570_5分.jpg,20240515-0209-114d-ca94-aeb3c8363569_f4793f6b-7117-4b92-8e6d-7aa61a819570_5分.jpg,diverse,cluster_3,2444,0.7542433142662048,True,keep,non_random_source=diverse,,
Batch01,20240515-0812-1180-3a87-5fc97d016073,Batch01/20240515-0812-1180-3a87-5fc97d016073/20240515-0812-1180-3a87-5fc97d016073_21b2a77e-a637-4268-b164-c122823a10ea_8分.jpg,20240515-0812-1180-3a87-5fc97d016073_21b2a77e-a637-4268-b164-c122823a10ea_8分.jpg,diverse,cluster_5,2606,0.8499244451522827,False,keep,non_random_source=diverse,,
Batch01,20240515-0812-1180-3a87-5fc97d016073,Batch01/20240515-0812-1180-3a87-5fc97d016073/20240515-0812-1180-3a87-5fc97d016073_cf58f8fe-c1cd-4e4c-8dde-2c87dd2b9836_2分.jpg,20240515-0812-1180-3a87-5fc97d016073_cf58f8fe-c1cd-4e4c-8dde-2c87dd2b9836_2分.jpg,diverse,cluster_2,2092,0.7112935185432434,False,keep,non_random_source=diverse,,
Batch01,20240515-0812-1180-3a87-5fc97d016073,Batch01/20240515-0812-1180-3a87-5fc97d016073/20240515-0812-1180-3a87-5fc97d016073_d52c2aca-a1e8-472d-ad91-6bf4b13239df_13分.jpg,20240515-0812-1180-3a87-5fc97d016073_d52c2aca-a1e8-472d-ad91-6bf4b13239df_13分.jpg,hard,cluster_5,2606,0.8038802146911621,False,keep,non_random_source=hard,,
Batch01,20240515-0812-1180-3a87-5fc97d016073,Batch01/20240515-0812-1180-3a87-5fc97d016073/20240515-0812-1180-3a87-5fc97d016073_d5358db2-fc3a-4edf-b4f6-2b1a8a6b22e3_8分.jpg,20240515-0812-1180-3a87-5fc97d016073_d5358db2-fc3a-4edf-b4f6-2b1a8a6b22e3_8分.jpg,hard,cluster_5,2606,0.8267715573310852,False,keep,non_random_source=hard,,
Batch01,20240516-1206-4127-fc81-0e5008200835,Batch01/20240516-1206-4127-fc81-0e5008200835/20240516-1206-4127-fc81-0e5008200835_00700f32-5ca9-412c-a9c5-f6a1848ba660_3分.jpg,20240516-1206-4127-fc81-0e5008200835_00700f32-5ca9-412c-a9c5-f6a1848ba660_3分.jpg,replacement,cluster_9,3636,0.6073383092880249,True,keep,non_random_source=replacement,,
Batch01,20240516-1206-4127-fc81-0e5008200835,Batch01/20240516-1206-4127-fc81-0e5008200835/20240516-1206-4127-fc81-0e5008200835_0317571d-8256-4096-a6cd-eab04f61af6c_7分.jpg,20240516-1206-4127-fc81-0e5008200835_0317571d-8256-4096-a6cd-eab04f61af6c_7分.jpg,replacement,cluster_6,3834,0.45690903067588806,True,keep,non_random_source=replacement,,
Batch01,20240516-1206-4127-fc81-0e5008200835,Batch01/20240516-1206-4127-fc81-0e5008200835/20240516-1206-4127-fc81-0e5008200835_0a0be971-db31-4cc7-b552-9417a32e41e8_4分.jpg,20240516-1206-4127-fc81-0e5008200835_0a0be971-db31-4cc7-b552-9417a32e41e8_4分.jpg,replacement,cluster_4,3444,0.5860884189605713,True,keep,non_random_source=replacement,,
Batch01,20240516-1206-4127-fc81-0e5008200835,Batch01/20240516-1206-4127-fc81-0e5008200835/20240516-1206-4127-fc81-0e5008200835_556e3e86-650a-4df3-a8da-178a0779396c_9分.jpg,20240516-1206-4127-fc81-0e5008200835_556e3e86-650a-4df3-a8da-178a0779396c_9分.jpg,hard,cluster_0,2169,0.514905571937561,True,keep,non_random_source=hard,,
Batch01,20240516-1206-4127-fc81-0e5008200835,Batch01/20240516-1206-4127-fc81-0e5008200835/20240516-1206-4127-fc81-0e5008200835_b65539e3-179e-4ba3-b010-dd8665274839_4分.jpg,20240516-1206-4127-fc81-0e5008200835_b65539e3-179e-4ba3-b010-dd8665274839_4分.jpg,diverse,cluster_4,3444,0.582326352596283,True,keep,non_random_source=diverse,,
Batch01,20240516-1206-4127-fc81-0e5008200835,Batch01/20240516-1206-4127-fc81-0e5008200835/20240516-1206-4127-fc81-0e5008200835_ca5be811-53eb-41b3-b6e6-c355bb634dc6_7分.jpg,20240516-1206-4127-fc81-0e5008200835_ca5be811-53eb-41b3-b6e6-c355bb634dc6_7分.jpg,hard,cluster_0,2169,0.5326460003852844,True,keep,non_random_source=hard,,
Batch01,20240516-1206-4127-fc81-0e5008200835,Batch01/20240516-1206-4127-fc81-0e5008200835/20240516-1206-4127-fc81-0e5008200835_e2ef7cd9-a408-46a3-8c08-f98c63862c13_4分.jpg,20240516-1206-4127-fc81-0e5008200835_e2ef7cd9-a408-46a3-8c08-f98c63862c13_4分.jpg,replacement,cluster_4,3444,0.5881950259208679,True,keep,non_random_source=replacement,,
Batch01,20240516-1206-4127-fc81-0e5008200835,Batch01/20240516-1206-4127-fc81-0e5008200835/20240516-1206-4127-fc81-0e5008200835_e468dfe7-8843-4045-8a1a-82a07e0db8f0_8分.jpg,20240516-1206-4127-fc81-0e5008200835_e468dfe7-8843-4045-8a1a-82a07e0db8f0_8分.jpg,diverse,cluster_0,2169,0.5162433981895447,True,keep,non_random_source=diverse,,
Batch01,20240525-0352-21dd-a523-7272e4072699,Batch01/20240525-0352-21dd-a523-7272e4072699/20240525-0352-21dd-a523-7272e4072699_27531520-80e2-4614-a4d0-6f0b29f0d874_1分.jpg,20240525-0352-21dd-a523-7272e4072699_27531520-80e2-4614-a4d0-6f0b29f0d874_1分.jpg,replacement,cluster_4,3444,0.6671534180641174,True,keep,non_random_source=replacement,,
Batch01,20240525-0352-21dd-a523-7272e4072699,Batch01/20240525-0352-21dd-a523-7272e4072699/20240525-0352-21dd-a523-7272e4072699_2e01aaba-fee4-464d-bec0-09fb15062325_5分.jpg,20240525-0352-21dd-a523-7272e4072699_2e01aaba-fee4-464d-bec0-09fb15062325_5分.jpg,replacement,cluster_4,3444,0.5602050423622131,True,keep,non_random_source=replacement,,
Batch01,20240525-0352-21dd-a523-7272e4072699,Batch01/20240525-0352-21dd-a523-7272e4072699/20240525-0352-21dd-a523-7272e4072699_4bbc2a0a-e890-4354-bbe3-b17109f1a57c_3分.jpg,20240525-0352-21dd-a523-7272e4072699_4bbc2a0a-e890-4354-bbe3-b17109f1a57c_3分.jpg,hard,cluster_8,2333,0.62409907579422,True,keep,non_random_source=hard,,
Batch01,20240525-0352-21dd-a523-7272e4072699,Batch01/20240525-0352-21dd-a523-7272e4072699/20240525-0352-21dd-a523-7272e4072699_556c9c38-f05e-474a-adf5-a56eb04cc02f_5分.jpg,20240525-0352-21dd-a523-7272e4072699_556c9c38-f05e-474a-adf5-a56eb04cc02f_5分.jpg,diverse,cluster_8,2333,0.5083242654800415,True,keep,non_random_source=diverse,,
Batch01,20240525-0352-21dd-a523-7272e4072699,Batch01/20240525-0352-21dd-a523-7272e4072699/20240525-0352-21dd-a523-7272e4072699_564ad2fa-59b2-4535-a20b-5aa10c23f1a0_5分.jpg,20240525-0352-21dd-a523-7272e4072699_564ad2fa-59b2-4535-a20b-5aa10c23f1a0_5分.jpg,diverse,cluster_4,3444,0.6174182891845703,True,keep,non_random_source=diverse,,
Batch01,20240525-0352-21dd-a523-7272e4072699,Batch01/20240525-0352-21dd-a523-7272e4072699/20240525-0352-21dd-a523-7272e4072699_5ca479b4-2bf2-453a-9103-612f16cefc25_5分.jpg,20240525-0352-21dd-a523-7272e4072699_5ca479b4-2bf2-453a-9103-612f16cefc25_5分.jpg,replacement,cluster_4,3444,0.6703644394874573,True,keep,non_random_source=replacement,,
Batch01,20240525-0352-21dd-a523-7272e4072699,Batch01/20240525-0352-21dd-a523-7272e4072699/20240525-0352-21dd-a523-7272e4072699_96cafca7-e09b-4b18-aaf3-485bd95eaabd_11分.jpg,20240525-0352-21dd-a523-7272e4072699_96cafca7-e09b-4b18-aaf3-485bd95eaabd_11分.jpg,hard,cluster_8,2333,0.6499323844909668,True,keep,non_random_source=hard,,
Batch01,20240525-0352-21dd-a523-7272e4072699,Batch01/20240525-0352-21dd-a523-7272e4072699/20240525-0352-21dd-a523-7272e4072699_bfd373ab-104e-4075-96c2-1fa9b35c37d8_6分.jpg,20240525-0352-21dd-a523-7272e4072699_bfd373ab-104e-4075-96c2-1fa9b35c37d8_6分.jpg,replacement,cluster_4,3444,0.6092849373817444,True,keep,non_random_source=replacement,,
Batch01,20240527-0244-02cd-599c-ef9818462884,Batch01/20240527-0244-02cd-599c-ef9818462884/20240527-0244-02cd-599c-ef9818462884_10386c3d-18b4-479b-87be-6a736bbb07d1_1分.jpg,20240527-0244-02cd-599c-ef9818462884_10386c3d-18b4-479b-87be-6a736bbb07d1_1分.jpg,diverse,cluster_2,2092,0.7871944308280945,True,keep,non_random_source=diverse,,
Batch01,20240527-0244-02cd-599c-ef9818462884,Batch01/20240527-0244-02cd-599c-ef9818462884/20240527-0244-02cd-599c-ef9818462884_135dfd32-3f6f-42bc-9a1d-24adb820d9c6_14分.jpg,20240527-0244-02cd-599c-ef9818462884_135dfd32-3f6f-42bc-9a1d-24adb820d9c6_14分.jpg,diverse,cluster_6,3834,0.8062869906425476,True,keep,non_random_source=diverse,,
Batch01,20240527-0244-02cd-599c-ef9818462884,Batch01/20240527-0244-02cd-599c-ef9818462884/20240527-0244-02cd-599c-ef9818462884_7fde01b9-798d-4c28-9fcb-4b2b77841109_17分.jpg,20240527-0244-02cd-599c-ef9818462884_7fde01b9-798d-4c28-9fcb-4b2b77841109_17分.jpg,hard,cluster_6,3834,0.8200008273124695,True,keep,non_random_source=hard,,
Batch01,20240527-0244-02cd-599c-ef9818462884,Batch01/20240527-0244-02cd-599c-ef9818462884/20240527-0244-02cd-599c-ef9818462884_828b38bc-2782-4f9d-bd1b-5a3747b7cb98_17分.jpg,20240527-0244-02cd-599c-ef9818462884_828b38bc-2782-4f9d-bd1b-5a3747b7cb98_17分.jpg,hard,cluster_6,3834,0.8148388862609863,True,keep,non_random_source=hard,,
Batch01,20240527-0244-02cd-599c-ef9818462884,Batch01/20240527-0244-02cd-599c-ef9818462884/20240527-0244-02cd-599c-ef9818462884_94a0f3d9-471e-47c1-8044-c4c9300b1db9_1分.jpg,20240527-0244-02cd-599c-ef9818462884_94a0f3d9-471e-47c1-8044-c4c9300b1db9_1分.jpg,replacement,cluster_2,2092,0.8060888648033142,True,keep,non_random_source=replacement,,
Batch01,20240527-0244-02cd-599c-ef9818462884,Batch01/20240527-0244-02cd-599c-ef9818462884/20240527-0244-02cd-599c-ef9818462884_a0a40385-6a43-464f-ae00-f9d7e282878f_15分.jpg,20240527-0244-02cd-599c-ef9818462884_a0a40385-6a43-464f-ae00-f9d7e282878f_15分.jpg,replacement,cluster_6,3834,0.7939910888671875,True,keep,non_random_source=replacement,,
Batch01,20240527-0244-02cd-599c-ef9818462884,Batch01/20240527-0244-02cd-599c-ef9818462884/20240527-0244-02cd-599c-ef9818462884_c3b5d220-8220-44c7-8a2a-4ff2f4ecceea_7分.jpg,20240527-0244-02cd-599c-ef9818462884_c3b5d220-8220-44c7-8a2a-4ff2f4ecceea_7分.jpg,replacement,cluster_2,2092,0.7235131859779358,True,keep,non_random_source=replacement,,
Batch01,20240527-0244-02cd-599c-ef9818462884,Batch01/20240527-0244-02cd-599c-ef9818462884/20240527-0244-02cd-599c-ef9818462884_da4c50cb-84fd-420c-8355-e5471ca1e996_17分.jpg,20240527-0244-02cd-599c-ef9818462884_da4c50cb-84fd-420c-8355-e5471ca1e996_17分.jpg,replacement,cluster_6,3834,0.7797602415084839,True,keep,non_random_source=replacement,,
Batch01,20240531-0326-07c4-0b1f-f46695729681,Batch01/20240531-0326-07c4-0b1f-f46695729681/20240531-0326-07c4-0b1f-f46695729681_3f360ebd-4172-4ace-a096-351f1246f27a_6分.jpg,20240531-0326-07c4-0b1f-f46695729681_3f360ebd-4172-4ace-a096-351f1246f27a_6分.jpg,hard,cluster_8,2333,0.5724385976791382,False,keep,non_random_source=hard,,
Batch01,20240531-0326-07c4-0b1f-f46695729681,Batch01/20240531-0326-07c4-0b1f-f46695729681/20240531-0326-07c4-0b1f-f46695729681_9409bc74-93cc-4db7-a80e-e2cb217fde5f_10分.jpg,20240531-0326-07c4-0b1f-f46695729681_9409bc74-93cc-4db7-a80e-e2cb217fde5f_10分.jpg,diverse,cluster_8,2333,0.5879735350608826,False,keep,non_random_source=diverse,,
Batch01,20240531-0326-07c4-0b1f-f46695729681,Batch01/20240531-0326-07c4-0b1f-f46695729681/20240531-0326-07c4-0b1f-f46695729681_a3d6d9bd-9e36-49bd-86e1-fe1282485ee0_15分.jpg,20240531-0326-07c4-0b1f-f46695729681_a3d6d9bd-9e36-49bd-86e1-fe1282485ee0_15分.jpg,hard,cluster_8,2333,0.5899269580841064,False,keep,non_random_source=hard,,
Batch01,20240531-0326-07c4-0b1f-f46695729681,Batch01/20240531-0326-07c4-0b1f-f46695729681/20240531-0326-07c4-0b1f-f46695729681_e08838d7-9ecd-4783-8f6d-0bc91b524238_2分.jpg,20240531-0326-07c4-0b1f-f46695729681_e08838d7-9ecd-4783-8f6d-0bc91b524238_2分.jpg,diverse,cluster_4,3444,0.6457062363624573,False,keep,non_random_source=diverse,,
Batch01,20240601-0350-192d-da04-e8389a313036,Batch01/20240601-0350-192d-da04-e8389a313036/20240601-0350-192d-da04-e8389a313036_2f7c8d66-5034-4ba8-bce7-43d90752db49_9分.jpg,20240601-0350-192d-da04-e8389a313036_2f7c8d66-5034-4ba8-bce7-43d90752db49_9分.jpg,hard,cluster_12,4553,0.6213396191596985,False,keep,non_random_source=hard,,
Batch01,20240601-0350-192d-da04-e8389a313036,Batch01/20240601-0350-192d-da04-e8389a313036/20240601-0350-192d-da04-e8389a313036_53fc5449-a9d3-4817-9fd9-81ec90e61efd_6分.jpg,20240601-0350-192d-da04-e8389a313036_53fc5449-a9d3-4817-9fd9-81ec90e61efd_6分.jpg,diverse,cluster_9,3636,0.6686534881591797,False,keep,non_random_source=diverse,,
Batch01,20240601-0350-192d-da04-e8389a313036,Batch01/20240601-0350-192d-da04-e8389a313036/20240601-0350-192d-da04-e8389a313036_77414e5a-83b1-4397-b8d5-92744bab762d_8分.jpg,20240601-0350-192d-da04-e8389a313036_77414e5a-83b1-4397-b8d5-92744bab762d_8分.jpg,diverse,cluster_0,2169,0.6625615358352661,False,keep,non_random_source=diverse,,
Batch01,20240601-0350-192d-da04-e8389a313036,Batch01/20240601-0350-192d-da04-e8389a313036/20240601-0350-192d-da04-e8389a313036_b0e197b3-64d8-4cdb-ac5a-2a5cdee07ebc_4分.jpg,20240601-0350-192d-da04-e8389a313036_b0e197b3-64d8-4cdb-ac5a-2a5cdee07ebc_4分.jpg,hard,cluster_0,2169,0.6836694478988647,False,keep,non_random_source=hard,,
Batch01,20240613-0229-220a-0208-95e115843956,Batch01/20240613-0229-220a-0208-95e115843956/20240613-0229-220a-0208-95e115843956_102f9e95-95d2-45b4-a7a7-6acf602aec1c_4分.jpg,20240613-0229-220a-0208-95e115843956_102f9e95-95d2-45b4-a7a7-6acf602aec1c_4分.jpg,diverse,cluster_4,3444,0.6075260043144226,False,keep,non_random_source=diverse,,
Batch01,20240613-0229-220a-0208-95e115843956,Batch01/20240613-0229-220a-0208-95e115843956/20240613-0229-220a-0208-95e115843956_4630fce3-75ba-4887-85a4-cfc97d3e1374_11分.jpg,20240613-0229-220a-0208-95e115843956_4630fce3-75ba-4887-85a4-cfc97d3e1374_11分.jpg,hard,cluster_8,2333,0.6760258078575134,False,keep,non_random_source=hard,,
Batch01,20240613-0229-220a-0208-95e115843956,Batch01/20240613-0229-220a-0208-95e115843956/20240613-0229-220a-0208-95e115843956_4cfe0b85-405a-479f-ac23-bd14d6c186f6_13分.jpg,20240613-0229-220a-0208-95e115843956_4cfe0b85-405a-479f-ac23-bd14d6c186f6_13分.jpg,hard,cluster_8,2333,0.6951428651809692,False,keep,non_random_source=hard,,
Batch01,20240613-0229-220a-0208-95e115843956,Batch01/20240613-0229-220a-0208-95e115843956/20240613-0229-220a-0208-95e115843956_ede768a5-6ef8-42d0-866c-f3695d023f04_13分.jpg,20240613-0229-220a-0208-95e115843956_ede768a5-6ef8-42d0-866c-f3695d023f04_13分.jpg,diverse,cluster_8,2333,0.7375466227531433,False,keep,non_random_source=diverse,,
Batch01,20240623-1240-549f-0cb9-f7e8e9206574,Batch01/20240623-1240-549f-0cb9-f7e8e9206574/20240623-1240-549f-0cb9-f7e8e9206574_0b175e4e-ba72-4076-b801-699940eb7f6d_5分.jpg,20240623-1240-549f-0cb9-f7e8e9206574_0b175e4e-ba72-4076-b801-699940eb7f6d_5分.jpg,diverse,cluster_2,2092,0.797838032245636,False,keep,non_random_source=diverse,,
Batch01,20240623-1240-549f-0cb9-f7e8e9206574,Batch01/20240623-1240-549f-0cb9-f7e8e9206574/20240623-1240-549f-0cb9-f7e8e9206574_122afb88-1a5e-4d97-90b8-6755f06c0f0b_10分.jpg,20240623-1240-549f-0cb9-f7e8e9206574_122afb88-1a5e-4d97-90b8-6755f06c0f0b_10分.jpg,diverse,cluster_5,2606,0.7319444417953491,False,keep,non_random_source=diverse,,
Batch01,20240623-1240-549f-0cb9-f7e8e9206574,Batch01/20240623-1240-549f-0cb9-f7e8e9206574/20240623-1240-549f-0cb9-f7e8e9206574_abaad2d3-f09a-4c0e-86b9-d50191b87d89_10分.jpg,20240623-1240-549f-0cb9-f7e8e9206574_abaad2d3-f09a-4c0e-86b9-d50191b87d89_10分.jpg,hard,cluster_5,2606,0.690388023853302,False,keep,non_random_source=hard,,
Batch01,20240623-1240-549f-0cb9-f7e8e9206574,Batch01/20240623-1240-549f-0cb9-f7e8e9206574/20240623-1240-549f-0cb9-f7e8e9206574_d851b61b-e209-4355-9e2e-f9853cc200c3_17分.jpg,20240623-1240-549f-0cb9-f7e8e9206574_d851b61b-e209-4355-9e2e-f9853cc200c3_17分.jpg,hard,cluster_5,2606,0.7316374778747559,False,keep,non_random_source=hard,,
Batch01,20240628-0645-02ef-8458-629f36313291,Batch01/20240628-0645-02ef-8458-629f36313291/20240628-0645-02ef-8458-629f36313291_0143fb1c-e492-40bc-9dad-605e4dabb30b_7分.jpg,20240628-0645-02ef-8458-629f36313291_0143fb1c-e492-40bc-9dad-605e4dabb30b_7分.jpg,hard,cluster_8,2333,0.6040156483650208,False,keep,non_random_source=hard,,
Batch01,20240628-0645-02ef-8458-629f36313291,Batch01/20240628-0645-02ef-8458-629f36313291/20240628-0645-02ef-8458-629f36313291_a2e4d21d-9b40-4af3-9cef-16f11b7a76da_10分.jpg,20240628-0645-02ef-8458-629f36313291_a2e4d21d-9b40-4af3-9cef-16f11b7a76da_10分.jpg,diverse,cluster_8,2333,0.5876446962356567,False,keep,non_random_source=diverse,,
Batch01,20240628-0645-02ef-8458-629f36313291,Batch01/20240628-0645-02ef-8458-629f36313291/20240628-0645-02ef-8458-629f36313291_d318674e-5941-4724-861a-ce890d7d3c93_10分.jpg,20240628-0645-02ef-8458-629f36313291_d318674e-5941-4724-861a-ce890d7d3c93_10分.jpg,diverse,cluster_8,2333,0.5820872783660889,False,keep,non_random_source=diverse,,
Batch01,20240628-0645-02ef-8458-629f36313291,Batch01/20240628-0645-02ef-8458-629f36313291/20240628-0645-02ef-8458-629f36313291_de787772-1b4e-4332-a3d2-945b53960eba_10分.jpg,20240628-0645-02ef-8458-629f36313291_de787772-1b4e-4332-a3d2-945b53960eba_10分.jpg,hard,cluster_8,2333,0.5669826865196228,False,keep,non_random_source=hard,,
Batch01,20240831-0559-00d4-f3a0-312594238393,Batch01/20240831-0559-00d4-f3a0-312594238393/20240831-0559-00d4-f3a0-312594238393_0d807ab1-0706-446b-9b6f-127d9b2b055f_5分.jpg,20240831-0559-00d4-f3a0-312594238393_0d807ab1-0706-446b-9b6f-127d9b2b055f_5分.jpg,diverse,cluster_3,2444,0.7427336573600769,True,keep,non_random_source=diverse,,
Batch01,20240831-0559-00d4-f3a0-312594238393,Batch01/20240831-0559-00d4-f3a0-312594238393/20240831-0559-00d4-f3a0-312594238393_0de55a29-21c8-43e0-a6dc-0b37c72cc3f8_17分.jpg,20240831-0559-00d4-f3a0-312594238393_0de55a29-21c8-43e0-a6dc-0b37c72cc3f8_17分.jpg,hard,cluster_0,2169,0.6976735591888428,True,keep,non_random_source=hard,,
Batch01,20240831-0559-00d4-f3a0-312594238393,Batch01/20240831-0559-00d4-f3a0-312594238393/20240831-0559-00d4-f3a0-312594238393_14084815-0770-4c13-8525-ba3cd7c55653_10分.jpg,20240831-0559-00d4-f3a0-312594238393_14084815-0770-4c13-8525-ba3cd7c55653_10分.jpg,replacement,cluster_0,2169,0.766538143157959,True,keep,non_random_source=replacement,,
Batch01,20240831-0559-00d4-f3a0-312594238393,Batch01/20240831-0559-00d4-f3a0-312594238393/20240831-0559-00d4-f3a0-312594238393_33ae5879-bfbb-40b7-aba0-b689e404b879_12分.jpg,20240831-0559-00d4-f3a0-312594238393_33ae5879-bfbb-40b7-aba0-b689e404b879_12分.jpg,hard,cluster_0,2169,0.6974358558654785,True,keep,non_random_source=hard,,
Batch01,20240831-0559-00d4-f3a0-312594238393,Batch01/20240831-0559-00d4-f3a0-312594238393/20240831-0559-00d4-f3a0-312594238393_49e93702-d4f6-4772-9622-415889894a8c_15分.jpg,20240831-0559-00d4-f3a0-312594238393_49e93702-d4f6-4772-9622-415889894a8c_15分.jpg,replacement,cluster_0,2169,0.7686115503311157,True,keep,non_random_source=replacement,,
Batch01,20240831-0559-00d4-f3a0-312594238393,Batch01/20240831-0559-00d4-f3a0-312594238393/20240831-0559-00d4-f3a0-312594238393_9a52d081-6be1-43d4-b9bb-cde1382632c8_2分.jpg,20240831-0559-00d4-f3a0-312594238393_9a52d081-6be1-43d4-b9bb-cde1382632c8_2分.jpg,replacement,cluster_3,2444,0.7169723510742188,True,keep,non_random_source=replacement,,
Batch01,20240831-0559-00d4-f3a0-312594238393,Batch01/20240831-0559-00d4-f3a0-312594238393/20240831-0559-00d4-f3a0-312594238393_a4e34643-aeb2-4a62-8a1e-7fc607a07f0a_5分.jpg,20240831-0559-00d4-f3a0-312594238393_a4e34643-aeb2-4a62-8a1e-7fc607a07f0a_5分.jpg,replacement,cluster_3,2444,0.7455783486366272,True,keep,non_random_source=replacement,,
Batch01,20240831-0559-00d4-f3a0-312594238393,Batch01/20240831-0559-00d4-f3a0-312594238393/20240831-0559-00d4-f3a0-312594238393_eed68e53-8429-4990-acd7-2457ca98f65c_17分.jpg,20240831-0559-00d4-f3a0-312594238393_eed68e53-8429-4990-acd7-2457ca98f65c_17分.jpg,diverse,cluster_0,2169,0.8136080503463745,True,keep,non_random_source=diverse,,
Batch01,20240914-0247-1893-abf0-959227894781,Batch01/20240914-0247-1893-abf0-959227894781/20240914-0247-1893-abf0-959227894781_044e98f3-f677-42ae-84e1-b1f678ed4957_5分.jpg,20240914-0247-1893-abf0-959227894781_044e98f3-f677-42ae-84e1-b1f678ed4957_5分.jpg,diverse,cluster_8,2333,0.6345897316932678,True,keep,non_random_source=diverse,,
Batch01,20240914-0247-1893-abf0-959227894781,Batch01/20240914-0247-1893-abf0-959227894781/20240914-0247-1893-abf0-959227894781_1c44ef3c-d758-4b8b-9de8-ab95b1e53db7_5分.jpg,20240914-0247-1893-abf0-959227894781_1c44ef3c-d758-4b8b-9de8-ab95b1e53db7_5分.jpg,diverse,cluster_4,3444,0.5480077266693115,True,keep,non_random_source=diverse,,
Batch01,20240914-0247-1893-abf0-959227894781,Batch01/20240914-0247-1893-abf0-959227894781/20240914-0247-1893-abf0-959227894781_647db91f-bfdc-42b7-aac5-11d3353d833c_8分.jpg,20240914-0247-1893-abf0-959227894781_647db91f-bfdc-42b7-aac5-11d3353d833c_8分.jpg,replacement,cluster_8,2333,0.49054160714149475,True,keep,non_random_source=replacement,,
Batch01,20240914-0247-1893-abf0-959227894781,Batch01/20240914-0247-1893-abf0-959227894781/20240914-0247-1893-abf0-959227894781_6552f279-7b56-413f-900f-3cd1d3151941_15分.jpg,20240914-0247-1893-abf0-959227894781_6552f279-7b56-413f-900f-3cd1d3151941_15分.jpg,replacement,cluster_4,3444,0.33333778381347656,True,keep,non_random_source=replacement,,
Batch01,20240914-0247-1893-abf0-959227894781,Batch01/20240914-0247-1893-abf0-959227894781/20240914-0247-1893-abf0-959227894781_8f19e975-de77-4261-a376-41314c8868e0_1分.jpg,20240914-0247-1893-abf0-959227894781_8f19e975-de77-4261-a376-41314c8868e0_1分.jpg,hard,cluster_8,2333,0.5578834414482117,True,keep,non_random_source=hard,,
Batch01,20240914-0247-1893-abf0-959227894781,Batch01/20240914-0247-1893-abf0-959227894781/20240914-0247-1893-abf0-959227894781_d1a44965-92ec-4ef6-ae01-b6f81ca78271_1分.jpg,20240914-0247-1893-abf0-959227894781_d1a44965-92ec-4ef6-ae01-b6f81ca78271_1分.jpg,replacement,cluster_4,3444,0.40774473547935486,True,keep,non_random_source=replacement,,
Batch01,20240914-0247-1893-abf0-959227894781,Batch01/20240914-0247-1893-abf0-959227894781/20240914-0247-1893-abf0-959227894781_ed1e9923-2d33-4740-b117-2dd8ce69c6de_7分.jpg,20240914-0247-1893-abf0-959227894781_ed1e9923-2d33-4740-b117-2dd8ce69c6de_7分.jpg,hard,cluster_8,2333,0.4985496997833252,True,keep,non_random_source=hard,,
Batch01,20240914-0247-1893-abf0-959227894781,Batch01/20240914-0247-1893-abf0-959227894781/20240914-0247-1893-abf0-959227894781_f1ef7d2e-db57-4542-ae20-197588c901ac_5分.jpg,20240914-0247-1893-abf0-959227894781_f1ef7d2e-db57-4542-ae20-197588c901ac_5分.jpg,replacement,cluster_8,2333,0.4995861053466797,True,keep,non_random_source=replacement,,
Batch01,20240914-0945-24c4-a8a0-ff44d4785971,Batch01/20240914-0945-24c4-a8a0-ff44d4785971/20240914-0945-24c4-a8a0-ff44d4785971_15fdd12a-c5b0-4f8a-9a99-111b00bd7817_17分.jpg,20240914-0945-24c4-a8a0-ff44d4785971_15fdd12a-c5b0-4f8a-9a99-111b00bd7817_17分.jpg,replacement,cluster_12,4553,0.7549031972885132,True,keep,non_random_source=replacement,,
Batch01,20240914-0945-24c4-a8a0-ff44d4785971,Batch01/20240914-0945-24c4-a8a0-ff44d4785971/20240914-0945-24c4-a8a0-ff44d4785971_2c3d1a34-9567-4082-9aa9-ee88d39462ea_16分.jpg,20240914-0945-24c4-a8a0-ff44d4785971_2c3d1a34-9567-4082-9aa9-ee88d39462ea_16分.jpg,replacement,cluster_12,4553,0.7245098948478699,True,keep,non_random_source=replacement,,
Batch01,20240914-0945-24c4-a8a0-ff44d4785971,Batch01/20240914-0945-24c4-a8a0-ff44d4785971/20240914-0945-24c4-a8a0-ff44d4785971_5c512ec7-d678-43de-b419-22d82cb24ad0_6分.jpg,20240914-0945-24c4-a8a0-ff44d4785971_5c512ec7-d678-43de-b419-22d82cb24ad0_6分.jpg,replacement,cluster_12,4553,0.7046191096305847,True,keep,non_random_source=replacement,,
Batch01,20240914-0945-24c4-a8a0-ff44d4785971,Batch01/20240914-0945-24c4-a8a0-ff44d4785971/20240914-0945-24c4-a8a0-ff44d4785971_8c2a7c70-55b3-49f3-af40-9d37f79d6e85_2分.jpg,20240914-0945-24c4-a8a0-ff44d4785971_8c2a7c70-55b3-49f3-af40-9d37f79d6e85_2分.jpg,diverse,cluster_7,2261,0.5162860155105591,True,keep,non_random_source=diverse,,
Batch01,20240914-0945-24c4-a8a0-ff44d4785971,Batch01/20240914-0945-24c4-a8a0-ff44d4785971/20240914-0945-24c4-a8a0-ff44d4785971_c8268b9d-8624-4470-acc1-228075ae0bf6_5分.jpg,20240914-0945-24c4-a8a0-ff44d4785971_c8268b9d-8624-4470-acc1-228075ae0bf6_5分.jpg,replacement,cluster_7,2261,0.6430444121360779,True,keep,non_random_source=replacement,,
Batch01,20240914-0945-24c4-a8a0-ff44d4785971,Batch01/20240914-0945-24c4-a8a0-ff44d4785971/20240914-0945-24c4-a8a0-ff44d4785971_ceaddeb7-18dc-450b-94df-55a8e1d61573_6分.jpg,20240914-0945-24c4-a8a0-ff44d4785971_ceaddeb7-18dc-450b-94df-55a8e1d61573_6分.jpg,hard,cluster_12,4553,0.7253851890563965,True,keep,non_random_source=hard,,
Batch01,20240914-0945-24c4-a8a0-ff44d4785971,Batch01/20240914-0945-24c4-a8a0-ff44d4785971/20240914-0945-24c4-a8a0-ff44d4785971_edac0b1c-4724-443a-8dae-f22450bd7afe_17分.jpg,20240914-0945-24c4-a8a0-ff44d4785971_edac0b1c-4724-443a-8dae-f22450bd7afe_17分.jpg,hard,cluster_12,4553,0.6487623453140259,True,keep,non_random_source=hard,,
Batch01,20240914-0945-24c4-a8a0-ff44d4785971,Batch01/20240914-0945-24c4-a8a0-ff44d4785971/20240914-0945-24c4-a8a0-ff44d4785971_f4503b8d-3503-401e-a6d9-7998284b39e2_13分.jpg,20240914-0945-24c4-a8a0-ff44d4785971_f4503b8d-3503-401e-a6d9-7998284b39e2_13分.jpg,diverse,cluster_12,4553,0.7440304756164551,True,keep,non_random_source=diverse,,
Batch01,20240921-0901-1788-78a9-4d077e859896,Batch01/20240921-0901-1788-78a9-4d077e859896/20240921-0901-1788-78a9-4d077e859896_0c831607-b5ac-4b6a-9dca-377b0b73fe83_4分.jpg,20240921-0901-1788-78a9-4d077e859896_0c831607-b5ac-4b6a-9dca-377b0b73fe83_4分.jpg,replacement,cluster_4,3444,0.2869760990142822,True,keep,non_random_source=replacement,,
Batch01,20240921-0901-1788-78a9-4d077e859896,Batch01/20240921-0901-1788-78a9-4d077e859896/20240921-0901-1788-78a9-4d077e859896_1c2bf9a4-2146-4e68-8ac9-215a364288c1_8分.jpg,20240921-0901-1788-78a9-4d077e859896_1c2bf9a4-2146-4e68-8ac9-215a364288c1_8分.jpg,replacement,cluster_0,2169,0.4085383713245392,True,keep,non_random_source=replacement,,
Batch01,20240921-0901-1788-78a9-4d077e859896,Batch01/20240921-0901-1788-78a9-4d077e859896/20240921-0901-1788-78a9-4d077e859896_313b297d-e760-453c-9594-4c0e12846396_1分.jpg,20240921-0901-1788-78a9-4d077e859896_313b297d-e760-453c-9594-4c0e12846396_1分.jpg,replacement,cluster_4,3444,0.35463738441467285,True,keep,non_random_source=replacement,,
Batch01,20240921-0901-1788-78a9-4d077e859896,Batch01/20240921-0901-1788-78a9-4d077e859896/20240921-0901-1788-78a9-4d077e859896_a4dfd6ca-736b-44ba-9929-da82132af018_12分.jpg,20240921-0901-1788-78a9-4d077e859896_a4dfd6ca-736b-44ba-9929-da82132af018_12分.jpg,hard,cluster_0,2169,0.4766214191913605,True,keep,non_random_source=hard,,
Batch01,20240921-0901-1788-78a9-4d077e859896,Batch01/20240921-0901-1788-78a9-4d077e859896/20240921-0901-1788-78a9-4d077e859896_adafd518-966f-46fa-b7e9-fc0083876c15_7分.jpg,20240921-0901-1788-78a9-4d077e859896_adafd518-966f-46fa-b7e9-fc0083876c15_7分.jpg,diverse,cluster_7,2261,0.21246394515037537,True,keep,non_random_source=diverse,,
Batch01,20240921-0901-1788-78a9-4d077e859896,Batch01/20240921-0901-1788-78a9-4d077e859896/20240921-0901-1788-78a9-4d077e859896_dcdae4b2-ccb3-44d4-a0fd-21291a701c65_10分.jpg,20240921-0901-1788-78a9-4d077e859896_dcdae4b2-ccb3-44d4-a0fd-21291a701c65_10分.jpg,hard,cluster_0,2169,0.47337445616722107,True,keep,non_random_source=hard,,
Batch01,20240921-0901-1788-78a9-4d077e859896,Batch01/20240921-0901-1788-78a9-4d077e859896/20240921-0901-1788-78a9-4d077e859896_f03503e8-50fe-443c-8e14-d2fb732d978d_15分.jpg,20240921-0901-1788-78a9-4d077e859896_f03503e8-50fe-443c-8e14-d2fb732d978d_15分.jpg,diverse,cluster_0,2169,0.4586990177631378,True,keep,non_random_source=diverse,,
Batch01,20240921-0901-1788-78a9-4d077e859896,Batch01/20240921-0901-1788-78a9-4d077e859896/20240921-0901-1788-78a9-4d077e859896_f159bc68-8d4a-4d08-acc9-dc6c34f3331c_1分.jpg,20240921-0901-1788-78a9-4d077e859896_f159bc68-8d4a-4d08-acc9-dc6c34f3331c_1分.jpg,replacement,cluster_0,2169,0.388393759727478,True,keep,non_random_source=replacement,,
Batch01,20240921-1326-35bf-d4da-a7484d474119,Batch01/20240921-1326-35bf-d4da-a7484d474119/20240921-1326-35bf-d4da-a7484d474119_1d0b2968-98f5-4285-8137-463ee5d86999_1分.jpg,20240921-1326-35bf-d4da-a7484d474119_1d0b2968-98f5-4285-8137-463ee5d86999_1分.jpg,replacement,cluster_6,3834,0.8079802393913269,True,keep,non_random_source=replacement,,
Batch01,20240921-1326-35bf-d4da-a7484d474119,Batch01/20240921-1326-35bf-d4da-a7484d474119/20240921-1326-35bf-d4da-a7484d474119_a648ed4d-35dc-40d2-abe1-8ea39704338f_3分.jpg,20240921-1326-35bf-d4da-a7484d474119_a648ed4d-35dc-40d2-abe1-8ea39704338f_3分.jpg,diverse,cluster_2,2092,0.7161378264427185,True,keep,non_random_source=diverse,,
Batch01,20240921-1326-35bf-d4da-a7484d474119,Batch01/20240921-1326-35bf-d4da-a7484d474119/20240921-1326-35bf-d4da-a7484d474119_c3e928ff-f0dd-40d0-8581-6285647feabb_7分.jpg,20240921-1326-35bf-d4da-a7484d474119_c3e928ff-f0dd-40d0-8581-6285647feabb_7分.jpg,diverse,cluster_6,3834,0.8783094882965088,True,keep,non_random_source=diverse,,
Batch01,20240921-1326-35bf-d4da-a7484d474119,Batch01/20240921-1326-35bf-d4da-a7484d474119/20240921-1326-35bf-d4da-a7484d474119_c4fc77bc-382f-405b-a184-04f583b3c876_15分.jpg,20240921-1326-35bf-d4da-a7484d474119_c4fc77bc-382f-405b-a184-04f583b3c876_15分.jpg,hard,cluster_6,3834,0.8482440710067749,True,keep,non_random_source=hard,,
Batch01,20240921-1326-35bf-d4da-a7484d474119,Batch01/20240921-1326-35bf-d4da-a7484d474119/20240921-1326-35bf-d4da-a7484d474119_cf38c8aa-595f-429c-94b5-46ebf74b7a7d_8分.jpg,20240921-1326-35bf-d4da-a7484d474119_cf38c8aa-595f-429c-94b5-46ebf74b7a7d_8分.jpg,replacement,cluster_6,3834,0.8435271978378296,True,keep,non_random_source=replacement,,
Batch01,20240921-1326-35bf-d4da-a7484d474119,Batch01/20240921-1326-35bf-d4da-a7484d474119/20240921-1326-35bf-d4da-a7484d474119_da62b73c-d73a-4045-8b75-879d101147d5_10分.jpg,20240921-1326-35bf-d4da-a7484d474119_da62b73c-d73a-4045-8b75-879d101147d5_10分.jpg,replacement,cluster_6,3834,0.8163332939147949,True,keep,non_random_source=replacement,,
Batch01,20240921-1326-35bf-d4da-a7484d474119,Batch01/20240921-1326-35bf-d4da-a7484d474119/20240921-1326-35bf-d4da-a7484d474119_e2a70e2c-4598-4e13-b9bb-3b903ce7be27_15分.jpg,20240921-1326-35bf-d4da-a7484d474119_e2a70e2c-4598-4e13-b9bb-3b903ce7be27_15分.jpg,hard,cluster_6,3834,0.8405653834342957,True,keep,non_random_source=hard,,
Batch01,20240921-1326-35bf-d4da-a7484d474119,Batch01/20240921-1326-35bf-d4da-a7484d474119/20240921-1326-35bf-d4da-a7484d474119_fcaf9a05-fcc8-426d-bc0e-4415b3c316c9_14分.jpg,20240921-1326-35bf-d4da-a7484d474119_fcaf9a05-fcc8-426d-bc0e-4415b3c316c9_14分.jpg,replacement,cluster_6,3834,0.806257426738739,True,keep,non_random_source=replacement,,
Batch01,20240923-2324-49b5-f43a-97ab09267401,Batch01/20240923-2324-49b5-f43a-97ab09267401/20240923-2324-49b5-f43a-97ab09267401_265637b1-62a9-448c-9492-5f797d13e8b4_16分.jpg,20240923-2324-49b5-f43a-97ab09267401_265637b1-62a9-448c-9492-5f797d13e8b4_16分.jpg,diverse,cluster_12,4553,0.5571786761283875,True,keep,non_random_source=diverse,,
Batch01,20240923-2324-49b5-f43a-97ab09267401,Batch01/20240923-2324-49b5-f43a-97ab09267401/20240923-2324-49b5-f43a-97ab09267401_2faf87aa-8322-4ce1-b9a5-7efdcf9186e6_1分.jpg,20240923-2324-49b5-f43a-97ab09267401_2faf87aa-8322-4ce1-b9a5-7efdcf9186e6_1分.jpg,replacement,cluster_12,4553,0.47652778029441833,True,keep,non_random_source=replacement,,
Batch01,20240923-2324-49b5-f43a-97ab09267401,Batch01/20240923-2324-49b5-f43a-97ab09267401/20240923-2324-49b5-f43a-97ab09267401_450ecf4a-13c1-4223-b975-25402c743323_14分.jpg,20240923-2324-49b5-f43a-97ab09267401_450ecf4a-13c1-4223-b975-25402c743323_14分.jpg,replacement,cluster_12,4553,0.48229432106018066,True,keep,non_random_source=replacement,,
Batch01,20240923-2324-49b5-f43a-97ab09267401,Batch01/20240923-2324-49b5-f43a-97ab09267401/20240923-2324-49b5-f43a-97ab09267401_5346d0dc-8569-4863-90ad-29c5e2a04dd9_15分.jpg,20240923-2324-49b5-f43a-97ab09267401_5346d0dc-8569-4863-90ad-29c5e2a04dd9_15分.jpg,hard,cluster_12,4553,0.5321824550628662,True,keep,non_random_source=hard,,
Batch01,20240923-2324-49b5-f43a-97ab09267401,Batch01/20240923-2324-49b5-f43a-97ab09267401/20240923-2324-49b5-f43a-97ab09267401_a21811e0-8bf5-47c3-bed0-49af0015e652_3分.jpg,20240923-2324-49b5-f43a-97ab09267401_a21811e0-8bf5-47c3-bed0-49af0015e652_3分.jpg,replacement,cluster_7,2261,0.3185436427593231,True,keep,non_random_source=replacement,,
Batch01,20240923-2324-49b5-f43a-97ab09267401,Batch01/20240923-2324-49b5-f43a-97ab09267401/20240923-2324-49b5-f43a-97ab09267401_abe85132-be27-48cb-be02-ca88765df33d_6分.jpg,20240923-2324-49b5-f43a-97ab09267401_abe85132-be27-48cb-be02-ca88765df33d_6分.jpg,diverse,cluster_9,3636,0.643780529499054,True,keep,non_random_source=diverse,,
Batch01,20240923-2324-49b5-f43a-97ab09267401,Batch01/20240923-2324-49b5-f43a-97ab09267401/20240923-2324-49b5-f43a-97ab09267401_bcc8b70a-9bc4-44c9-a0a7-c95646e4a929_14分.jpg,20240923-2324-49b5-f43a-97ab09267401_bcc8b70a-9bc4-44c9-a0a7-c95646e4a929_14分.jpg,hard,cluster_12,4553,0.5277198553085327,True,keep,non_random_source=hard,,
Batch01,20240923-2324-49b5-f43a-97ab09267401,Batch01/20240923-2324-49b5-f43a-97ab09267401/20240923-2324-49b5-f43a-97ab09267401_e7bd5056-2d1d-445e-b594-572ca9bf0236_6分.jpg,20240923-2324-49b5-f43a-97ab09267401_e7bd5056-2d1d-445e-b594-572ca9bf0236_6分.jpg,replacement,cluster_12,4553,0.5498532056808472,True,keep,non_random_source=replacement,,
Batch01,20240924-0905-346e-b41d-1fccc0899844,Batch01/20240924-0905-346e-b41d-1fccc0899844/20240924-0905-346e-b41d-1fccc0899844_8344f017-ff4c-4d03-8fbf-b21786358058_13分.jpg,20240924-0905-346e-b41d-1fccc0899844_8344f017-ff4c-4d03-8fbf-b21786358058_13分.jpg,diverse,cluster_1,1389,0.7414858341217041,False,keep,non_random_source=diverse,,
Batch01,20240924-0905-346e-b41d-1fccc0899844,Batch01/20240924-0905-346e-b41d-1fccc0899844/20240924-0905-346e-b41d-1fccc0899844_b29e3e37-a5f5-4cc5-b4db-576a6f2a3f1b_13分.jpg,20240924-0905-346e-b41d-1fccc0899844_b29e3e37-a5f5-4cc5-b4db-576a6f2a3f1b_13分.jpg,hard,cluster_1,1389,0.5933870673179626,False,keep,non_random_source=hard,,
Batch01,20240924-0905-346e-b41d-1fccc0899844,Batch01/20240924-0905-346e-b41d-1fccc0899844/20240924-0905-346e-b41d-1fccc0899844_e545a7f5-913e-45ba-82fd-08038454b2ad_3分.jpg,20240924-0905-346e-b41d-1fccc0899844_e545a7f5-913e-45ba-82fd-08038454b2ad_3分.jpg,diverse,cluster_9,3636,0.6968073844909668,False,keep,non_random_source=diverse,,
Batch01,20240924-0905-346e-b41d-1fccc0899844,Batch01/20240924-0905-346e-b41d-1fccc0899844/20240924-0905-346e-b41d-1fccc0899844_e5e926a1-d113-4d8b-a769-6945a8c0e6b7_13分.jpg,20240924-0905-346e-b41d-1fccc0899844_e5e926a1-d113-4d8b-a769-6945a8c0e6b7_13分.jpg,hard,cluster_1,1389,0.6226209402084351,False,keep,non_random_source=hard,,
Batch01,20240928-0620-59ab-d462-ce31f8175240,Batch01/20240928-0620-59ab-d462-ce31f8175240/20240928-0620-59ab-d462-ce31f8175240_05178323-3eae-444c-a9d8-30d59e1e9f03_2分.jpg,20240928-0620-59ab-d462-ce31f8175240_05178323-3eae-444c-a9d8-30d59e1e9f03_2分.jpg,diverse,cluster_9,3636,0.7125763297080994,False,keep,non_random_source=diverse,,
Batch01,20240928-0620-59ab-d462-ce31f8175240,Batch01/20240928-0620-59ab-d462-ce31f8175240/20240928-0620-59ab-d462-ce31f8175240_2205e6bf-5e01-4e9c-9620-214117f218ac_14分.jpg,20240928-0620-59ab-d462-ce31f8175240_2205e6bf-5e01-4e9c-9620-214117f218ac_14分.jpg,hard,cluster_12,4553,0.696125328540802,False,keep,non_random_source=hard,,
Batch01,20240928-0620-59ab-d462-ce31f8175240,Batch01/20240928-0620-59ab-d462-ce31f8175240/20240928-0620-59ab-d462-ce31f8175240_58c93922-5d89-41c7-8dd1-12200e805f93_14分.jpg,20240928-0620-59ab-d462-ce31f8175240_58c93922-5d89-41c7-8dd1-12200e805f93_14分.jpg,diverse,cluster_12,4553,0.7506393194198608,False,keep,non_random_source=diverse,,
Batch01,20240928-0620-59ab-d462-ce31f8175240,Batch01/20240928-0620-59ab-d462-ce31f8175240/20240928-0620-59ab-d462-ce31f8175240_7c99a9e5-bcd9-49f6-a95c-d4e7789f5880_13分.jpg,20240928-0620-59ab-d462-ce31f8175240_7c99a9e5-bcd9-49f6-a95c-d4e7789f5880_13分.jpg,hard,cluster_12,4553,0.7161925435066223,False,keep,non_random_source=hard,,
Batch01,20241004-0638-348e-9d5e-eca74e078914,Batch01/20241004-0638-348e-9d5e-eca74e078914/20241004-0638-348e-9d5e-eca74e078914_03f27266-8f98-48f4-bffe-693a8945eef8_9分.jpg,20241004-0638-348e-9d5e-eca74e078914_03f27266-8f98-48f4-bffe-693a8945eef8_9分.jpg,hard,cluster_12,4553,0.7051697373390198,False,keep,non_random_source=hard,,
Batch01,20241004-0638-348e-9d5e-eca74e078914,Batch01/20241004-0638-348e-9d5e-eca74e078914/20241004-0638-348e-9d5e-eca74e078914_1d0f2b8d-3ae7-4cc4-b776-219ef591d5fa_2分.jpg,20241004-0638-348e-9d5e-eca74e078914_1d0f2b8d-3ae7-4cc4-b776-219ef591d5fa_2分.jpg,diverse,cluster_7,2261,0.5383719205856323,False,keep,non_random_source=diverse,,
Batch01,20241004-0638-348e-9d5e-eca74e078914,Batch01/20241004-0638-348e-9d5e-eca74e078914/20241004-0638-348e-9d5e-eca74e078914_c5f444dd-0b74-4460-b284-0dc3f7d98c8a_15分.jpg,20241004-0638-348e-9d5e-eca74e078914_c5f444dd-0b74-4460-b284-0dc3f7d98c8a_15分.jpg,hard,cluster_12,4553,0.6938853859901428,False,keep,non_random_source=hard,,
Batch01,20241004-0638-348e-9d5e-eca74e078914,Batch01/20241004-0638-348e-9d5e-eca74e078914/20241004-0638-348e-9d5e-eca74e078914_f3849988-e398-4126-96c4-37f65fb0e895_15分.jpg,20241004-0638-348e-9d5e-eca74e078914_f3849988-e398-4126-96c4-37f65fb0e895_15分.jpg,diverse,cluster_12,4553,0.7019754648208618,False,keep,non_random_source=diverse,,
Batch01,20241009-0850-4705-a0a6-c8d549427706,Batch01/20241009-0850-4705-a0a6-c8d549427706/20241009-0850-4705-a0a6-c8d549427706_2eedb377-62ad-4807-a94a-e74bbe6526ea_10分.jpg,20241009-0850-4705-a0a6-c8d549427706_2eedb377-62ad-4807-a94a-e74bbe6526ea_10分.jpg,diverse,cluster_6,3834,0.5963931679725647,False,keep,non_random_source=diverse,,
Batch01,20241009-0850-4705-a0a6-c8d549427706,Batch01/20241009-0850-4705-a0a6-c8d549427706/20241009-0850-4705-a0a6-c8d549427706_4d619f9e-9cdd-473a-ab25-af28badfd8fe_9分.jpg,20241009-0850-4705-a0a6-c8d549427706_4d619f9e-9cdd-473a-ab25-af28badfd8fe_9分.jpg,hard,cluster_6,3834,0.7605661153793335,False,keep,non_random_source=hard,,
Batch01,20241009-0850-4705-a0a6-c8d549427706,Batch01/20241009-0850-4705-a0a6-c8d549427706/20241009-0850-4705-a0a6-c8d549427706_b18ecd59-2f2d-4d8e-941b-6501c66c324d_6分.jpg,20241009-0850-4705-a0a6-c8d549427706_b18ecd59-2f2d-4d8e-941b-6501c66c324d_6分.jpg,diverse,cluster_2,2092,0.6737313866615295,False,keep,non_random_source=diverse,,
Batch01,20241009-0850-4705-a0a6-c8d549427706,Batch01/20241009-0850-4705-a0a6-c8d549427706/20241009-0850-4705-a0a6-c8d549427706_b3291045-8a1e-42da-8684-eb60ed248c10_13分.jpg,20241009-0850-4705-a0a6-c8d549427706_b3291045-8a1e-42da-8684-eb60ed248c10_13分.jpg,hard,cluster_6,3834,0.6183337569236755,False,keep,non_random_source=hard,,
Batch01,20241010-0319-05b2-1860-4b15c3755465,Batch01/20241010-0319-05b2-1860-4b15c3755465/20241010-0319-05b2-1860-4b15c3755465_62f45065-0b72-4a15-a3e3-cc3e89d46ff3_10分.jpg,20241010-0319-05b2-1860-4b15c3755465_62f45065-0b72-4a15-a3e3-cc3e89d46ff3_10分.jpg,diverse,cluster_8,2333,0.636140763759613,True,keep,non_random_source=diverse,,
Batch01,20241010-0319-05b2-1860-4b15c3755465,Batch01/20241010-0319-05b2-1860-4b15c3755465/20241010-0319-05b2-1860-4b15c3755465_7c452e86-5f96-4f15-9280-1659330e222d_13分.jpg,20241010-0319-05b2-1860-4b15c3755465_7c452e86-5f96-4f15-9280-1659330e222d_13分.jpg,replacement,cluster_8,2333,0.7422793507575989,True,keep,non_random_source=replacement,,
Batch01,20241010-0319-05b2-1860-4b15c3755465,Batch01/20241010-0319-05b2-1860-4b15c3755465/20241010-0319-05b2-1860-4b15c3755465_a81930ce-9dcb-4cfa-8b5f-41a0f8065944_5分.jpg,20241010-0319-05b2-1860-4b15c3755465_a81930ce-9dcb-4cfa-8b5f-41a0f8065944_5分.jpg,diverse,cluster_8,2333,0.445418119430542,True,keep,non_random_source=diverse,,
Batch01,20241010-0319-05b2-1860-4b15c3755465,Batch01/20241010-0319-05b2-1860-4b15c3755465/20241010-0319-05b2-1860-4b15c3755465_bdd02026-0274-46d4-9ae6-f8e59d09d637_7分.jpg,20241010-0319-05b2-1860-4b15c3755465_bdd02026-0274-46d4-9ae6-f8e59d09d637_7分.jpg,replacement,cluster_8,2333,0.7108691334724426,True,keep,non_random_source=replacement,,
Batch01,20241010-0319-05b2-1860-4b15c3755465,Batch01/20241010-0319-05b2-1860-4b15c3755465/20241010-0319-05b2-1860-4b15c3755465_d363e6eb-f102-4bee-818a-108ec00cc6c3_1分.jpg,20241010-0319-05b2-1860-4b15c3755465_d363e6eb-f102-4bee-818a-108ec00cc6c3_1分.jpg,replacement,cluster_4,3444,0.6152734756469727,True,keep,non_random_source=replacement,,
Batch01,20241010-0319-05b2-1860-4b15c3755465,Batch01/20241010-0319-05b2-1860-4b15c3755465/20241010-0319-05b2-1860-4b15c3755465_da94190a-15ce-4a03-809a-fc1f71a06dd5_10分.jpg,20241010-0319-05b2-1860-4b15c3755465_da94190a-15ce-4a03-809a-fc1f71a06dd5_10分.jpg,hard,cluster_8,2333,0.6115347146987915,True,keep,non_random_source=hard,,
Batch01,20241010-0319-05b2-1860-4b15c3755465,Batch01/20241010-0319-05b2-1860-4b15c3755465/20241010-0319-05b2-1860-4b15c3755465_e90b53fe-31d0-492e-9e43-542068617437_13分.jpg,20241010-0319-05b2-1860-4b15c3755465_e90b53fe-31d0-492e-9e43-542068617437_13分.jpg,hard,cluster_8,2333,0.6524756550788879,True,keep,non_random_source=hard,,
Batch01,20241010-0319-05b2-1860-4b15c3755465,Batch01/20241010-0319-05b2-1860-4b15c3755465/20241010-0319-05b2-1860-4b15c3755465_f4fb1983-21a8-4d08-8547-63821a863520_10分.jpg,20241010-0319-05b2-1860-4b15c3755465_f4fb1983-21a8-4d08-8547-63821a863520_10分.jpg,replacement,cluster_8,2333,0.590936541557312,True,keep,non_random_source=replacement,,
Batch01,20241014-0317-4134-65bd-138c24747169,Batch01/20241014-0317-4134-65bd-138c24747169/20241014-0317-4134-65bd-138c24747169_2370a8dc-0ebc-4ca9-bad2-4785fe8496b9_2分.jpg,20241014-0317-4134-65bd-138c24747169_2370a8dc-0ebc-4ca9-bad2-4785fe8496b9_2分.jpg,replacement,cluster_7,2261,0.4140760898590088,True,keep,non_random_source=replacement,,
Batch01,20241014-0317-4134-65bd-138c24747169,Batch01/20241014-0317-4134-65bd-138c24747169/20241014-0317-4134-65bd-138c24747169_2ea41859-653a-4de8-b00b-ae8688699c3e_6分.jpg,20241014-0317-4134-65bd-138c24747169_2ea41859-653a-4de8-b00b-ae8688699c3e_6分.jpg,replacement,cluster_12,4553,0.5052735805511475,True,keep,non_random_source=replacement,,
Batch01,20241014-0317-4134-65bd-138c24747169,Batch01/20241014-0317-4134-65bd-138c24747169/20241014-0317-4134-65bd-138c24747169_55de3fc0-e5a5-472e-8eac-dfdb36cd8445_1分.jpg,20241014-0317-4134-65bd-138c24747169_55de3fc0-e5a5-472e-8eac-dfdb36cd8445_1分.jpg,hard,cluster_12,4553,0.565575897693634,True,keep,non_random_source=hard,,
Batch01,20241014-0317-4134-65bd-138c24747169,Batch01/20241014-0317-4134-65bd-138c24747169/20241014-0317-4134-65bd-138c24747169_6f920f9a-21d5-48a6-bcfb-0d6911d1ed63_6分.jpg,20241014-0317-4134-65bd-138c24747169_6f920f9a-21d5-48a6-bcfb-0d6911d1ed63_6分.jpg,diverse,cluster_4,3444,0.47786667943000793,True,keep,non_random_source=diverse,,
Batch01,20241014-0317-4134-65bd-138c24747169,Batch01/20241014-0317-4134-65bd-138c24747169/20241014-0317-4134-65bd-138c24747169_816f0936-4707-40ca-81b1-8e9d32fb7e9e_1分.jpg,20241014-0317-4134-65bd-138c24747169_816f0936-4707-40ca-81b1-8e9d32fb7e9e_1分.jpg,replacement,cluster_12,4553,0.3535791039466858,True,keep,non_random_source=replacement,,
Batch01,20241014-0317-4134-65bd-138c24747169,Batch01/20241014-0317-4134-65bd-138c24747169/20241014-0317-4134-65bd-138c24747169_88fbeb80-0289-4f7b-9eac-c499d1ab6ac4_15分.jpg,20241014-0317-4134-65bd-138c24747169_88fbeb80-0289-4f7b-9eac-c499d1ab6ac4_15分.jpg,hard,cluster_12,4553,0.6629188060760498,True,keep,non_random_source=hard,,
Batch01,20241014-0317-4134-65bd-138c24747169,Batch01/20241014-0317-4134-65bd-138c24747169/20241014-0317-4134-65bd-138c24747169_b6461be5-3aa9-436e-a24e-5ff760f2c678_3分.jpg,20241014-0317-4134-65bd-138c24747169_b6461be5-3aa9-436e-a24e-5ff760f2c678_3分.jpg,diverse,cluster_12,4553,0.6517055034637451,True,keep,non_random_source=diverse,,
Batch01,20241014-0317-4134-65bd-138c24747169,Batch01/20241014-0317-4134-65bd-138c24747169/20241014-0317-4134-65bd-138c24747169_bd5575df-6425-4622-a3c3-c3a297359077_8分.jpg,20241014-0317-4134-65bd-138c24747169_bd5575df-6425-4622-a3c3-c3a297359077_8分.jpg,replacement,cluster_12,4553,0.6631498336791992,True,keep,non_random_source=replacement,,
Batch01,20241016-1008-4182-bd64-022e67280108,Batch01/20241016-1008-4182-bd64-022e67280108/20241016-1008-4182-bd64-022e67280108_216d5d63-fe28-4b77-b65d-da0e41b9eb74_13分.jpg,20241016-1008-4182-bd64-022e67280108_216d5d63-fe28-4b77-b65d-da0e41b9eb74_13分.jpg,hard,cluster_5,2606,0.622842013835907,False,keep,non_random_source=hard,,
Batch01,20241016-1008-4182-bd64-022e67280108,Batch01/20241016-1008-4182-bd64-022e67280108/20241016-1008-4182-bd64-022e67280108_2bcf3f40-e931-475c-a615-2e25a1afd43a_11分.jpg,20241016-1008-4182-bd64-022e67280108_2bcf3f40-e931-475c-a615-2e25a1afd43a_11分.jpg,hard,cluster_5,2606,0.5642611384391785,False,keep,non_random_source=hard,,
Batch01,20241016-1008-4182-bd64-022e67280108,Batch01/20241016-1008-4182-bd64-022e67280108/20241016-1008-4182-bd64-022e67280108_6cc2a561-7f1b-44a3-b863-eacb9830294e_5分.jpg,20241016-1008-4182-bd64-022e67280108_6cc2a561-7f1b-44a3-b863-eacb9830294e_5分.jpg,diverse,cluster_9,3636,0.6726087331771851,False,keep,non_random_source=diverse,,
Batch01,20241016-1008-4182-bd64-022e67280108,Batch01/20241016-1008-4182-bd64-022e67280108/20241016-1008-4182-bd64-022e67280108_e6c417c0-2f01-48c5-b64f-70f12d7262f8_8分.jpg,20241016-1008-4182-bd64-022e67280108_e6c417c0-2f01-48c5-b64f-70f12d7262f8_8分.jpg,diverse,cluster_5,2606,0.6335409879684448,False,keep,non_random_source=diverse,,
Batch01,20241019-0126-44fb-4fe6-1e3427505345,Batch01/20241019-0126-44fb-4fe6-1e3427505345/20241019-0126-44fb-4fe6-1e3427505345_1fb143ba-85d1-42e1-9e47-d1f8fdf63210_2分.jpg,20241019-0126-44fb-4fe6-1e3427505345_1fb143ba-85d1-42e1-9e47-d1f8fdf63210_2分.jpg,hard,cluster_5,2606,0.5918338894844055,False,keep,non_random_source=hard,,
Batch01,20241019-0126-44fb-4fe6-1e3427505345,Batch01/20241019-0126-44fb-4fe6-1e3427505345/20241019-0126-44fb-4fe6-1e3427505345_89dacc3b-640a-4d37-b50b-fc7fab413e1f_9分.jpg,20241019-0126-44fb-4fe6-1e3427505345_89dacc3b-640a-4d37-b50b-fc7fab413e1f_9分.jpg,diverse,cluster_5,2606,0.42334532737731934,False,keep,non_random_source=diverse,,
Batch01,20241019-0126-44fb-4fe6-1e3427505345,Batch01/20241019-0126-44fb-4fe6-1e3427505345/20241019-0126-44fb-4fe6-1e3427505345_e03d9562-f0db-4653-9667-5a70daca7aaf_1分.jpg,20241019-0126-44fb-4fe6-1e3427505345_e03d9562-f0db-4653-9667-5a70daca7aaf_1分.jpg,diverse,cluster_6,3834,0.6100457906723022,False,keep,non_random_source=diverse,,
Batch01,20241019-0126-44fb-4fe6-1e3427505345,Batch01/20241019-0126-44fb-4fe6-1e3427505345/20241019-0126-44fb-4fe6-1e3427505345_fc5238c2-f12d-495e-b272-f5a45b6dec45_1分.jpg,20241019-0126-44fb-4fe6-1e3427505345_fc5238c2-f12d-495e-b272-f5a45b6dec45_1分.jpg,hard,cluster_6,3834,0.591021716594696,False,keep,non_random_source=hard,,
Batch01,20241019-0158-00ca-a543-a6bf38020076,Batch01/20241019-0158-00ca-a543-a6bf38020076/20241019-0158-00ca-a543-a6bf38020076_07f5d9f0-41cd-4460-8a9c-7b5eac6dfe2a_10分.jpg,20241019-0158-00ca-a543-a6bf38020076_07f5d9f0-41cd-4460-8a9c-7b5eac6dfe2a_10分.jpg,replacement,cluster_12,4553,0.7299936413764954,True,keep,non_random_source=replacement,,
Batch01,20241019-0158-00ca-a543-a6bf38020076,Batch01/20241019-0158-00ca-a543-a6bf38020076/20241019-0158-00ca-a543-a6bf38020076_20cf5477-c6bd-4e2d-a3da-bc0fa22f6d54_15分.jpg,20241019-0158-00ca-a543-a6bf38020076_20cf5477-c6bd-4e2d-a3da-bc0fa22f6d54_15分.jpg,diverse,cluster_12,4553,0.7224960923194885,True,keep,non_random_source=diverse,,
Batch01,20241019-0158-00ca-a543-a6bf38020076,Batch01/20241019-0158-00ca-a543-a6bf38020076/20241019-0158-00ca-a543-a6bf38020076_4183ce12-63d7-4c16-9106-57afdaf8c70a_11分.jpg,20241019-0158-00ca-a543-a6bf38020076_4183ce12-63d7-4c16-9106-57afdaf8c70a_11分.jpg,hard,cluster_12,4553,0.6780766844749451,True,keep,non_random_source=hard,,
Batch01,20241019-0158-00ca-a543-a6bf38020076,Batch01/20241019-0158-00ca-a543-a6bf38020076/20241019-0158-00ca-a543-a6bf38020076_48874be6-1225-4c81-b386-d255e1e7a5c5_10分.jpg,20241019-0158-00ca-a543-a6bf38020076_48874be6-1225-4c81-b386-d255e1e7a5c5_10分.jpg,replacement,cluster_12,4553,0.7554648518562317,True,keep,non_random_source=replacement,,
Batch01,20241019-0158-00ca-a543-a6bf38020076,Batch01/20241019-0158-00ca-a543-a6bf38020076/20241019-0158-00ca-a543-a6bf38020076_8782501b-57f8-4dbc-9921-166d7e43ca5c_9分.jpg,20241019-0158-00ca-a543-a6bf38020076_8782501b-57f8-4dbc-9921-166d7e43ca5c_9分.jpg,hard,cluster_12,4553,0.7022777199745178,True,keep,non_random_source=hard,,
Batch01,20241019-0158-00ca-a543-a6bf38020076,Batch01/20241019-0158-00ca-a543-a6bf38020076/20241019-0158-00ca-a543-a6bf38020076_94928102-caf7-4ddd-b246-c40a90b8aaec_6分.jpg,20241019-0158-00ca-a543-a6bf38020076_94928102-caf7-4ddd-b246-c40a90b8aaec_6分.jpg,diverse,cluster_12,4553,0.42706871032714844,True,keep,non_random_source=diverse,,
Batch01,20241019-0158-00ca-a543-a6bf38020076,Batch01/20241019-0158-00ca-a543-a6bf38020076/20241019-0158-00ca-a543-a6bf38020076_b077c858-6330-45e1-8b72-6b0150a486ba_7分.jpg,20241019-0158-00ca-a543-a6bf38020076_b077c858-6330-45e1-8b72-6b0150a486ba_7分.jpg,replacement,cluster_9,3636,0.735405445098877,True,keep,non_random_source=replacement,,
Batch01,20241019-0158-00ca-a543-a6bf38020076,Batch01/20241019-0158-00ca-a543-a6bf38020076/20241019-0158-00ca-a543-a6bf38020076_f8163c42-7d8b-409c-a8be-7924369a00d0_12分.jpg,20241019-0158-00ca-a543-a6bf38020076_f8163c42-7d8b-409c-a8be-7924369a00d0_12分.jpg,replacement,cluster_12,4553,0.6842171549797058,True,keep,non_random_source=replacement,,
Batch01,20241019-0227-52b6-99a2-f1537a819343,Batch01/20241019-0227-52b6-99a2-f1537a819343/20241019-0227-52b6-99a2-f1537a819343_02c8d717-05eb-4626-9264-4591799c1843_14分.jpg,20241019-0227-52b6-99a2-f1537a819343_02c8d717-05eb-4626-9264-4591799c1843_14分.jpg,hard,cluster_6,3834,0.6669788956642151,False,keep,non_random_source=hard,,
Batch01,20241019-0227-52b6-99a2-f1537a819343,Batch01/20241019-0227-52b6-99a2-f1537a819343/20241019-0227-52b6-99a2-f1537a819343_26362160-b331-40de-acad-019cd3f4c6ae_10分.jpg,20241019-0227-52b6-99a2-f1537a819343_26362160-b331-40de-acad-019cd3f4c6ae_10分.jpg,diverse,cluster_6,3834,0.6428590416908264,False,keep,non_random_source=diverse,,
Batch01,20241019-0227-52b6-99a2-f1537a819343,Batch01/20241019-0227-52b6-99a2-f1537a819343/20241019-0227-52b6-99a2-f1537a819343_70b4d83a-7a5f-4cda-8e4d-c4069d10cdab_17分.jpg,20241019-0227-52b6-99a2-f1537a819343_70b4d83a-7a5f-4cda-8e4d-c4069d10cdab_17分.jpg,hard,cluster_6,3834,0.69261234998703,False,keep,non_random_source=hard,,
Batch01,20241019-0227-52b6-99a2-f1537a819343,Batch01/20241019-0227-52b6-99a2-f1537a819343/20241019-0227-52b6-99a2-f1537a819343_85573ad2-0053-43aa-a706-4a37e3851d84_2分.jpg,20241019-0227-52b6-99a2-f1537a819343_85573ad2-0053-43aa-a706-4a37e3851d84_2分.jpg,diverse,cluster_2,2092,0.6196728944778442,False,keep,non_random_source=diverse,,
Batch01,20241020-0046-0851-a7f9-515436295214,Batch01/20241020-0046-0851-a7f9-515436295214/20241020-0046-0851-a7f9-515436295214_14515edf-ff6d-4b4b-9c72-ec89ec124b17_1分.jpg,20241020-0046-0851-a7f9-515436295214_14515edf-ff6d-4b4b-9c72-ec89ec124b17_1分.jpg,diverse,cluster_4,3444,0.7213462591171265,True,keep,non_random_source=diverse,,
Batch01,20241020-0046-0851-a7f9-515436295214,Batch01/20241020-0046-0851-a7f9-515436295214/20241020-0046-0851-a7f9-515436295214_2958c153-5f93-4b43-9f30-beac31fa79b5_8分.jpg,20241020-0046-0851-a7f9-515436295214_2958c153-5f93-4b43-9f30-beac31fa79b5_8分.jpg,replacement,cluster_4,3444,0.6515867710113525,True,keep,non_random_source=replacement,,
Batch01,20241020-0046-0851-a7f9-515436295214,Batch01/20241020-0046-0851-a7f9-515436295214/20241020-0046-0851-a7f9-515436295214_4ba50e7d-0ecc-4b7a-b964-a4d57144703d_14分.jpg,20241020-0046-0851-a7f9-515436295214_4ba50e7d-0ecc-4b7a-b964-a4d57144703d_14分.jpg,hard,cluster_8,2333,0.5724443197250366,True,keep,non_random_source=hard,,
Batch01,20241020-0046-0851-a7f9-515436295214,Batch01/20241020-0046-0851-a7f9-515436295214/20241020-0046-0851-a7f9-515436295214_99c55aae-c9a6-459b-a9f7-e3e19ee84d9c_12分.jpg,20241020-0046-0851-a7f9-515436295214_99c55aae-c9a6-459b-a9f7-e3e19ee84d9c_12分.jpg,diverse,cluster_8,2333,0.5378800630569458,True,keep,non_random_source=diverse,,
Batch01,20241020-0046-0851-a7f9-515436295214,Batch01/20241020-0046-0851-a7f9-515436295214/20241020-0046-0851-a7f9-515436295214_bf2facba-c5ab-43a2-971b-7ae9533ad227_7分.jpg,20241020-0046-0851-a7f9-515436295214_bf2facba-c5ab-43a2-971b-7ae9533ad227_7分.jpg,hard,cluster_8,2333,0.5171614289283752,True,keep,non_random_source=hard,,
Batch01,20241020-0046-0851-a7f9-515436295214,Batch01/20241020-0046-0851-a7f9-515436295214/20241020-0046-0851-a7f9-515436295214_c804e529-000a-4072-9af6-49e055687f92_7分.jpg,20241020-0046-0851-a7f9-515436295214_c804e529-000a-4072-9af6-49e055687f92_7分.jpg,replacement,cluster_8,2333,0.523234486579895,True,keep,non_random_source=replacement,,
Batch01,20241020-0046-0851-a7f9-515436295214,Batch01/20241020-0046-0851-a7f9-515436295214/20241020-0046-0851-a7f9-515436295214_f0ad01be-cc9b-4198-8a7b-30a07fba622b_3分.jpg,20241020-0046-0851-a7f9-515436295214_f0ad01be-cc9b-4198-8a7b-30a07fba622b_3分.jpg,replacement,cluster_4,3444,0.36946365237236023,True,keep,non_random_source=replacement,,
Batch01,20241020-0046-0851-a7f9-515436295214,Batch01/20241020-0046-0851-a7f9-515436295214/20241020-0046-0851-a7f9-515436295214_f7005b88-7d4b-4715-b096-8e3351555c11_5分.jpg,20241020-0046-0851-a7f9-515436295214_f7005b88-7d4b-4715-b096-8e3351555c11_5分.jpg,replacement,cluster_8,2333,0.38828733563423157,True,keep,non_random_source=replacement,,
Batch01,20241023-0024-0506-9a48-60cef0502423,Batch01/20241023-0024-0506-9a48-60cef0502423/20241023-0024-0506-9a48-60cef0502423_5d5ee2b2-de80-41a1-83f7-a10de5824dc7_7分.jpg,20241023-0024-0506-9a48-60cef0502423_5d5ee2b2-de80-41a1-83f7-a10de5824dc7_7分.jpg,replacement,cluster_5,2606,0.7764262557029724,True,keep,non_random_source=replacement,,
Batch01,20241023-0024-0506-9a48-60cef0502423,Batch01/20241023-0024-0506-9a48-60cef0502423/20241023-0024-0506-9a48-60cef0502423_7b4b895e-24c2-43a7-80d2-f883d576eeb2_1分.jpg,20241023-0024-0506-9a48-60cef0502423_7b4b895e-24c2-43a7-80d2-f883d576eeb2_1分.jpg,diverse,cluster_2,2092,0.8666163086891174,True,keep,non_random_source=diverse,,
Batch01,20241023-0024-0506-9a48-60cef0502423,Batch01/20241023-0024-0506-9a48-60cef0502423/20241023-0024-0506-9a48-60cef0502423_a0dc9351-c23d-43c9-a7f5-0279ca163be5_7分.jpg,20241023-0024-0506-9a48-60cef0502423_a0dc9351-c23d-43c9-a7f5-0279ca163be5_7分.jpg,replacement,cluster_2,2092,0.7652440667152405,True,keep,non_random_source=replacement,,
Batch01,20241023-0024-0506-9a48-60cef0502423,Batch01/20241023-0024-0506-9a48-60cef0502423/20241023-0024-0506-9a48-60cef0502423_ad8a1f4e-32ee-40ce-8b86-0a7d00a017b0_14分.jpg,20241023-0024-0506-9a48-60cef0502423_ad8a1f4e-32ee-40ce-8b86-0a7d00a017b0_14分.jpg,hard,cluster_5,2606,0.7112194299697876,True,keep,non_random_source=hard,,
Batch01,20241023-0024-0506-9a48-60cef0502423,Batch01/20241023-0024-0506-9a48-60cef0502423/20241023-0024-0506-9a48-60cef0502423_b2d1b755-f719-46c7-b8b7-fb25684c5dbb_1分.jpg,20241023-0024-0506-9a48-60cef0502423_b2d1b755-f719-46c7-b8b7-fb25684c5dbb_1分.jpg,replacement,cluster_2,2092,0.756738007068634,True,keep,non_random_source=replacement,,
Batch01,20241023-0024-0506-9a48-60cef0502423,Batch01/20241023-0024-0506-9a48-60cef0502423/20241023-0024-0506-9a48-60cef0502423_b64c9bbb-e54a-4b2d-8732-3c23947bbad7_12分.jpg,20241023-0024-0506-9a48-60cef0502423_b64c9bbb-e54a-4b2d-8732-3c23947bbad7_12分.jpg,hard,cluster_5,2606,0.7570147514343262,True,keep,non_random_source=hard,,
Batch01,20241023-0024-0506-9a48-60cef0502423,Batch01/20241023-0024-0506-9a48-60cef0502423/20241023-0024-0506-9a48-60cef0502423_cc660024-6a47-4bea-993e-ca02a365833f_10分.jpg,20241023-0024-0506-9a48-60cef0502423_cc660024-6a47-4bea-993e-ca02a365833f_10分.jpg,diverse,cluster_5,2606,0.781670331954956,True,keep,non_random_source=diverse,,
Batch01,20241023-0024-0506-9a48-60cef0502423,Batch01/20241023-0024-0506-9a48-60cef0502423/20241023-0024-0506-9a48-60cef0502423_d50f0e3b-3c19-4d16-a212-24e91d7db335_5分.jpg,20241023-0024-0506-9a48-60cef0502423_d50f0e3b-3c19-4d16-a212-24e91d7db335_5分.jpg,replacement,cluster_2,2092,0.7666298747062683,True,keep,non_random_source=replacement,,
Batch01,20241025-1528-2592-e3ca-c1be6d204091,Batch01/20241025-1528-2592-e3ca-c1be6d204091/20241025-1528-2592-e3ca-c1be6d204091_1b1dc285-74d9-47dc-a0ac-29853048945c_12分.jpg,20241025-1528-2592-e3ca-c1be6d204091_1b1dc285-74d9-47dc-a0ac-29853048945c_12分.jpg,diverse,cluster_12,4553,0.7323645353317261,False,keep,non_random_source=diverse,,
Batch01,20241025-1528-2592-e3ca-c1be6d204091,Batch01/20241025-1528-2592-e3ca-c1be6d204091/20241025-1528-2592-e3ca-c1be6d204091_4341b8a4-5d53-4904-a636-0b1b788213ac_17分.jpg,20241025-1528-2592-e3ca-c1be6d204091_4341b8a4-5d53-4904-a636-0b1b788213ac_17分.jpg,hard,cluster_12,4553,0.463133305311203,False,keep,non_random_source=hard,,
Batch01,20241025-1528-2592-e3ca-c1be6d204091,Batch01/20241025-1528-2592-e3ca-c1be6d204091/20241025-1528-2592-e3ca-c1be6d204091_4bbb4902-5c3f-4153-bfca-cbc95b8f7bbf_15分.jpg,20241025-1528-2592-e3ca-c1be6d204091_4bbb4902-5c3f-4153-bfca-cbc95b8f7bbf_15分.jpg,hard,cluster_12,4553,0.7481430768966675,False,keep,non_random_source=hard,,
Batch01,20241025-1528-2592-e3ca-c1be6d204091,Batch01/20241025-1528-2592-e3ca-c1be6d204091/20241025-1528-2592-e3ca-c1be6d204091_920197c6-5e32-4325-8d31-97a74853f4f6_6分.jpg,20241025-1528-2592-e3ca-c1be6d204091_920197c6-5e32-4325-8d31-97a74853f4f6_6分.jpg,diverse,cluster_7,2261,0.22889354825019836,False,keep,non_random_source=diverse,,
Batch01,20241027-1420-030a-3c00-89d88d678752,Batch01/20241027-1420-030a-3c00-89d88d678752/20241027-1420-030a-3c00-89d88d678752_0333d409-327d-4e90-b655-95d174c779bd_15分.jpg,20241027-1420-030a-3c00-89d88d678752_0333d409-327d-4e90-b655-95d174c779bd_15分.jpg,replacement,cluster_1,1389,0.4223930239677429,True,keep,non_random_source=replacement,,
Batch01,20241027-1420-030a-3c00-89d88d678752,Batch01/20241027-1420-030a-3c00-89d88d678752/20241027-1420-030a-3c00-89d88d678752_076fbc49-3fb5-4f7e-ab7a-f1bf2c92052f_9分.jpg,20241027-1420-030a-3c00-89d88d678752_076fbc49-3fb5-4f7e-ab7a-f1bf2c92052f_9分.jpg,replacement,cluster_1,1389,0.4170134663581848,True,keep,non_random_source=replacement,,
Batch01,20241027-1420-030a-3c00-89d88d678752,Batch01/20241027-1420-030a-3c00-89d88d678752/20241027-1420-030a-3c00-89d88d678752_0d1c991b-0845-4694-baa1-9b8330fda589_3分.jpg,20241027-1420-030a-3c00-89d88d678752_0d1c991b-0845-4694-baa1-9b8330fda589_3分.jpg,replacement,cluster_1,1389,0.45393073558807373,True,keep,non_random_source=replacement,,
Batch01,20241027-1420-030a-3c00-89d88d678752,Batch01/20241027-1420-030a-3c00-89d88d678752/20241027-1420-030a-3c00-89d88d678752_190daaa1-9c2b-44eb-b261-87551555402f_6分.jpg,20241027-1420-030a-3c00-89d88d678752_190daaa1-9c2b-44eb-b261-87551555402f_6分.jpg,diverse,cluster_3,2444,0.5484689474105835,True,keep,non_random_source=diverse,,
Batch01,20241027-1420-030a-3c00-89d88d678752,Batch01/20241027-1420-030a-3c00-89d88d678752/20241027-1420-030a-3c00-89d88d678752_5ce8246f-2ed7-4fbe-b786-6ebce2f28aca_11分.jpg,20241027-1420-030a-3c00-89d88d678752_5ce8246f-2ed7-4fbe-b786-6ebce2f28aca_11分.jpg,diverse,cluster_0,2169,0.364963173866272,True,keep,non_random_source=diverse,,
Batch01,20241027-1420-030a-3c00-89d88d678752,Batch01/20241027-1420-030a-3c00-89d88d678752/20241027-1420-030a-3c00-89d88d678752_aada606b-5eb2-43b4-9ea7-fde346f02757_9分.jpg,20241027-1420-030a-3c00-89d88d678752_aada606b-5eb2-43b4-9ea7-fde346f02757_9分.jpg,hard,cluster_6,3834,0.4538896083831787,True,keep,non_random_source=hard,,
Batch01,20241027-1420-030a-3c00-89d88d678752,Batch01/20241027-1420-030a-3c00-89d88d678752/20241027-1420-030a-3c00-89d88d678752_bd080975-ce1e-40f5-b461-995abe173b42_15分.jpg,20241027-1420-030a-3c00-89d88d678752_bd080975-ce1e-40f5-b461-995abe173b42_15分.jpg,hard,cluster_6,3834,0.3563595116138458,True,keep,non_random_source=hard,,
Batch01,20241027-1420-030a-3c00-89d88d678752,Batch01/20241027-1420-030a-3c00-89d88d678752/20241027-1420-030a-3c00-89d88d678752_e2c42327-bca3-4412-aacd-cdf7d9dec45c_6分.jpg,20241027-1420-030a-3c00-89d88d678752_e2c42327-bca3-4412-aacd-cdf7d9dec45c_6分.jpg,replacement,cluster_0,2169,0.4126862585544586,True,keep,non_random_source=replacement,,
Batch01,20241030-0149-33a7-8128-278274335153,Batch01/20241030-0149-33a7-8128-278274335153/20241030-0149-33a7-8128-278274335153_118b1025-9d87-4ae3-9218-950eb110e7a9_13分.jpg,20241030-0149-33a7-8128-278274335153_118b1025-9d87-4ae3-9218-950eb110e7a9_13分.jpg,hard,cluster_5,2606,0.6639187932014465,False,keep,non_random_source=hard,,
Batch01,20241030-0149-33a7-8128-278274335153,Batch01/20241030-0149-33a7-8128-278274335153/20241030-0149-33a7-8128-278274335153_2366f817-1b2f-4979-ac30-19e0227eed21_2分.jpg,20241030-0149-33a7-8128-278274335153_2366f817-1b2f-4979-ac30-19e0227eed21_2分.jpg,hard,cluster_5,2606,0.5063009262084961,False,keep,non_random_source=hard,,
Batch01,20241030-0149-33a7-8128-278274335153,Batch01/20241030-0149-33a7-8128-278274335153/20241030-0149-33a7-8128-278274335153_7e8725aa-7904-4434-b157-b92b3b85fc77_6分.jpg,20241030-0149-33a7-8128-278274335153_7e8725aa-7904-4434-b157-b92b3b85fc77_6分.jpg,diverse,cluster_5,2606,0.6547384262084961,False,keep,non_random_source=diverse,,
Batch01,20241030-0149-33a7-8128-278274335153,Batch01/20241030-0149-33a7-8128-278274335153/20241030-0149-33a7-8128-278274335153_edda2ca6-7b1b-4750-af34-b15db50de007_1分.jpg,20241030-0149-33a7-8128-278274335153_edda2ca6-7b1b-4750-af34-b15db50de007_1分.jpg,diverse,cluster_9,3636,0.5858776569366455,False,keep,non_random_source=diverse,,
Batch01,20241102-0017-1236-2efc-6ca061656043,Batch01/20241102-0017-1236-2efc-6ca061656043/20241102-0017-1236-2efc-6ca061656043_01dbfc93-1383-4365-bfd5-a6762a30441f_13分.jpg,20241102-0017-1236-2efc-6ca061656043_01dbfc93-1383-4365-bfd5-a6762a30441f_13分.jpg,replacement,cluster_12,4553,0.532059907913208,True,keep,non_random_source=replacement,,
Batch01,20241102-0017-1236-2efc-6ca061656043,Batch01/20241102-0017-1236-2efc-6ca061656043/20241102-0017-1236-2efc-6ca061656043_23e4b05b-927c-4a32-a368-5aa8b9338f83_6分.jpg,20241102-0017-1236-2efc-6ca061656043_23e4b05b-927c-4a32-a368-5aa8b9338f83_6分.jpg,replacement,cluster_12,4553,0.3971531093120575,True,keep,non_random_source=replacement,,
Batch01,20241102-0017-1236-2efc-6ca061656043,Batch01/20241102-0017-1236-2efc-6ca061656043/20241102-0017-1236-2efc-6ca061656043_5a509a2e-05cc-4993-bc72-c63b6a890f64_5分.jpg,20241102-0017-1236-2efc-6ca061656043_5a509a2e-05cc-4993-bc72-c63b6a890f64_5分.jpg,replacement,cluster_9,3636,0.6248066425323486,True,keep,non_random_source=replacement,,
Batch01,20241102-0017-1236-2efc-6ca061656043,Batch01/20241102-0017-1236-2efc-6ca061656043/20241102-0017-1236-2efc-6ca061656043_80049b54-93b2-4b04-b480-6e586ec24136_4分.jpg,20241102-0017-1236-2efc-6ca061656043_80049b54-93b2-4b04-b480-6e586ec24136_4分.jpg,diverse,cluster_9,3636,0.6289635300636292,True,keep,non_random_source=diverse,,
Batch01,20241102-0017-1236-2efc-6ca061656043,Batch01/20241102-0017-1236-2efc-6ca061656043/20241102-0017-1236-2efc-6ca061656043_957ef5f5-7a6c-4d14-99ca-da52d0899b55_5分.jpg,20241102-0017-1236-2efc-6ca061656043_957ef5f5-7a6c-4d14-99ca-da52d0899b55_5分.jpg,replacement,cluster_4,3444,0.5543303489685059,True,keep,non_random_source=replacement,,
Batch01,20241102-0017-1236-2efc-6ca061656043,Batch01/20241102-0017-1236-2efc-6ca061656043/20241102-0017-1236-2efc-6ca061656043_cfb70c97-cdff-48a1-b9e2-00d429067551_15分.jpg,20241102-0017-1236-2efc-6ca061656043_cfb70c97-cdff-48a1-b9e2-00d429067551_15分.jpg,diverse,cluster_0,2169,0.537617027759552,True,keep,non_random_source=diverse,,
Batch01,20241102-0017-1236-2efc-6ca061656043,Batch01/20241102-0017-1236-2efc-6ca061656043/20241102-0017-1236-2efc-6ca061656043_dc8a97d1-425e-4615-8d55-d39e0defa669_12分.jpg,20241102-0017-1236-2efc-6ca061656043_dc8a97d1-425e-4615-8d55-d39e0defa669_12分.jpg,hard,cluster_12,4553,0.5960870385169983,True,keep,non_random_source=hard,,
Batch01,20241102-0017-1236-2efc-6ca061656043,Batch01/20241102-0017-1236-2efc-6ca061656043/20241102-0017-1236-2efc-6ca061656043_e2a9ea48-82a5-467f-8cb4-662b4cdc3be7_16分.jpg,20241102-0017-1236-2efc-6ca061656043_e2a9ea48-82a5-467f-8cb4-662b4cdc3be7_16分.jpg,hard,cluster_12,4553,0.48502081632614136,True,keep,non_random_source=hard,,
Batch01,20241104-0722-2680-8137-2d6d5f150681,Batch01/20241104-0722-2680-8137-2d6d5f150681/20241104-0722-2680-8137-2d6d5f150681_10e401bc-3b6d-4f9a-b53b-673d240e2fbe_13分.jpg,20241104-0722-2680-8137-2d6d5f150681_10e401bc-3b6d-4f9a-b53b-673d240e2fbe_13分.jpg,diverse,cluster_12,4553,0.7749097943305969,False,keep,non_random_source=diverse,,
Batch01,20241104-0722-2680-8137-2d6d5f150681,Batch01/20241104-0722-2680-8137-2d6d5f150681/20241104-0722-2680-8137-2d6d5f150681_25e6c52a-33f3-4861-8508-759378f40f0b_7分.jpg,20241104-0722-2680-8137-2d6d5f150681_25e6c52a-33f3-4861-8508-759378f40f0b_7分.jpg,hard,cluster_12,4553,0.6872909665107727,False,keep,non_random_source=hard,,
Batch01,20241104-0722-2680-8137-2d6d5f150681,Batch01/20241104-0722-2680-8137-2d6d5f150681/20241104-0722-2680-8137-2d6d5f150681_65923c08-0800-415f-97a9-434341f1cf44_17分.jpg,20241104-0722-2680-8137-2d6d5f150681_65923c08-0800-415f-97a9-434341f1cf44_17分.jpg,hard,cluster_12,4553,0.7491028308868408,False,keep,non_random_source=hard,,
Batch01,20241104-0722-2680-8137-2d6d5f150681,Batch01/20241104-0722-2680-8137-2d6d5f150681/20241104-0722-2680-8137-2d6d5f150681_a942d90e-e7be-4762-b675-b449c718c893_1分.jpg,20241104-0722-2680-8137-2d6d5f150681_a942d90e-e7be-4762-b675-b449c718c893_1分.jpg,diverse,cluster_9,3636,0.7241997718811035,False,keep,non_random_source=diverse,,
Batch01,20241105-0955-09df-58f6-50853c239122,Batch01/20241105-0955-09df-58f6-50853c239122/20241105-0955-09df-58f6-50853c239122_28527c73-9e76-4eb6-9570-80da641da06b_6分.jpg,20241105-0955-09df-58f6-50853c239122_28527c73-9e76-4eb6-9570-80da641da06b_6分.jpg,hard,cluster_0,2169,0.6680765748023987,False,keep,non_random_source=hard,,
Batch01,20241105-0955-09df-58f6-50853c239122,Batch01/20241105-0955-09df-58f6-50853c239122/20241105-0955-09df-58f6-50853c239122_2e15d18e-bdb8-4b47-b333-ca58c64f6780_9分.jpg,20241105-0955-09df-58f6-50853c239122_2e15d18e-bdb8-4b47-b333-ca58c64f6780_9分.jpg,diverse,cluster_0,2169,0.5235265493392944,False,keep,non_random_source=diverse,,
Batch01,20241105-0955-09df-58f6-50853c239122,Batch01/20241105-0955-09df-58f6-50853c239122/20241105-0955-09df-58f6-50853c239122_5ad174b0-bf1d-4991-8db1-698997ee86b3_13分.jpg,20241105-0955-09df-58f6-50853c239122_5ad174b0-bf1d-4991-8db1-698997ee86b3_13分.jpg,hard,cluster_0,2169,0.5608808994293213,False,keep,non_random_source=hard,,
Batch01,20241105-0955-09df-58f6-50853c239122,Batch01/20241105-0955-09df-58f6-50853c239122/20241105-0955-09df-58f6-50853c239122_e6dd35f4-2a71-40a7-95db-28ca768b9769_6分.jpg,20241105-0955-09df-58f6-50853c239122_e6dd35f4-2a71-40a7-95db-28ca768b9769_6分.jpg,diverse,cluster_3,2444,0.6428266167640686,False,keep,non_random_source=diverse,,
Batch01,20241111-0647-4514-3304-461c24876781,Batch01/20241111-0647-4514-3304-461c24876781/20241111-0647-4514-3304-461c24876781_1730d24a-cd32-4cd3-9d54-1e0d9f2f677b_1分.jpg,20241111-0647-4514-3304-461c24876781_1730d24a-cd32-4cd3-9d54-1e0d9f2f677b_1分.jpg,replacement,cluster_10,2055,0.7916049361228943,True,keep,non_random_source=replacement,,
Batch01,20241111-0647-4514-3304-461c24876781,Batch01/20241111-0647-4514-3304-461c24876781/20241111-0647-4514-3304-461c24876781_391aa093-8708-4369-b79c-7103381b10c9_7分.jpg,20241111-0647-4514-3304-461c24876781_391aa093-8708-4369-b79c-7103381b10c9_7分.jpg,diverse,cluster_10,2055,0.8272303938865662,True,keep,non_random_source=diverse,,
Batch01,20241111-0647-4514-3304-461c24876781,Batch01/20241111-0647-4514-3304-461c24876781/20241111-0647-4514-3304-461c24876781_47702678-1162-46fa-8d0a-df649ce552e0_15分.jpg,20241111-0647-4514-3304-461c24876781_47702678-1162-46fa-8d0a-df649ce552e0_15分.jpg,replacement,cluster_10,2055,0.803775429725647,True,keep,non_random_source=replacement,,
Batch01,20241111-0647-4514-3304-461c24876781,Batch01/20241111-0647-4514-3304-461c24876781/20241111-0647-4514-3304-461c24876781_61da4317-6fa3-4af0-82a5-8539a6e1ceea_15分.jpg,20241111-0647-4514-3304-461c24876781_61da4317-6fa3-4af0-82a5-8539a6e1ceea_15分.jpg,hard,cluster_10,2055,0.8356472849845886,True,keep,non_random_source=hard,,
Batch01,20241111-0647-4514-3304-461c24876781,Batch01/20241111-0647-4514-3304-461c24876781/20241111-0647-4514-3304-461c24876781_69f17b6f-b5c2-4ed2-ac57-70b2a32d73bb_15分.jpg,20241111-0647-4514-3304-461c24876781_69f17b6f-b5c2-4ed2-ac57-70b2a32d73bb_15分.jpg,hard,cluster_10,2055,0.8053715229034424,True,keep,non_random_source=hard,,
Batch01,20241111-0647-4514-3304-461c24876781,Batch01/20241111-0647-4514-3304-461c24876781/20241111-0647-4514-3304-461c24876781_7bbb0c30-37a4-4155-b889-f67a1ff2d97d_3分.jpg,20241111-0647-4514-3304-461c24876781_7bbb0c30-37a4-4155-b889-f67a1ff2d97d_3分.jpg,diverse,cluster_4,3444,0.6816039085388184,True,keep,non_random_source=diverse,,
Batch01,20241111-0647-4514-3304-461c24876781,Batch01/20241111-0647-4514-3304-461c24876781/20241111-0647-4514-3304-461c24876781_99ae1e4a-7d76-4101-abf8-dc12548b5b0e_15分.jpg,20241111-0647-4514-3304-461c24876781_99ae1e4a-7d76-4101-abf8-dc12548b5b0e_15分.jpg,replacement,cluster_10,2055,0.8541292548179626,True,keep,non_random_source=replacement,,
Batch01,20241111-0647-4514-3304-461c24876781,Batch01/20241111-0647-4514-3304-461c24876781/20241111-0647-4514-3304-461c24876781_b1fa7263-aa31-4210-9d15-f07d5a3304ab_3分.jpg,20241111-0647-4514-3304-461c24876781_b1fa7263-aa31-4210-9d15-f07d5a3304ab_3分.jpg,replacement,cluster_10,2055,0.5526793003082275,True,keep,non_random_source=replacement,,
Batch01,20241112-0121-00e7-bd8d-b6064f251325,Batch01/20241112-0121-00e7-bd8d-b6064f251325/20241112-0121-00e7-bd8d-b6064f251325_070f3789-e221-4884-a857-f87c31cec0a3_13分.jpg,20241112-0121-00e7-bd8d-b6064f251325_070f3789-e221-4884-a857-f87c31cec0a3_13分.jpg,diverse,cluster_6,3834,0.8242411613464355,False,keep,non_random_source=diverse,,
Batch01,20241112-0121-00e7-bd8d-b6064f251325,Batch01/20241112-0121-00e7-bd8d-b6064f251325/20241112-0121-00e7-bd8d-b6064f251325_3b25a506-cb02-436a-87c0-7d421722961f_7分.jpg,20241112-0121-00e7-bd8d-b6064f251325_3b25a506-cb02-436a-87c0-7d421722961f_7分.jpg,hard,cluster_6,3834,0.8448865413665771,False,keep,non_random_source=hard,,
Batch01,20241112-0121-00e7-bd8d-b6064f251325,Batch01/20241112-0121-00e7-bd8d-b6064f251325/20241112-0121-00e7-bd8d-b6064f251325_3edc9af1-ac7b-4fb9-b223-4d72bca79dc4_15分.jpg,20241112-0121-00e7-bd8d-b6064f251325_3edc9af1-ac7b-4fb9-b223-4d72bca79dc4_15分.jpg,diverse,cluster_6,3834,0.5396937131881714,False,keep,non_random_source=diverse,,
Batch01,20241112-0121-00e7-bd8d-b6064f251325,Batch01/20241112-0121-00e7-bd8d-b6064f251325/20241112-0121-00e7-bd8d-b6064f251325_8d9344a3-d2d9-40d8-b6bc-322e3bd5c06e_8分.jpg,20241112-0121-00e7-bd8d-b6064f251325_8d9344a3-d2d9-40d8-b6bc-322e3bd5c06e_8分.jpg,hard,cluster_6,3834,0.7866052985191345,False,keep,non_random_source=hard,,
Batch01,20241122-0347-1978-19b6-955c89533702,Batch01/20241122-0347-1978-19b6-955c89533702/20241122-0347-1978-19b6-955c89533702_58a47869-44e6-4831-9169-ed0aa7acdd92_14分.jpg,20241122-0347-1978-19b6-955c89533702_58a47869-44e6-4831-9169-ed0aa7acdd92_14分.jpg,hard,cluster_8,2333,0.4295957684516907,False,keep,non_random_source=hard,,
Batch01,20241122-0347-1978-19b6-955c89533702,Batch01/20241122-0347-1978-19b6-955c89533702/20241122-0347-1978-19b6-955c89533702_6d6e8584-4c2b-43f7-b0f3-4e3fc0a5fbe9_15分.jpg,20241122-0347-1978-19b6-955c89533702_6d6e8584-4c2b-43f7-b0f3-4e3fc0a5fbe9_15分.jpg,hard,cluster_8,2333,0.47936689853668213,False,keep,non_random_source=hard,,
Batch01,20241122-0347-1978-19b6-955c89533702,Batch01/20241122-0347-1978-19b6-955c89533702/20241122-0347-1978-19b6-955c89533702_708a08af-1068-44d6-b271-cb85538dc5a1_13分.jpg,20241122-0347-1978-19b6-955c89533702_708a08af-1068-44d6-b271-cb85538dc5a1_13分.jpg,diverse,cluster_8,2333,0.5274940729141235,False,keep,non_random_source=diverse,,
Batch01,20241122-0347-1978-19b6-955c89533702,Batch01/20241122-0347-1978-19b6-955c89533702/20241122-0347-1978-19b6-955c89533702_978e1f0f-c8e9-447e-a693-70f8bbf192b9_5分.jpg,20241122-0347-1978-19b6-955c89533702_978e1f0f-c8e9-447e-a693-70f8bbf192b9_5分.jpg,diverse,cluster_9,3636,0.6829459071159363,False,keep,non_random_source=diverse,,
Batch01,20241128-0044-5022-bb5a-27cbed652622,Batch01/20241128-0044-5022-bb5a-27cbed652622/20241128-0044-5022-bb5a-27cbed652622_568ee226-57de-4b0d-b3cf-e011de49a5b8_11分.jpg,20241128-0044-5022-bb5a-27cbed652622_568ee226-57de-4b0d-b3cf-e011de49a5b8_11分.jpg,diverse,cluster_10,2055,0.8286520838737488,False,keep,non_random_source=diverse,,
Batch01,20241128-0044-5022-bb5a-27cbed652622,Batch01/20241128-0044-5022-bb5a-27cbed652622/20241128-0044-5022-bb5a-27cbed652622_618b65ec-e7eb-4da8-b2c3-8d9e69628d51_17分.jpg,20241128-0044-5022-bb5a-27cbed652622_618b65ec-e7eb-4da8-b2c3-8d9e69628d51_17分.jpg,hard,cluster_10,2055,0.7791136503219604,False,keep,non_random_source=hard,,
Batch01,20241128-0044-5022-bb5a-27cbed652622,Batch01/20241128-0044-5022-bb5a-27cbed652622/20241128-0044-5022-bb5a-27cbed652622_9816640e-e34c-4920-aa95-eb1d6854b077_7分.jpg,20241128-0044-5022-bb5a-27cbed652622_9816640e-e34c-4920-aa95-eb1d6854b077_7分.jpg,diverse,cluster_4,3444,0.6298697590827942,False,keep,non_random_source=diverse,,
Batch01,20241128-0044-5022-bb5a-27cbed652622,Batch01/20241128-0044-5022-bb5a-27cbed652622/20241128-0044-5022-bb5a-27cbed652622_e597c7a1-fa37-472e-9080-60f6fde081d2_17分.jpg,20241128-0044-5022-bb5a-27cbed652622_e597c7a1-fa37-472e-9080-60f6fde081d2_17分.jpg,hard,cluster_10,2055,0.7925546765327454,False,keep,non_random_source=hard,,
Batch01,20241128-0108-029c-c655-0b001c327790,Batch01/20241128-0108-029c-c655-0b001c327790/20241128-0108-029c-c655-0b001c327790_05255419-3f3e-4d83-8bba-ee2534307a59_11分.jpg,20241128-0108-029c-c655-0b001c327790_05255419-3f3e-4d83-8bba-ee2534307a59_11分.jpg,diverse,cluster_1,1389,0.5395026803016663,False,keep,non_random_source=diverse,,
Batch01,20241128-0108-029c-c655-0b001c327790,Batch01/20241128-0108-029c-c655-0b001c327790/20241128-0108-029c-c655-0b001c327790_0769dc8d-873f-4ffa-9452-85ceaec5d923_11分.jpg,20241128-0108-029c-c655-0b001c327790_0769dc8d-873f-4ffa-9452-85ceaec5d923_11分.jpg,hard,cluster_1,1389,0.4736675024032593,False,keep,non_random_source=hard,,
Batch01,20241128-0108-029c-c655-0b001c327790,Batch01/20241128-0108-029c-c655-0b001c327790/20241128-0108-029c-c655-0b001c327790_44ed9101-16e7-47b9-8a5e-d217134c6b7e_13分.jpg,20241128-0108-029c-c655-0b001c327790_44ed9101-16e7-47b9-8a5e-d217134c6b7e_13分.jpg,hard,cluster_1,1389,0.6026232838630676,False,keep,non_random_source=hard,,
Batch01,20241128-0108-029c-c655-0b001c327790,Batch01/20241128-0108-029c-c655-0b001c327790/20241128-0108-029c-c655-0b001c327790_b7c4d194-cf5e-420e-b5d1-7323d9568ed2_6分.jpg,20241128-0108-029c-c655-0b001c327790_b7c4d194-cf5e-420e-b5d1-7323d9568ed2_6分.jpg,diverse,cluster_9,3636,0.5791226029396057,False,keep,non_random_source=diverse,,
Batch01,20241201-0113-29ac-03f4-b586ce898784,Batch01/20241201-0113-29ac-03f4-b586ce898784/20241201-0113-29ac-03f4-b586ce898784_0d73a268-3cbd-4635-8773-8e4480c08957_1分.jpg,20241201-0113-29ac-03f4-b586ce898784_0d73a268-3cbd-4635-8773-8e4480c08957_1分.jpg,diverse,cluster_3,2444,0.8543962836265564,False,keep,non_random_source=diverse,,
Batch01,20241201-0113-29ac-03f4-b586ce898784,Batch01/20241201-0113-29ac-03f4-b586ce898784/20241201-0113-29ac-03f4-b586ce898784_7ef794b0-9d91-4a43-abe8-db229be72df3_15分.jpg,20241201-0113-29ac-03f4-b586ce898784_7ef794b0-9d91-4a43-abe8-db229be72df3_15分.jpg,hard,cluster_0,2169,0.7965209484100342,False,keep,non_random_source=hard,,
Batch01,20241201-0113-29ac-03f4-b586ce898784,Batch01/20241201-0113-29ac-03f4-b586ce898784/20241201-0113-29ac-03f4-b586ce898784_85c32d0f-a5b9-4222-9d7d-ad9f60c23216_17分.jpg,20241201-0113-29ac-03f4-b586ce898784_85c32d0f-a5b9-4222-9d7d-ad9f60c23216_17分.jpg,diverse,cluster_0,2169,0.7518881559371948,False,keep,non_random_source=diverse,,
Batch01,20241201-0113-29ac-03f4-b586ce898784,Batch01/20241201-0113-29ac-03f4-b586ce898784/20241201-0113-29ac-03f4-b586ce898784_ab845c3f-9e14-4d1c-bb00-a54ed171390a_8分.jpg,20241201-0113-29ac-03f4-b586ce898784_ab845c3f-9e14-4d1c-bb00-a54ed171390a_8分.jpg,hard,cluster_0,2169,0.7448397874832153,False,keep,non_random_source=hard,,
Batch01,20241202-0259-57fc-be86-7770be113739,Batch01/20241202-0259-57fc-be86-7770be113739/20241202-0259-57fc-be86-7770be113739_89cec065-64bd-4f9a-a0ab-4f7f540944f5_15分.jpg,20241202-0259-57fc-be86-7770be113739_89cec065-64bd-4f9a-a0ab-4f7f540944f5_15分.jpg,diverse,cluster_0,2169,0.3823333978652954,False,keep,non_random_source=diverse,,
Batch01,20241202-0259-57fc-be86-7770be113739,Batch01/20241202-0259-57fc-be86-7770be113739/20241202-0259-57fc-be86-7770be113739_9ee8538d-286e-4739-8857-703a25a84190_15分.jpg,20241202-0259-57fc-be86-7770be113739_9ee8538d-286e-4739-8857-703a25a84190_15分.jpg,hard,cluster_0,2169,0.554787278175354,False,keep,non_random_source=hard,,
Batch01,20241202-0259-57fc-be86-7770be113739,Batch01/20241202-0259-57fc-be86-7770be113739/20241202-0259-57fc-be86-7770be113739_b3929099-49a0-46e7-921c-12aa1ed63306_8分.jpg,20241202-0259-57fc-be86-7770be113739_b3929099-49a0-46e7-921c-12aa1ed63306_8分.jpg,diverse,cluster_3,2444,0.7459521889686584,False,keep,non_random_source=diverse,,
Batch01,20241202-0259-57fc-be86-7770be113739,Batch01/20241202-0259-57fc-be86-7770be113739/20241202-0259-57fc-be86-7770be113739_e6740d6b-3d24-45c0-824f-bd3bd5937e39_11分.jpg,20241202-0259-57fc-be86-7770be113739_e6740d6b-3d24-45c0-824f-bd3bd5937e39_11分.jpg,hard,cluster_0,2169,0.40122348070144653,False,keep,non_random_source=hard,,
Batch01,20241202-0510-234f-c14c-f91d4b301757,Batch01/20241202-0510-234f-c14c-f91d4b301757/20241202-0510-234f-c14c-f91d4b301757_6456d892-6047-47a2-a993-d5da3722f30c_15分.jpg,20241202-0510-234f-c14c-f91d4b301757_6456d892-6047-47a2-a993-d5da3722f30c_15分.jpg,diverse,cluster_0,2169,0.7579257488250732,False,keep,non_random_source=diverse,,
Batch01,20241202-0510-234f-c14c-f91d4b301757,Batch01/20241202-0510-234f-c14c-f91d4b301757/20241202-0510-234f-c14c-f91d4b301757_a796d04a-b657-4865-8cce-92d3f8e0f8d4_10分.jpg,20241202-0510-234f-c14c-f91d4b301757_a796d04a-b657-4865-8cce-92d3f8e0f8d4_10分.jpg,hard,cluster_0,2169,0.6872621774673462,False,keep,non_random_source=hard,,
Batch01,20241202-0510-234f-c14c-f91d4b301757,Batch01/20241202-0510-234f-c14c-f91d4b301757/20241202-0510-234f-c14c-f91d4b301757_d185c0b1-cde4-4102-8caa-418e9206565e_4分.jpg,20241202-0510-234f-c14c-f91d4b301757_d185c0b1-cde4-4102-8caa-418e9206565e_4分.jpg,diverse,cluster_3,2444,0.8180214762687683,False,keep,non_random_source=diverse,,
Batch01,20241202-0510-234f-c14c-f91d4b301757,Batch01/20241202-0510-234f-c14c-f91d4b301757/20241202-0510-234f-c14c-f91d4b301757_eb50b270-cd89-496a-b0d9-ac78b6c97fb2_15分.jpg,20241202-0510-234f-c14c-f91d4b301757_eb50b270-cd89-496a-b0d9-ac78b6c97fb2_15分.jpg,hard,cluster_0,2169,0.7330816984176636,False,keep,non_random_source=hard,,
Batch01,20241202-0745-00bd-057e-07b365368833,Batch01/20241202-0745-00bd-057e-07b365368833/20241202-0745-00bd-057e-07b365368833_0be211b8-e34a-414e-bb03-594e063d036c_8分.jpg,20241202-0745-00bd-057e-07b365368833_0be211b8-e34a-414e-bb03-594e063d036c_8分.jpg,replacement,cluster_10,2055,0.49952760338783264,True,keep,non_random_source=replacement,,
Batch01,20241202-0745-00bd-057e-07b365368833,Batch01/20241202-0745-00bd-057e-07b365368833/20241202-0745-00bd-057e-07b365368833_3401eda3-585e-41b4-9d34-9516ac7a4a03_10分.jpg,20241202-0745-00bd-057e-07b365368833_3401eda3-585e-41b4-9d34-9516ac7a4a03_10分.jpg,diverse,cluster_5,2606,0.5375480055809021,True,keep,non_random_source=diverse,,
Batch01,20241202-0745-00bd-057e-07b365368833,Batch01/20241202-0745-00bd-057e-07b365368833/20241202-0745-00bd-057e-07b365368833_780670c8-cbb9-4931-a13f-a411685a1836_15分.jpg,20241202-0745-00bd-057e-07b365368833_780670c8-cbb9-4931-a13f-a411685a1836_15分.jpg,hard,cluster_0,2169,0.4721110463142395,True,keep,non_random_source=hard,,
Batch01,20241202-0745-00bd-057e-07b365368833,Batch01/20241202-0745-00bd-057e-07b365368833/20241202-0745-00bd-057e-07b365368833_7bd91455-8a29-4d7e-be12-d771244bd887_1分.jpg,20241202-0745-00bd-057e-07b365368833_7bd91455-8a29-4d7e-be12-d771244bd887_1分.jpg,diverse,cluster_4,3444,0.4692972004413605,True,keep,non_random_source=diverse,,
Batch01,20241202-0745-00bd-057e-07b365368833,Batch01/20241202-0745-00bd-057e-07b365368833/20241202-0745-00bd-057e-07b365368833_822b9323-e2e6-4fe4-9818-bba2f340a66c_3分.jpg,20241202-0745-00bd-057e-07b365368833_822b9323-e2e6-4fe4-9818-bba2f340a66c_3分.jpg,replacement,cluster_5,2606,0.36828845739364624,True,keep,non_random_source=replacement,,
Batch01,20241202-0745-00bd-057e-07b365368833,Batch01/20241202-0745-00bd-057e-07b365368833/20241202-0745-00bd-057e-07b365368833_a9b7112d-34c3-455a-b43d-4285b78426f2_10分.jpg,20241202-0745-00bd-057e-07b365368833_a9b7112d-34c3-455a-b43d-4285b78426f2_10分.jpg,hard,cluster_5,2606,0.5209663510322571,True,keep,non_random_source=hard,,
Batch01,20241202-0745-00bd-057e-07b365368833,Batch01/20241202-0745-00bd-057e-07b365368833/20241202-0745-00bd-057e-07b365368833_b96e9f62-61ed-4bea-bb08-28501dd453cd_2分.jpg,20241202-0745-00bd-057e-07b365368833_b96e9f62-61ed-4bea-bb08-28501dd453cd_2分.jpg,replacement,cluster_4,3444,0.5567587018013,True,keep,non_random_source=replacement,,
Batch01,20241202-0745-00bd-057e-07b365368833,Batch01/20241202-0745-00bd-057e-07b365368833/20241202-0745-00bd-057e-07b365368833_c67ba5dc-bb5a-432b-878e-f7a87b16f00b_7分.jpg,20241202-0745-00bd-057e-07b365368833_c67ba5dc-bb5a-432b-878e-f7a87b16f00b_7分.jpg,replacement,cluster_5,2606,0.48574844002723694,True,keep,non_random_source=replacement,,
Batch01,20241204-0912-4931-cee0-757084929852,Batch01/20241204-0912-4931-cee0-757084929852/20241204-0912-4931-cee0-757084929852_0a734658-3ca0-4bb8-ba01-8a1e4c61c238_12分.jpg,20241204-0912-4931-cee0-757084929852_0a734658-3ca0-4bb8-ba01-8a1e4c61c238_12分.jpg,replacement,cluster_12,4553,0.6606770157814026,True,keep,non_random_source=replacement,,
Batch01,20241204-0912-4931-cee0-757084929852,Batch01/20241204-0912-4931-cee0-757084929852/20241204-0912-4931-cee0-757084929852_360291ff-8945-4d54-9e5d-38fc6a737612_11分.jpg,20241204-0912-4931-cee0-757084929852_360291ff-8945-4d54-9e5d-38fc6a737612_11分.jpg,hard,cluster_11,4191,0.6647294163703918,True,keep,non_random_source=hard,,
Batch01,20241204-0912-4931-cee0-757084929852,Batch01/20241204-0912-4931-cee0-757084929852/20241204-0912-4931-cee0-757084929852_4879d72b-937b-4fb3-b7b9-f753a30a5dbd_2分.jpg,20241204-0912-4931-cee0-757084929852_4879d72b-937b-4fb3-b7b9-f753a30a5dbd_2分.jpg,replacement,cluster_12,4553,0.5739185810089111,True,keep,non_random_source=replacement,,
Batch01,20241204-0912-4931-cee0-757084929852,Batch01/20241204-0912-4931-cee0-757084929852/20241204-0912-4931-cee0-757084929852_58737a6d-43f8-4b7c-ad01-1048ee41c4c4_10分.jpg,20241204-0912-4931-cee0-757084929852_58737a6d-43f8-4b7c-ad01-1048ee41c4c4_10分.jpg,replacement,cluster_11,4191,0.6556040048599243,True,keep,non_random_source=replacement,,
Batch01,20241204-0912-4931-cee0-757084929852,Batch01/20241204-0912-4931-cee0-757084929852/20241204-0912-4931-cee0-757084929852_67e45705-9490-47f6-b9b0-c563191b0d12_5分.jpg,20241204-0912-4931-cee0-757084929852_67e45705-9490-47f6-b9b0-c563191b0d12_5分.jpg,replacement,cluster_7,2261,0.3739055097103119,True,keep,non_random_source=replacement,,
Batch01,20241204-0912-4931-cee0-757084929852,Batch01/20241204-0912-4931-cee0-757084929852/20241204-0912-4931-cee0-757084929852_b7cc74ed-3984-4bbc-8a46-1dc951bf1be1_1分.jpg,20241204-0912-4931-cee0-757084929852_b7cc74ed-3984-4bbc-8a46-1dc951bf1be1_1分.jpg,diverse,cluster_9,3636,0.6869671940803528,True,keep,non_random_source=diverse,,
Batch01,20241204-0912-4931-cee0-757084929852,Batch01/20241204-0912-4931-cee0-757084929852/20241204-0912-4931-cee0-757084929852_e1f3ee0a-75d9-4002-a33f-b06c84e1b07d_15分.jpg,20241204-0912-4931-cee0-757084929852_e1f3ee0a-75d9-4002-a33f-b06c84e1b07d_15分.jpg,diverse,cluster_11,4191,0.6585058569908142,True,keep,non_random_source=diverse,,
Batch01,20241204-0912-4931-cee0-757084929852,Batch01/20241204-0912-4931-cee0-757084929852/20241204-0912-4931-cee0-757084929852_ebe4fdbc-b8fd-4051-80c2-7726a6c06474_15分.jpg,20241204-0912-4931-cee0-757084929852_ebe4fdbc-b8fd-4051-80c2-7726a6c06474_15分.jpg,hard,cluster_11,4191,0.6122725605964661,True,keep,non_random_source=hard,,
Batch01,20241208-0044-3879-15a0-b4e8e8859025,Batch01/20241208-0044-3879-15a0-b4e8e8859025/20241208-0044-3879-15a0-b4e8e8859025_54dbfe70-2cbc-449f-bf23-a473fea5f6d1_5分.jpg,20241208-0044-3879-15a0-b4e8e8859025_54dbfe70-2cbc-449f-bf23-a473fea5f6d1_5分.jpg,replacement,cluster_4,3444,0.6055957078933716,True,keep,non_random_source=replacement,,
Batch01,20241208-0044-3879-15a0-b4e8e8859025,Batch01/20241208-0044-3879-15a0-b4e8e8859025/20241208-0044-3879-15a0-b4e8e8859025_59b46904-42ef-4644-b439-1a1940a5b592_5分.jpg,20241208-0044-3879-15a0-b4e8e8859025_59b46904-42ef-4644-b439-1a1940a5b592_5分.jpg,replacement,cluster_10,2055,0.6791701316833496,True,keep,non_random_source=replacement,,
Batch01,20241208-0044-3879-15a0-b4e8e8859025,Batch01/20241208-0044-3879-15a0-b4e8e8859025/20241208-0044-3879-15a0-b4e8e8859025_73a4c682-fd55-4804-b53c-05f6be7bb491_13分.jpg,20241208-0044-3879-15a0-b4e8e8859025_73a4c682-fd55-4804-b53c-05f6be7bb491_13分.jpg,diverse,cluster_10,2055,0.7250153422355652,True,keep,non_random_source=diverse,,
Batch01,20241208-0044-3879-15a0-b4e8e8859025,Batch01/20241208-0044-3879-15a0-b4e8e8859025/20241208-0044-3879-15a0-b4e8e8859025_7cf7e935-8eef-436a-bf27-86700fb83b40_7分.jpg,20241208-0044-3879-15a0-b4e8e8859025_7cf7e935-8eef-436a-bf27-86700fb83b40_7分.jpg,hard,cluster_10,2055,0.7878236174583435,True,keep,non_random_source=hard,,
Batch01,20241208-0044-3879-15a0-b4e8e8859025,Batch01/20241208-0044-3879-15a0-b4e8e8859025/20241208-0044-3879-15a0-b4e8e8859025_7f412348-bce7-41ac-aa6e-d2344f224bce_7分.jpg,20241208-0044-3879-15a0-b4e8e8859025_7f412348-bce7-41ac-aa6e-d2344f224bce_7分.jpg,replacement,cluster_10,2055,0.6860623955726624,True,keep,non_random_source=replacement,,
Batch01,20241208-0044-3879-15a0-b4e8e8859025,Batch01/20241208-0044-3879-15a0-b4e8e8859025/20241208-0044-3879-15a0-b4e8e8859025_8e0674ca-b359-4bfd-a9b5-0bdbba8873ea_5分.jpg,20241208-0044-3879-15a0-b4e8e8859025_8e0674ca-b359-4bfd-a9b5-0bdbba8873ea_5分.jpg,diverse,cluster_4,3444,0.694637656211853,True,keep,non_random_source=diverse,,
Batch01,20241208-0044-3879-15a0-b4e8e8859025,Batch01/20241208-0044-3879-15a0-b4e8e8859025/20241208-0044-3879-15a0-b4e8e8859025_e4254750-849d-4c23-961a-478d495f4c7f_8分.jpg,20241208-0044-3879-15a0-b4e8e8859025_e4254750-849d-4c23-961a-478d495f4c7f_8分.jpg,hard,cluster_10,2055,0.8047477602958679,True,keep,non_random_source=hard,,
Batch01,20241208-0044-3879-15a0-b4e8e8859025,Batch01/20241208-0044-3879-15a0-b4e8e8859025/20241208-0044-3879-15a0-b4e8e8859025_f02a1e57-5262-45ce-9c43-4f2861d879a4_1分.jpg,20241208-0044-3879-15a0-b4e8e8859025_f02a1e57-5262-45ce-9c43-4f2861d879a4_1分.jpg,replacement,cluster_4,3444,0.6982749700546265,True,keep,non_random_source=replacement,,
Batch01,20241209-0017-251f-9c58-8b337a271745,Batch01/20241209-0017-251f-9c58-8b337a271745/20241209-0017-251f-9c58-8b337a271745_0524ca9d-742f-43f0-b79d-eb853e37e57c_9分.jpg,20241209-0017-251f-9c58-8b337a271745_0524ca9d-742f-43f0-b79d-eb853e37e57c_9分.jpg,hard,cluster_11,4191,0.43294697999954224,False,keep,non_random_source=hard,,
Batch01,20241209-0017-251f-9c58-8b337a271745,Batch01/20241209-0017-251f-9c58-8b337a271745/20241209-0017-251f-9c58-8b337a271745_059f1eb7-e6aa-476e-8a99-88a2ef0eeb09_3分.jpg,20241209-0017-251f-9c58-8b337a271745_059f1eb7-e6aa-476e-8a99-88a2ef0eeb09_3分.jpg,diverse,cluster_12,4553,0.5608811378479004,False,keep,non_random_source=diverse,,
Batch01,20241209-0017-251f-9c58-8b337a271745,Batch01/20241209-0017-251f-9c58-8b337a271745/20241209-0017-251f-9c58-8b337a271745_3c121e65-3cdf-4cd6-b7fe-5fdf80a5d82e_2分.jpg,20241209-0017-251f-9c58-8b337a271745_3c121e65-3cdf-4cd6-b7fe-5fdf80a5d82e_2分.jpg,diverse,cluster_9,3636,0.7740843296051025,False,keep,non_random_source=diverse,,
Batch01,20241209-0017-251f-9c58-8b337a271745,Batch01/20241209-0017-251f-9c58-8b337a271745/20241209-0017-251f-9c58-8b337a271745_632e8183-092c-4d69-aeb4-7bcfaf906639_9分.jpg,20241209-0017-251f-9c58-8b337a271745_632e8183-092c-4d69-aeb4-7bcfaf906639_9分.jpg,hard,cluster_12,4553,0.614766001701355,False,keep,non_random_source=hard,,
Batch01,20241210-0232-092d-dd83-4f7631328560,Batch01/20241210-0232-092d-dd83-4f7631328560/20241210-0232-092d-dd83-4f7631328560_06a181c7-5b0e-4539-afe2-47e2ca82fcb1_4分.jpg,20241210-0232-092d-dd83-4f7631328560_06a181c7-5b0e-4539-afe2-47e2ca82fcb1_4分.jpg,diverse,cluster_4,3444,0.5698170065879822,False,keep,non_random_source=diverse,,
Batch01,20241210-0232-092d-dd83-4f7631328560,Batch01/20241210-0232-092d-dd83-4f7631328560/20241210-0232-092d-dd83-4f7631328560_6e98afe2-9912-4fed-b456-ddc406de28d3_8分.jpg,20241210-0232-092d-dd83-4f7631328560_6e98afe2-9912-4fed-b456-ddc406de28d3_8分.jpg,hard,cluster_10,2055,0.7922030091285706,False,keep,non_random_source=hard,,
Batch01,20241210-0232-092d-dd83-4f7631328560,Batch01/20241210-0232-092d-dd83-4f7631328560/20241210-0232-092d-dd83-4f7631328560_7fdc72eb-cf7b-44ce-a3b1-c663e3bd0d6a_17分.jpg,20241210-0232-092d-dd83-4f7631328560_7fdc72eb-cf7b-44ce-a3b1-c663e3bd0d6a_17分.jpg,hard,cluster_10,2055,0.8349139094352722,False,keep,non_random_source=hard,,
Batch01,20241210-0232-092d-dd83-4f7631328560,Batch01/20241210-0232-092d-dd83-4f7631328560/20241210-0232-092d-dd83-4f7631328560_a8b801c9-716b-4a81-b633-88dad5ca66c1_17分.jpg,20241210-0232-092d-dd83-4f7631328560_a8b801c9-716b-4a81-b633-88dad5ca66c1_17分.jpg,diverse,cluster_10,2055,0.8355467915534973,False,keep,non_random_source=diverse,,
Batch01,20241210-0244-030b-a440-408aa1706839,Batch01/20241210-0244-030b-a440-408aa1706839/20241210-0244-030b-a440-408aa1706839_1b18fcd7-570a-42e7-9361-6e13a59f2f77_1分.jpg,20241210-0244-030b-a440-408aa1706839_1b18fcd7-570a-42e7-9361-6e13a59f2f77_1分.jpg,replacement,cluster_12,4553,0.5717576742172241,True,keep,non_random_source=replacement,,
Batch01,20241210-0244-030b-a440-408aa1706839,Batch01/20241210-0244-030b-a440-408aa1706839/20241210-0244-030b-a440-408aa1706839_3c4f0dad-bc02-4125-88e8-0d5d9ecab558_4分.jpg,20241210-0244-030b-a440-408aa1706839_3c4f0dad-bc02-4125-88e8-0d5d9ecab558_4分.jpg,replacement,cluster_7,2261,0.5774295926094055,True,keep,non_random_source=replacement,,
Batch01,20241210-0244-030b-a440-408aa1706839,Batch01/20241210-0244-030b-a440-408aa1706839/20241210-0244-030b-a440-408aa1706839_401e7bd2-4a8e-40c5-927b-23a39c3adb18_8分.jpg,20241210-0244-030b-a440-408aa1706839_401e7bd2-4a8e-40c5-927b-23a39c3adb18_8分.jpg,hard,cluster_11,4191,0.5745882391929626,True,keep,non_random_source=hard,,
Batch01,20241210-0244-030b-a440-408aa1706839,Batch01/20241210-0244-030b-a440-408aa1706839/20241210-0244-030b-a440-408aa1706839_6d0c06ce-8f91-4afb-a39c-6dc6a193a3e8_4分.jpg,20241210-0244-030b-a440-408aa1706839_6d0c06ce-8f91-4afb-a39c-6dc6a193a3e8_4分.jpg,diverse,cluster_9,3636,0.718853771686554,True,keep,non_random_source=diverse,,
Batch01,20241210-0244-030b-a440-408aa1706839,Batch01/20241210-0244-030b-a440-408aa1706839/20241210-0244-030b-a440-408aa1706839_7e8fa60b-40c1-4aed-a2d7-cbbbea9a6ef6_8分.jpg,20241210-0244-030b-a440-408aa1706839_7e8fa60b-40c1-4aed-a2d7-cbbbea9a6ef6_8分.jpg,replacement,cluster_7,2261,0.5700367093086243,True,keep,non_random_source=replacement,,
Batch01,20241210-0244-030b-a440-408aa1706839,Batch01/20241210-0244-030b-a440-408aa1706839/20241210-0244-030b-a440-408aa1706839_8131aff3-d99a-4dd3-9832-19954407ea60_17分.jpg,20241210-0244-030b-a440-408aa1706839_8131aff3-d99a-4dd3-9832-19954407ea60_17分.jpg,hard,cluster_12,4553,0.5704825520515442,True,keep,non_random_source=hard,,
Batch01,20241210-0244-030b-a440-408aa1706839,Batch01/20241210-0244-030b-a440-408aa1706839/20241210-0244-030b-a440-408aa1706839_d08dace4-955b-40dc-a248-79cb72ccfaa8_14分.jpg,20241210-0244-030b-a440-408aa1706839_d08dace4-955b-40dc-a248-79cb72ccfaa8_14分.jpg,diverse,cluster_12,4553,0.6049997210502625,True,keep,non_random_source=diverse,,
Batch01,20241210-0244-030b-a440-408aa1706839,Batch01/20241210-0244-030b-a440-408aa1706839/20241210-0244-030b-a440-408aa1706839_d32cb343-324a-4aa1-91d5-dad40e8cf50a_14分.jpg,20241210-0244-030b-a440-408aa1706839_d32cb343-324a-4aa1-91d5-dad40e8cf50a_14分.jpg,replacement,cluster_12,4553,0.6347615718841553,True,keep,non_random_source=replacement,,
Batch01,20241210-0319-3742-f4bb-44624e894002,Batch01/20241210-0319-3742-f4bb-44624e894002/20241210-0319-3742-f4bb-44624e894002_97fb4e2e-37d2-424c-87c8-c73c5c165236_3分.jpg,20241210-0319-3742-f4bb-44624e894002_97fb4e2e-37d2-424c-87c8-c73c5c165236_3分.jpg,diverse,cluster_0,2169,0.8199436068534851,False,keep,non_random_source=diverse,,
Batch01,20241210-0319-3742-f4bb-44624e894002,Batch01/20241210-0319-3742-f4bb-44624e894002/20241210-0319-3742-f4bb-44624e894002_a49b9e97-8a1e-4cd3-8c2a-89132b087c1f_12分.jpg,20241210-0319-3742-f4bb-44624e894002_a49b9e97-8a1e-4cd3-8c2a-89132b087c1f_12分.jpg,hard,cluster_0,2169,0.7752729058265686,False,keep,non_random_source=hard,,
Batch01,20241210-0319-3742-f4bb-44624e894002,Batch01/20241210-0319-3742-f4bb-44624e894002/20241210-0319-3742-f4bb-44624e894002_c2155762-1a8d-44f7-915d-5632ec28292e_13分.jpg,20241210-0319-3742-f4bb-44624e894002_c2155762-1a8d-44f7-915d-5632ec28292e_13分.jpg,hard,cluster_0,2169,0.8265010714530945,False,keep,non_random_source=hard,,
Batch01,20241210-0319-3742-f4bb-44624e894002,Batch01/20241210-0319-3742-f4bb-44624e894002/20241210-0319-3742-f4bb-44624e894002_cd4769fa-c030-4755-a17a-97c31c928e04_4分.jpg,20241210-0319-3742-f4bb-44624e894002_cd4769fa-c030-4755-a17a-97c31c928e04_4分.jpg,diverse,cluster_3,2444,0.810438871383667,False,keep,non_random_source=diverse,,
Batch01,20241211-2345-5128-f205-6590f3689273,Batch01/20241211-2345-5128-f205-6590f3689273/20241211-2345-5128-f205-6590f3689273_86e44a09-d14a-4db1-bdff-45f7c16fcd05_7分.jpg,20241211-2345-5128-f205-6590f3689273_86e44a09-d14a-4db1-bdff-45f7c16fcd05_7分.jpg,hard,cluster_0,2169,0.7249718308448792,False,keep,non_random_source=hard,,
Batch01,20241211-2345-5128-f205-6590f3689273,Batch01/20241211-2345-5128-f205-6590f3689273/20241211-2345-5128-f205-6590f3689273_9313fee8-a8bc-4958-86e2-8fd0213fc8a7_12分.jpg,20241211-2345-5128-f205-6590f3689273_9313fee8-a8bc-4958-86e2-8fd0213fc8a7_12分.jpg,diverse,cluster_0,2169,0.8260046243667603,False,keep,non_random_source=diverse,,
Batch01,20241211-2345-5128-f205-6590f3689273,Batch01/20241211-2345-5128-f205-6590f3689273/20241211-2345-5128-f205-6590f3689273_d850b0db-76f3-4f07-a4ad-917f66606329_17分.jpg,20241211-2345-5128-f205-6590f3689273_d850b0db-76f3-4f07-a4ad-917f66606329_17分.jpg,hard,cluster_0,2169,0.8084381222724915,False,keep,non_random_source=hard,,
Batch01,20241211-2345-5128-f205-6590f3689273,Batch01/20241211-2345-5128-f205-6590f3689273/20241211-2345-5128-f205-6590f3689273_da5f7a51-8ed8-4f48-b87a-2061b98eb215_1分.jpg,20241211-2345-5128-f205-6590f3689273_da5f7a51-8ed8-4f48-b87a-2061b98eb215_1分.jpg,diverse,cluster_3,2444,0.8328638672828674,False,keep,non_random_source=diverse,,
Batch01,20241214-0055-5965-cac6-3dd47f449294,Batch01/20241214-0055-5965-cac6-3dd47f449294/20241214-0055-5965-cac6-3dd47f449294_220cbc36-ed1c-49fe-9d26-c9275c5ec195_9分.jpg,20241214-0055-5965-cac6-3dd47f449294_220cbc36-ed1c-49fe-9d26-c9275c5ec195_9分.jpg,hard,cluster_1,1389,0.3631162643432617,False,keep,non_random_source=hard,,
Batch01,20241214-0055-5965-cac6-3dd47f449294,Batch01/20241214-0055-5965-cac6-3dd47f449294/20241214-0055-5965-cac6-3dd47f449294_2de0e8ff-aa69-45af-bbb8-f7937ed69cd7_15分.jpg,20241214-0055-5965-cac6-3dd47f449294_2de0e8ff-aa69-45af-bbb8-f7937ed69cd7_15分.jpg,hard,cluster_1,1389,0.3718007802963257,False,keep,non_random_source=hard,,
Batch01,20241214-0055-5965-cac6-3dd47f449294,Batch01/20241214-0055-5965-cac6-3dd47f449294/20241214-0055-5965-cac6-3dd47f449294_7bc978fd-1331-4c76-a77c-fa0052fa462b_9分.jpg,20241214-0055-5965-cac6-3dd47f449294_7bc978fd-1331-4c76-a77c-fa0052fa462b_9分.jpg,diverse,cluster_1,1389,0.3525294363498688,False,keep,non_random_source=diverse,,
Batch01,20241214-0055-5965-cac6-3dd47f449294,Batch01/20241214-0055-5965-cac6-3dd47f449294/20241214-0055-5965-cac6-3dd47f449294_7d8bb926-9665-441c-9db0-eac1e2b05712_3分.jpg,20241214-0055-5965-cac6-3dd47f449294_7d8bb926-9665-441c-9db0-eac1e2b05712_3分.jpg,diverse,cluster_4,3444,0.6701450943946838,False,keep,non_random_source=diverse,,
Batch01,20241220-1341-16dd-2f35-1d8bc1052208,Batch01/20241220-1341-16dd-2f35-1d8bc1052208/20241220-1341-16dd-2f35-1d8bc1052208_2b1121bf-c061-4b32-be6e-f5856288c0e9_3分.jpg,20241220-1341-16dd-2f35-1d8bc1052208_2b1121bf-c061-4b32-be6e-f5856288c0e9_3分.jpg,hard,cluster_12,4553,0.5399792790412903,False,keep,non_random_source=hard,,
Batch01,20241220-1341-16dd-2f35-1d8bc1052208,Batch01/20241220-1341-16dd-2f35-1d8bc1052208/20241220-1341-16dd-2f35-1d8bc1052208_44ce5b07-f571-46f2-b831-d67846155095_10分.jpg,20241220-1341-16dd-2f35-1d8bc1052208_44ce5b07-f571-46f2-b831-d67846155095_10分.jpg,diverse,cluster_12,4553,0.5875363349914551,False,keep,non_random_source=diverse,,
Batch01,20241220-1341-16dd-2f35-1d8bc1052208,Batch01/20241220-1341-16dd-2f35-1d8bc1052208/20241220-1341-16dd-2f35-1d8bc1052208_bb9de268-c02a-47f0-90e3-6767758be0e0_4分.jpg,20241220-1341-16dd-2f35-1d8bc1052208_bb9de268-c02a-47f0-90e3-6767758be0e0_4分.jpg,diverse,cluster_7,2261,0.4016685485839844,False,keep,non_random_source=diverse,,
Batch01,20241220-1341-16dd-2f35-1d8bc1052208,Batch01/20241220-1341-16dd-2f35-1d8bc1052208/20241220-1341-16dd-2f35-1d8bc1052208_f9f2e652-849f-4073-ac8c-27720e56ab3c_13分.jpg,20241220-1341-16dd-2f35-1d8bc1052208_f9f2e652-849f-4073-ac8c-27720e56ab3c_13分.jpg,hard,cluster_5,2606,0.4012712240219116,False,keep,non_random_source=hard,,
Batch01,20241221-0109-2916-880e-88f442319771,Batch01/20241221-0109-2916-880e-88f442319771/20241221-0109-2916-880e-88f442319771_1ececd67-6301-4ddc-9d63-c9bf01be5e3d_3分.jpg,20241221-0109-2916-880e-88f442319771_1ececd67-6301-4ddc-9d63-c9bf01be5e3d_3分.jpg,diverse,cluster_3,2444,0.7665692567825317,False,keep,non_random_source=diverse,,
Batch01,20241221-0109-2916-880e-88f442319771,Batch01/20241221-0109-2916-880e-88f442319771/20241221-0109-2916-880e-88f442319771_513d1c2b-e528-49c2-83ec-5e1a7bf429d1_9分.jpg,20241221-0109-2916-880e-88f442319771_513d1c2b-e528-49c2-83ec-5e1a7bf429d1_9分.jpg,hard,cluster_0,2169,0.7433480024337769,False,keep,non_random_source=hard,,
Batch01,20241221-0109-2916-880e-88f442319771,Batch01/20241221-0109-2916-880e-88f442319771/20241221-0109-2916-880e-88f442319771_a38e08b0-af57-4fd3-bf04-201ef62815fc_13分.jpg,20241221-0109-2916-880e-88f442319771_a38e08b0-af57-4fd3-bf04-201ef62815fc_13分.jpg,diverse,cluster_0,2169,0.7249109745025635,False,keep,non_random_source=diverse,,
Batch01,20241221-0109-2916-880e-88f442319771,Batch01/20241221-0109-2916-880e-88f442319771/20241221-0109-2916-880e-88f442319771_a4016e33-8412-482b-be9d-283db2d39379_13分.jpg,20241221-0109-2916-880e-88f442319771_a4016e33-8412-482b-be9d-283db2d39379_13分.jpg,hard,cluster_0,2169,0.7339016795158386,False,keep,non_random_source=hard,,
Batch01,20241221-0142-492a-638f-838180241144,Batch01/20241221-0142-492a-638f-838180241144/20241221-0142-492a-638f-838180241144_005c9c1a-fcc9-47a3-b550-ca901bda1eda_17分.jpg,20241221-0142-492a-638f-838180241144_005c9c1a-fcc9-47a3-b550-ca901bda1eda_17分.jpg,hard,cluster_5,2606,0.5126582980155945,False,keep,non_random_source=hard,,
Batch01,20241221-0142-492a-638f-838180241144,Batch01/20241221-0142-492a-638f-838180241144/20241221-0142-492a-638f-838180241144_ba6d480c-a075-4256-a32a-3e0d6a83427a_9分.jpg,20241221-0142-492a-638f-838180241144_ba6d480c-a075-4256-a32a-3e0d6a83427a_9分.jpg,hard,cluster_5,2606,0.4887426197528839,False,keep,non_random_source=hard,,
Batch01,20241221-0142-492a-638f-838180241144,Batch01/20241221-0142-492a-638f-838180241144/20241221-0142-492a-638f-838180241144_be59eecc-cb53-4524-95ae-42967a2c1323_17分.jpg,20241221-0142-492a-638f-838180241144_be59eecc-cb53-4524-95ae-42967a2c1323_17分.jpg,diverse,cluster_5,2606,0.5671537518501282,False,keep,non_random_source=diverse,,
Batch01,20241221-0142-492a-638f-838180241144,Batch01/20241221-0142-492a-638f-838180241144/20241221-0142-492a-638f-838180241144_f2ec0999-f451-438f-a208-2a06f442be8e_4分.jpg,20241221-0142-492a-638f-838180241144_f2ec0999-f451-438f-a208-2a06f442be8e_4分.jpg,diverse,cluster_4,3444,0.6465099453926086,False,keep,non_random_source=diverse,,
Batch01,20250101-1234-41fb-4dbe-2aa6af055018,Batch01/20250101-1234-41fb-4dbe-2aa6af055018/20250101-1234-41fb-4dbe-2aa6af055018_08bc530b-e821-48d6-bb87-6a80c4b31469_7分.jpg,20250101-1234-41fb-4dbe-2aa6af055018_08bc530b-e821-48d6-bb87-6a80c4b31469_7分.jpg,diverse,cluster_8,2333,0.5753011107444763,True,keep,non_random_source=diverse,,
Batch01,20250101-1234-41fb-4dbe-2aa6af055018,Batch01/20250101-1234-41fb-4dbe-2aa6af055018/20250101-1234-41fb-4dbe-2aa6af055018_35d20485-adb2-4f8d-8490-241a208af274_13分.jpg,20250101-1234-41fb-4dbe-2aa6af055018_35d20485-adb2-4f8d-8490-241a208af274_13分.jpg,replacement,cluster_8,2333,0.5167984366416931,True,keep,non_random_source=replacement,,
Batch01,20250101-1234-41fb-4dbe-2aa6af055018,Batch01/20250101-1234-41fb-4dbe-2aa6af055018/20250101-1234-41fb-4dbe-2aa6af055018_49d2d57e-5d12-4191-bc3a-f7459e518c57_14分.jpg,20250101-1234-41fb-4dbe-2aa6af055018_49d2d57e-5d12-4191-bc3a-f7459e518c57_14分.jpg,replacement,cluster_8,2333,0.6151681542396545,True,keep,non_random_source=replacement,,
Batch01,20250101-1234-41fb-4dbe-2aa6af055018,Batch01/20250101-1234-41fb-4dbe-2aa6af055018/20250101-1234-41fb-4dbe-2aa6af055018_9ce64736-c0c9-4d2a-9d93-fa667a88b7fe_10分.jpg,20250101-1234-41fb-4dbe-2aa6af055018_9ce64736-c0c9-4d2a-9d93-fa667a88b7fe_10分.jpg,replacement,cluster_4,3444,0.811630129814148,True,keep,non_random_source=replacement,,
Batch01,20250101-1234-41fb-4dbe-2aa6af055018,Batch01/20250101-1234-41fb-4dbe-2aa6af055018/20250101-1234-41fb-4dbe-2aa6af055018_a98bd81b-4958-4108-9149-ddb30bb591fa_7分.jpg,20250101-1234-41fb-4dbe-2aa6af055018_a98bd81b-4958-4108-9149-ddb30bb591fa_7分.jpg,diverse,cluster_4,3444,0.802618145942688,True,keep,non_random_source=diverse,,
Batch01,20250101-1234-41fb-4dbe-2aa6af055018,Batch01/20250101-1234-41fb-4dbe-2aa6af055018/20250101-1234-41fb-4dbe-2aa6af055018_c694dcf1-46c2-4447-8d24-187216faa349_15分.jpg,20250101-1234-41fb-4dbe-2aa6af055018_c694dcf1-46c2-4447-8d24-187216faa349_15分.jpg,hard,cluster_8,2333,0.5654049515724182,True,keep,non_random_source=hard,,
Batch01,20250101-1234-41fb-4dbe-2aa6af055018,Batch01/20250101-1234-41fb-4dbe-2aa6af055018/20250101-1234-41fb-4dbe-2aa6af055018_de0c9d5d-79e8-4f14-955f-b9f5b0b99602_15分.jpg,20250101-1234-41fb-4dbe-2aa6af055018_de0c9d5d-79e8-4f14-955f-b9f5b0b99602_15分.jpg,hard,cluster_8,2333,0.568898618221283,True,keep,non_random_source=hard,,
Batch01,20250101-1234-41fb-4dbe-2aa6af055018,Batch01/20250101-1234-41fb-4dbe-2aa6af055018/20250101-1234-41fb-4dbe-2aa6af055018_df8455bc-7da2-47d5-a9e7-df0c1a4ee4a6_7分.jpg,20250101-1234-41fb-4dbe-2aa6af055018_df8455bc-7da2-47d5-a9e7-df0c1a4ee4a6_7分.jpg,replacement,cluster_4,3444,0.7678690552711487,True,keep,non_random_source=replacement,,
Batch01,20250116-1027-1447-a24b-ff520d057443,Batch01/20250116-1027-1447-a24b-ff520d057443/20250116-1027-1447-a24b-ff520d057443_0e35b5c2-9118-4543-aef3-bde3a290d273_11分.jpg,20250116-1027-1447-a24b-ff520d057443_0e35b5c2-9118-4543-aef3-bde3a290d273_11分.jpg,replacement,cluster_10,2055,0.5971234440803528,True,keep,non_random_source=replacement,,
Batch01,20250116-1027-1447-a24b-ff520d057443,Batch01/20250116-1027-1447-a24b-ff520d057443/20250116-1027-1447-a24b-ff520d057443_1174e51a-ffd5-4f40-8398-948300f41b88_14分.jpg,20250116-1027-1447-a24b-ff520d057443_1174e51a-ffd5-4f40-8398-948300f41b88_14分.jpg,diverse,cluster_10,2055,0.7354137897491455,True,keep,non_random_source=diverse,,
Batch01,20250116-1027-1447-a24b-ff520d057443,Batch01/20250116-1027-1447-a24b-ff520d057443/20250116-1027-1447-a24b-ff520d057443_1648c59c-360e-4b15-b944-9551865db250_11分.jpg,20250116-1027-1447-a24b-ff520d057443_1648c59c-360e-4b15-b944-9551865db250_11分.jpg,hard,cluster_10,2055,0.7072509527206421,True,keep,non_random_source=hard,,
Batch01,20250116-1027-1447-a24b-ff520d057443,Batch01/20250116-1027-1447-a24b-ff520d057443/20250116-1027-1447-a24b-ff520d057443_18d0a9eb-1ed3-4d5c-8834-3e1feb5a8632_6分.jpg,20250116-1027-1447-a24b-ff520d057443_18d0a9eb-1ed3-4d5c-8834-3e1feb5a8632_6分.jpg,replacement,cluster_10,2055,0.5472094416618347,True,keep,non_random_source=replacement,,
Batch01,20250116-1027-1447-a24b-ff520d057443,Batch01/20250116-1027-1447-a24b-ff520d057443/20250116-1027-1447-a24b-ff520d057443_550c38b4-1744-4eb7-9e17-f3889ea3e128_5分.jpg,20250116-1027-1447-a24b-ff520d057443_550c38b4-1744-4eb7-9e17-f3889ea3e128_5分.jpg,diverse,cluster_4,3444,0.6284435987472534,True,keep,non_random_source=diverse,,
Batch01,20250116-1027-1447-a24b-ff520d057443,Batch01/20250116-1027-1447-a24b-ff520d057443/20250116-1027-1447-a24b-ff520d057443_5818872d-a69c-4a7f-9404-2d1937873a8a_8分.jpg,20250116-1027-1447-a24b-ff520d057443_5818872d-a69c-4a7f-9404-2d1937873a8a_8分.jpg,replacement,cluster_10,2055,0.7613958120346069,True,keep,non_random_source=replacement,,
Batch01,20250116-1027-1447-a24b-ff520d057443,Batch01/20250116-1027-1447-a24b-ff520d057443/20250116-1027-1447-a24b-ff520d057443_5f4f6eeb-b433-4b2c-b1b9-7cc04f6a16fd_11分.jpg,20250116-1027-1447-a24b-ff520d057443_5f4f6eeb-b433-4b2c-b1b9-7cc04f6a16fd_11分.jpg,replacement,cluster_10,2055,0.6014258861541748,True,keep,non_random_source=replacement,,
Batch01,20250116-1027-1447-a24b-ff520d057443,Batch01/20250116-1027-1447-a24b-ff520d057443/20250116-1027-1447-a24b-ff520d057443_b0fba7a5-18e3-48db-8621-82ea67b9d3aa_16分.jpg,20250116-1027-1447-a24b-ff520d057443_b0fba7a5-18e3-48db-8621-82ea67b9d3aa_16分.jpg,hard,cluster_10,2055,0.6733785271644592,True,keep,non_random_source=hard,,
Batch01,20250117-0541-386c-dc45-0db105390174,Batch01/20250117-0541-386c-dc45-0db105390174/20250117-0541-386c-dc45-0db105390174_a94b6925-a491-423f-8b80-ad1e7c66ae15_8分.jpg,20250117-0541-386c-dc45-0db105390174_a94b6925-a491-423f-8b80-ad1e7c66ae15_8分.jpg,hard,cluster_6,3834,0.7988453507423401,False,keep,non_random_source=hard,,
Batch01,20250117-0541-386c-dc45-0db105390174,Batch01/20250117-0541-386c-dc45-0db105390174/20250117-0541-386c-dc45-0db105390174_b2ab6df6-0813-439b-869e-4984628d1fb9_2分.jpg,20250117-0541-386c-dc45-0db105390174_b2ab6df6-0813-439b-869e-4984628d1fb9_2分.jpg,diverse,cluster_2,2092,0.6507151126861572,False,keep,non_random_source=diverse,,
Batch01,20250117-0541-386c-dc45-0db105390174,Batch01/20250117-0541-386c-dc45-0db105390174/20250117-0541-386c-dc45-0db105390174_b3e03cb9-bea3-43bd-aeba-1e9eaac794e3_1分.jpg,20250117-0541-386c-dc45-0db105390174_b3e03cb9-bea3-43bd-aeba-1e9eaac794e3_1分.jpg,diverse,cluster_6,3834,0.8071352243423462,False,keep,non_random_source=diverse,,
Batch01,20250117-0541-386c-dc45-0db105390174,Batch01/20250117-0541-386c-dc45-0db105390174/20250117-0541-386c-dc45-0db105390174_dade6cd0-f4e9-48d0-b0d1-7e0261cdcd5a_13分.jpg,20250117-0541-386c-dc45-0db105390174_dade6cd0-f4e9-48d0-b0d1-7e0261cdcd5a_13分.jpg,hard,cluster_6,3834,0.7464491128921509,False,keep,non_random_source=hard,,
Batch01,20250119-1223-0088-cad5-6b2d87045944,Batch01/20250119-1223-0088-cad5-6b2d87045944/20250119-1223-0088-cad5-6b2d87045944_2a414518-2ae9-4024-bc3c-d93a04e44772_10分.jpg,20250119-1223-0088-cad5-6b2d87045944_2a414518-2ae9-4024-bc3c-d93a04e44772_10分.jpg,replacement,cluster_6,3834,0.8870705366134644,True,keep,non_random_source=replacement,,
Batch01,20250119-1223-0088-cad5-6b2d87045944,Batch01/20250119-1223-0088-cad5-6b2d87045944/20250119-1223-0088-cad5-6b2d87045944_486fed60-6aa3-4bf8-a533-07d6d6a97a04_15分.jpg,20250119-1223-0088-cad5-6b2d87045944_486fed60-6aa3-4bf8-a533-07d6d6a97a04_15分.jpg,replacement,cluster_6,3834,0.8515211939811707,True,keep,non_random_source=replacement,,
Batch01,20250119-1223-0088-cad5-6b2d87045944,Batch01/20250119-1223-0088-cad5-6b2d87045944/20250119-1223-0088-cad5-6b2d87045944_7765656d-68a2-4728-896e-d4b9aabb95ec_15分.jpg,20250119-1223-0088-cad5-6b2d87045944_7765656d-68a2-4728-896e-d4b9aabb95ec_15分.jpg,hard,cluster_6,3834,0.8509858250617981,True,keep,non_random_source=hard,,
Batch01,20250119-1223-0088-cad5-6b2d87045944,Batch01/20250119-1223-0088-cad5-6b2d87045944/20250119-1223-0088-cad5-6b2d87045944_8f25fa96-d801-417e-8480-d5fbddb7cf55_10分.jpg,20250119-1223-0088-cad5-6b2d87045944_8f25fa96-d801-417e-8480-d5fbddb7cf55_10分.jpg,diverse,cluster_6,3834,0.8382821083068848,True,keep,non_random_source=diverse,,
Batch01,20250119-1223-0088-cad5-6b2d87045944,Batch01/20250119-1223-0088-cad5-6b2d87045944/20250119-1223-0088-cad5-6b2d87045944_96fd64e4-4eeb-4592-9234-d762baccefba_10分.jpg,20250119-1223-0088-cad5-6b2d87045944_96fd64e4-4eeb-4592-9234-d762baccefba_10分.jpg,hard,cluster_6,3834,0.809779703617096,True,keep,non_random_source=hard,,
Batch01,20250119-1223-0088-cad5-6b2d87045944,Batch01/20250119-1223-0088-cad5-6b2d87045944/20250119-1223-0088-cad5-6b2d87045944_bdbcfcc4-f469-4841-ad4e-5fcf4812a89d_7分.jpg,20250119-1223-0088-cad5-6b2d87045944_bdbcfcc4-f469-4841-ad4e-5fcf4812a89d_7分.jpg,replacement,cluster_6,3834,0.8708591461181641,True,keep,non_random_source=replacement,,
Batch01,20250119-1223-0088-cad5-6b2d87045944,Batch01/20250119-1223-0088-cad5-6b2d87045944/20250119-1223-0088-cad5-6b2d87045944_d95b969b-9bfa-4149-ba0d-8609ef148209_15分.jpg,20250119-1223-0088-cad5-6b2d87045944_d95b969b-9bfa-4149-ba0d-8609ef148209_15分.jpg,replacement,cluster_6,3834,0.857538640499115,True,keep,non_random_source=replacement,,
Batch01,20250119-1223-0088-cad5-6b2d87045944,Batch01/20250119-1223-0088-cad5-6b2d87045944/20250119-1223-0088-cad5-6b2d87045944_ee3ea3f3-1a28-490b-a94a-fc7753f0f527_6分.jpg,20250119-1223-0088-cad5-6b2d87045944_ee3ea3f3-1a28-490b-a94a-fc7753f0f527_6分.jpg,diverse,cluster_6,3834,0.5578351020812988,True,keep,non_random_source=diverse,,
Batch01,20250121-0245-46d8-f17c-d5cc04862354,Batch01/20250121-0245-46d8-f17c-d5cc04862354/20250121-0245-46d8-f17c-d5cc04862354_29566a27-a71b-4491-9aa8-ba5876aba27d_13分.jpg,20250121-0245-46d8-f17c-d5cc04862354_29566a27-a71b-4491-9aa8-ba5876aba27d_13分.jpg,hard,cluster_5,2606,0.6163795590400696,False,keep,non_random_source=hard,,
Batch01,20250121-0245-46d8-f17c-d5cc04862354,Batch01/20250121-0245-46d8-f17c-d5cc04862354/20250121-0245-46d8-f17c-d5cc04862354_667a4003-ce34-4d98-8d64-62a9085d3d90_9分.jpg,20250121-0245-46d8-f17c-d5cc04862354_667a4003-ce34-4d98-8d64-62a9085d3d90_9分.jpg,hard,cluster_5,2606,0.6214087605476379,False,keep,non_random_source=hard,,
Batch01,20250121-0245-46d8-f17c-d5cc04862354,Batch01/20250121-0245-46d8-f17c-d5cc04862354/20250121-0245-46d8-f17c-d5cc04862354_a0e07251-6531-4901-b59f-1a08f92b7831_7分.jpg,20250121-0245-46d8-f17c-d5cc04862354_a0e07251-6531-4901-b59f-1a08f92b7831_7分.jpg,diverse,cluster_2,2092,0.35390907526016235,False,keep,non_random_source=diverse,,
Batch01,20250121-0245-46d8-f17c-d5cc04862354,Batch01/20250121-0245-46d8-f17c-d5cc04862354/20250121-0245-46d8-f17c-d5cc04862354_c6b1670f-bcbe-475a-ab29-f04df014844b_5分.jpg,20250121-0245-46d8-f17c-d5cc04862354_c6b1670f-bcbe-475a-ab29-f04df014844b_5分.jpg,diverse,cluster_5,2606,0.6729656457901001,False,keep,non_random_source=diverse,,
Batch01,20250217-1101-1539-c3d8-2b27a5505899,Batch01/20250217-1101-1539-c3d8-2b27a5505899/20250217-1101-1539-c3d8-2b27a5505899_17bb92d9-f9e2-409a-bd5d-1de9393655ff_17分.jpg,20250217-1101-1539-c3d8-2b27a5505899_17bb92d9-f9e2-409a-bd5d-1de9393655ff_17分.jpg,hard,cluster_0,2169,0.749737560749054,False,keep,non_random_source=hard,,
Batch01,20250217-1101-1539-c3d8-2b27a5505899,Batch01/20250217-1101-1539-c3d8-2b27a5505899/20250217-1101-1539-c3d8-2b27a5505899_24d091b9-7b43-4fbf-9829-ddb24cc77e81_3分.jpg,20250217-1101-1539-c3d8-2b27a5505899_24d091b9-7b43-4fbf-9829-ddb24cc77e81_3分.jpg,diverse,cluster_3,2444,0.6896159648895264,False,keep,non_random_source=diverse,,
Batch01,20250217-1101-1539-c3d8-2b27a5505899,Batch01/20250217-1101-1539-c3d8-2b27a5505899/20250217-1101-1539-c3d8-2b27a5505899_2f2239ea-3f2b-4497-b1b0-8376f0e008f8_17分.jpg,20250217-1101-1539-c3d8-2b27a5505899_2f2239ea-3f2b-4497-b1b0-8376f0e008f8_17分.jpg,hard,cluster_0,2169,0.7978588342666626,False,keep,non_random_source=hard,,
Batch01,20250217-1101-1539-c3d8-2b27a5505899,Batch01/20250217-1101-1539-c3d8-2b27a5505899/20250217-1101-1539-c3d8-2b27a5505899_a0295265-4c4c-4fa3-a68d-a16971a3e83b_7分.jpg,20250217-1101-1539-c3d8-2b27a5505899_a0295265-4c4c-4fa3-a68d-a16971a3e83b_7分.jpg,diverse,cluster_0,2169,0.8031823635101318,False,keep,non_random_source=diverse,,
Batch01,20250218-0056-53cb-2fbb-2807f3072164,Batch01/20250218-0056-53cb-2fbb-2807f3072164/20250218-0056-53cb-2fbb-2807f3072164_14df3011-4cb3-4eb7-aff5-f1635510d6eb_11分.jpg,20250218-0056-53cb-2fbb-2807f3072164_14df3011-4cb3-4eb7-aff5-f1635510d6eb_11分.jpg,hard,cluster_10,2055,0.5376479625701904,False,keep,non_random_source=hard,,
Batch01,20250218-0056-53cb-2fbb-2807f3072164,Batch01/20250218-0056-53cb-2fbb-2807f3072164/20250218-0056-53cb-2fbb-2807f3072164_1d70d392-288a-476b-b631-bd9625db8864_2分.jpg,20250218-0056-53cb-2fbb-2807f3072164_1d70d392-288a-476b-b631-bd9625db8864_2分.jpg,diverse,cluster_10,2055,0.6534706354141235,False,keep,non_random_source=diverse,,
Batch01,20250218-0056-53cb-2fbb-2807f3072164,Batch01/20250218-0056-53cb-2fbb-2807f3072164/20250218-0056-53cb-2fbb-2807f3072164_24478eb9-fd0c-4bbf-8a9b-9a149c773a30_1分.jpg,20250218-0056-53cb-2fbb-2807f3072164_24478eb9-fd0c-4bbf-8a9b-9a149c773a30_1分.jpg,diverse,cluster_4,3444,0.745328962802887,False,keep,non_random_source=diverse,,
Batch01,20250218-0056-53cb-2fbb-2807f3072164,Batch01/20250218-0056-53cb-2fbb-2807f3072164/20250218-0056-53cb-2fbb-2807f3072164_b15952d7-ee36-4bee-8b9d-eceef5fd2b41_8分.jpg,20250218-0056-53cb-2fbb-2807f3072164_b15952d7-ee36-4bee-8b9d-eceef5fd2b41_8分.jpg,hard,cluster_10,2055,0.6036312580108643,False,keep,non_random_source=hard,,
Batch01,20250221-1402-042f-9397-dfb9fa005691,Batch01/20250221-1402-042f-9397-dfb9fa005691/20250221-1402-042f-9397-dfb9fa005691_0dabdea0-54d9-4b2c-8973-b47559468123_8分.jpg,20250221-1402-042f-9397-dfb9fa005691_0dabdea0-54d9-4b2c-8973-b47559468123_8分.jpg,hard,cluster_1,1389,0.4009287655353546,False,keep,non_random_source=hard,,
Batch01,20250221-1402-042f-9397-dfb9fa005691,Batch01/20250221-1402-042f-9397-dfb9fa005691/20250221-1402-042f-9397-dfb9fa005691_1fe4ab5e-1009-4f99-8de2-7c32ad7b1981_2分.jpg,20250221-1402-042f-9397-dfb9fa005691_1fe4ab5e-1009-4f99-8de2-7c32ad7b1981_2分.jpg,diverse,cluster_4,3444,0.5940015912055969,False,keep,non_random_source=diverse,,
Batch01,20250221-1402-042f-9397-dfb9fa005691,Batch01/20250221-1402-042f-9397-dfb9fa005691/20250221-1402-042f-9397-dfb9fa005691_3114043c-b973-489d-bea8-e177fb158d2d_7分.jpg,20250221-1402-042f-9397-dfb9fa005691_3114043c-b973-489d-bea8-e177fb158d2d_7分.jpg,diverse,cluster_1,1389,0.43368542194366455,False,keep,non_random_source=diverse,,
Batch01,20250221-1402-042f-9397-dfb9fa005691,Batch01/20250221-1402-042f-9397-dfb9fa005691/20250221-1402-042f-9397-dfb9fa005691_f74119ff-bea2-4ae9-83fb-b6af8d7de613_13分.jpg,20250221-1402-042f-9397-dfb9fa005691_f74119ff-bea2-4ae9-83fb-b6af8d7de613_13分.jpg,hard,cluster_1,1389,0.3172251880168915,False,keep,non_random_source=hard,,
Batch01,20250225-0441-337a-701a-860e7a571293,Batch01/20250225-0441-337a-701a-860e7a571293/20250225-0441-337a-701a-860e7a571293_013ca8e4-47a9-4b3c-885e-2d45803d311a_15分.jpg,20250225-0441-337a-701a-860e7a571293_013ca8e4-47a9-4b3c-885e-2d45803d311a_15分.jpg,hard,cluster_10,2055,0.6754353046417236,True,keep,non_random_source=hard,,
Batch01,20250225-0441-337a-701a-860e7a571293,Batch01/20250225-0441-337a-701a-860e7a571293/20250225-0441-337a-701a-860e7a571293_27a7f56e-c0f8-413a-9ad2-48e4dab3a4e2_7分.jpg,20250225-0441-337a-701a-860e7a571293_27a7f56e-c0f8-413a-9ad2-48e4dab3a4e2_7分.jpg,replacement,cluster_4,3444,0.7036548256874084,True,keep,non_random_source=replacement,,
Batch01,20250225-0441-337a-701a-860e7a571293,Batch01/20250225-0441-337a-701a-860e7a571293/20250225-0441-337a-701a-860e7a571293_3f30fdb9-4b7a-4195-9707-2905a5f1bee9_11分.jpg,20250225-0441-337a-701a-860e7a571293_3f30fdb9-4b7a-4195-9707-2905a5f1bee9_11分.jpg,diverse,cluster_10,2055,0.8461360931396484,True,keep,non_random_source=diverse,,
Batch01,20250225-0441-337a-701a-860e7a571293,Batch01/20250225-0441-337a-701a-860e7a571293/20250225-0441-337a-701a-860e7a571293_562bd8c4-d3f4-4745-8ef0-6294bdb49552_2分.jpg,20250225-0441-337a-701a-860e7a571293_562bd8c4-d3f4-4745-8ef0-6294bdb49552_2分.jpg,hard,cluster_10,2055,0.7439980506896973,True,keep,non_random_source=hard,,
Batch01,20250225-0441-337a-701a-860e7a571293,Batch01/20250225-0441-337a-701a-860e7a571293/20250225-0441-337a-701a-860e7a571293_943ab8da-8078-48be-9ce4-67f9e647ffd9_6分.jpg,20250225-0441-337a-701a-860e7a571293_943ab8da-8078-48be-9ce4-67f9e647ffd9_6分.jpg,diverse,cluster_4,3444,0.7316123843193054,True,keep,non_random_source=diverse,,
Batch01,20250225-0441-337a-701a-860e7a571293,Batch01/20250225-0441-337a-701a-860e7a571293/20250225-0441-337a-701a-860e7a571293_bfe0cc4d-3813-43f5-93a7-b1388f8f0332_11分.jpg,20250225-0441-337a-701a-860e7a571293_bfe0cc4d-3813-43f5-93a7-b1388f8f0332_11分.jpg,replacement,cluster_10,2055,0.8379707336425781,True,keep,non_random_source=replacement,,
Batch01,20250225-0441-337a-701a-860e7a571293,Batch01/20250225-0441-337a-701a-860e7a571293/20250225-0441-337a-701a-860e7a571293_cd1b67b9-b50c-4cfc-8622-2e5ab979d319_10分.jpg,20250225-0441-337a-701a-860e7a571293_cd1b67b9-b50c-4cfc-8622-2e5ab979d319_10分.jpg,replacement,cluster_10,2055,0.8010614514350891,True,keep,non_random_source=replacement,,
Batch01,20250225-0441-337a-701a-860e7a571293,Batch01/20250225-0441-337a-701a-860e7a571293/20250225-0441-337a-701a-860e7a571293_dcd8d09b-0a0a-42b1-9034-43a4b35ab530_4分.jpg,20250225-0441-337a-701a-860e7a571293_dcd8d09b-0a0a-42b1-9034-43a4b35ab530_4分.jpg,replacement,cluster_10,2055,0.8066896796226501,True,keep,non_random_source=replacement,,
Batch01,20250228-1139-5613-ccac-210615076857,Batch01/20250228-1139-5613-ccac-210615076857/20250228-1139-5613-ccac-210615076857_0431322e-b2b2-4a08-967f-5713c91ea609_17分.jpg,20250228-1139-5613-ccac-210615076857_0431322e-b2b2-4a08-967f-5713c91ea609_17分.jpg,hard,cluster_0,2169,0.7210422158241272,False,keep,non_random_source=hard,,
Batch01,20250228-1139-5613-ccac-210615076857,Batch01/20250228-1139-5613-ccac-210615076857/20250228-1139-5613-ccac-210615076857_d3b0bda3-118d-47db-b049-4fd72da300cf_10分.jpg,20250228-1139-5613-ccac-210615076857_d3b0bda3-118d-47db-b049-4fd72da300cf_10分.jpg,diverse,cluster_0,2169,0.791110098361969,False,keep,non_random_source=diverse,,
Batch01,20250228-1139-5613-ccac-210615076857,Batch01/20250228-1139-5613-ccac-210615076857/20250228-1139-5613-ccac-210615076857_d9eb1072-c05b-423e-82ab-7406e58e40f2_10分.jpg,20250228-1139-5613-ccac-210615076857_d9eb1072-c05b-423e-82ab-7406e58e40f2_10分.jpg,hard,cluster_0,2169,0.7858859300613403,False,keep,non_random_source=hard,,
Batch01,20250228-1139-5613-ccac-210615076857,Batch01/20250228-1139-5613-ccac-210615076857/20250228-1139-5613-ccac-210615076857_f7fbeab1-3d50-4598-89ba-3668971f6906_6分.jpg,20250228-1139-5613-ccac-210615076857_f7fbeab1-3d50-4598-89ba-3668971f6906_6分.jpg,diverse,cluster_3,2444,0.6293354630470276,False,keep,non_random_source=diverse,,
Batch01,20250302-0137-149c-2df1-36ddec844180,Batch01/20250302-0137-149c-2df1-36ddec844180/20250302-0137-149c-2df1-36ddec844180_16038f95-40c1-42ac-8d6b-c8e56393ba72_1分.jpg,20250302-0137-149c-2df1-36ddec844180_16038f95-40c1-42ac-8d6b-c8e56393ba72_1分.jpg,replacement,cluster_3,2444,0.7569267153739929,True,keep,non_random_source=replacement,,
Batch01,20250302-0137-149c-2df1-36ddec844180,Batch01/20250302-0137-149c-2df1-36ddec844180/20250302-0137-149c-2df1-36ddec844180_1b66b51a-dca7-410b-8628-badda23c6cd7_4分.jpg,20250302-0137-149c-2df1-36ddec844180_1b66b51a-dca7-410b-8628-badda23c6cd7_4分.jpg,replacement,cluster_0,2169,0.7936581373214722,True,keep,non_random_source=replacement,,
Batch01,20250302-0137-149c-2df1-36ddec844180,Batch01/20250302-0137-149c-2df1-36ddec844180/20250302-0137-149c-2df1-36ddec844180_48e104eb-2f75-4b8c-a167-ee3afffaf23b_7分.jpg,20250302-0137-149c-2df1-36ddec844180_48e104eb-2f75-4b8c-a167-ee3afffaf23b_7分.jpg,hard,cluster_0,2169,0.8005743622779846,True,keep,non_random_source=hard,,
Batch01,20250302-0137-149c-2df1-36ddec844180,Batch01/20250302-0137-149c-2df1-36ddec844180/20250302-0137-149c-2df1-36ddec844180_74d6b2a8-33d5-4959-b8e3-9b59644416e1_17分.jpg,20250302-0137-149c-2df1-36ddec844180_74d6b2a8-33d5-4959-b8e3-9b59644416e1_17分.jpg,hard,cluster_0,2169,0.73302161693573,True,keep,non_random_source=hard,,
Batch01,20250302-0137-149c-2df1-36ddec844180,Batch01/20250302-0137-149c-2df1-36ddec844180/20250302-0137-149c-2df1-36ddec844180_970a376e-10b1-4484-9ab5-db7bfc4ebc01_14分.jpg,20250302-0137-149c-2df1-36ddec844180_970a376e-10b1-4484-9ab5-db7bfc4ebc01_14分.jpg,replacement,cluster_0,2169,0.7788258790969849,True,keep,non_random_source=replacement,,
Batch01,20250302-0137-149c-2df1-36ddec844180,Batch01/20250302-0137-149c-2df1-36ddec844180/20250302-0137-149c-2df1-36ddec844180_cee2e1fe-33b9-41b0-8324-a6340f6a6073_10分.jpg,20250302-0137-149c-2df1-36ddec844180_cee2e1fe-33b9-41b0-8324-a6340f6a6073_10分.jpg,diverse,cluster_0,2169,0.7275570631027222,True,keep,non_random_source=diverse,,
Batch01,20250302-0137-149c-2df1-36ddec844180,Batch01/20250302-0137-149c-2df1-36ddec844180/20250302-0137-149c-2df1-36ddec844180_da8f05f6-ba66-42b9-acf8-d398abfe76c1_7分.jpg,20250302-0137-149c-2df1-36ddec844180_da8f05f6-ba66-42b9-acf8-d398abfe76c1_7分.jpg,replacement,cluster_0,2169,0.7813835740089417,True,keep,non_random_source=replacement,,
Batch01,20250302-0137-149c-2df1-36ddec844180,Batch01/20250302-0137-149c-2df1-36ddec844180/20250302-0137-149c-2df1-36ddec844180_f9ad41e1-3b8c-478e-ab45-419dccde2353_4分.jpg,20250302-0137-149c-2df1-36ddec844180_f9ad41e1-3b8c-478e-ab45-419dccde2353_4分.jpg,diverse,cluster_3,2444,0.6261292695999146,True,keep,non_random_source=diverse,,
Batch01,20250312-0525-572b-de86-077383136434,Batch01/20250312-0525-572b-de86-077383136434/20250312-0525-572b-de86-077383136434_2313ac1b-2303-4062-b87b-39f3220a495a_10分.jpg,20250312-0525-572b-de86-077383136434_2313ac1b-2303-4062-b87b-39f3220a495a_10分.jpg,hard,cluster_11,4191,0.843521237373352,False,keep,non_random_source=hard,,
Batch01,20250312-0525-572b-de86-077383136434,Batch01/20250312-0525-572b-de86-077383136434/20250312-0525-572b-de86-077383136434_5150a3c1-0012-4ffa-b897-34a523dab9e6_11分.jpg,20250312-0525-572b-de86-077383136434_5150a3c1-0012-4ffa-b897-34a523dab9e6_11分.jpg,diverse,cluster_11,4191,0.8424623012542725,False,keep,non_random_source=diverse,,
Batch01,20250312-0525-572b-de86-077383136434,Batch01/20250312-0525-572b-de86-077383136434/20250312-0525-572b-de86-077383136434_83e1ade7-8e5e-4668-93d0-45a58488669d_2分.jpg,20250312-0525-572b-de86-077383136434_83e1ade7-8e5e-4668-93d0-45a58488669d_2分.jpg,diverse,cluster_7,2261,0.6156887412071228,False,keep,non_random_source=diverse,,
Batch01,20250312-0525-572b-de86-077383136434,Batch01/20250312-0525-572b-de86-077383136434/20250312-0525-572b-de86-077383136434_ad758629-8a89-43b8-b9f3-c86a589850f6_13分.jpg,20250312-0525-572b-de86-077383136434_ad758629-8a89-43b8-b9f3-c86a589850f6_13分.jpg,hard,cluster_11,4191,0.8054654598236084,False,keep,non_random_source=hard,,
Batch01,20250313-0420-3002-dba2-032627236196,Batch01/20250313-0420-3002-dba2-032627236196/20250313-0420-3002-dba2-032627236196_20071919-5642-492e-80f4-5d19cfb669f1_12分.jpg,20250313-0420-3002-dba2-032627236196_20071919-5642-492e-80f4-5d19cfb669f1_12分.jpg,hard,cluster_10,2055,0.8506636619567871,False,keep,non_random_source=hard,,
Batch01,20250313-0420-3002-dba2-032627236196,Batch01/20250313-0420-3002-dba2-032627236196/20250313-0420-3002-dba2-032627236196_bcf49a96-a73d-47d6-9d20-92284371da29_5分.jpg,20250313-0420-3002-dba2-032627236196_bcf49a96-a73d-47d6-9d20-92284371da29_5分.jpg,hard,cluster_10,2055,0.7832565903663635,False,keep,non_random_source=hard,,
Batch01,20250313-0420-3002-dba2-032627236196,Batch01/20250313-0420-3002-dba2-032627236196/20250313-0420-3002-dba2-032627236196_e0fef02c-606a-45c9-b639-f0c749ea7238_5分.jpg,20250313-0420-3002-dba2-032627236196_e0fef02c-606a-45c9-b639-f0c749ea7238_5分.jpg,diverse,cluster_4,3444,0.6157345771789551,False,keep,non_random_source=diverse,,
Batch01,20250313-0420-3002-dba2-032627236196,Batch01/20250313-0420-3002-dba2-032627236196/20250313-0420-3002-dba2-032627236196_ea2d8329-0fe4-4132-9688-d6bca2e954ae_12分.jpg,20250313-0420-3002-dba2-032627236196_ea2d8329-0fe4-4132-9688-d6bca2e954ae_12分.jpg,diverse,cluster_10,2055,0.8567957878112793,False,keep,non_random_source=diverse,,
Batch01,20250313-1400-2500-5378-ebc2bb567847,Batch01/20250313-1400-2500-5378-ebc2bb567847/20250313-1400-2500-5378-ebc2bb567847_4a093d49-0b2b-49d4-bccb-727ec2ff0c88_10分.jpg,20250313-1400-2500-5378-ebc2bb567847_4a093d49-0b2b-49d4-bccb-727ec2ff0c88_10分.jpg,replacement,cluster_0,2169,0.7320231795310974,True,keep,non_random_source=replacement,,
Batch01,20250313-1400-2500-5378-ebc2bb567847,Batch01/20250313-1400-2500-5378-ebc2bb567847/20250313-1400-2500-5378-ebc2bb567847_7591be9e-1aab-49ce-b130-d4735ce20ab0_14分.jpg,20250313-1400-2500-5378-ebc2bb567847_7591be9e-1aab-49ce-b130-d4735ce20ab0_14分.jpg,hard,cluster_0,2169,0.6824291944503784,True,keep,non_random_source=hard,,
Batch01,20250313-1400-2500-5378-ebc2bb567847,Batch01/20250313-1400-2500-5378-ebc2bb567847/20250313-1400-2500-5378-ebc2bb567847_83c98392-a810-4d30-b3dc-0bf59b7e3cd9_11分.jpg,20250313-1400-2500-5378-ebc2bb567847_83c98392-a810-4d30-b3dc-0bf59b7e3cd9_11分.jpg,diverse,cluster_0,2169,0.755397617816925,True,keep,non_random_source=diverse,,
Batch01,20250313-1400-2500-5378-ebc2bb567847,Batch01/20250313-1400-2500-5378-ebc2bb567847/20250313-1400-2500-5378-ebc2bb567847_8658b578-a190-47e5-b439-fde3745f3dc1_5分.jpg,20250313-1400-2500-5378-ebc2bb567847_8658b578-a190-47e5-b439-fde3745f3dc1_5分.jpg,replacement,cluster_0,2169,0.7765841484069824,True,keep,non_random_source=replacement,,
Batch01,20250313-1400-2500-5378-ebc2bb567847,Batch01/20250313-1400-2500-5378-ebc2bb567847/20250313-1400-2500-5378-ebc2bb567847_95bc82ae-1336-435e-896a-20a773fedfb2_4分.jpg,20250313-1400-2500-5378-ebc2bb567847_95bc82ae-1336-435e-896a-20a773fedfb2_4分.jpg,replacement,cluster_0,2169,0.7304776906967163,True,keep,non_random_source=replacement,,
Batch01,20250313-1400-2500-5378-ebc2bb567847,Batch01/20250313-1400-2500-5378-ebc2bb567847/20250313-1400-2500-5378-ebc2bb567847_bfecf49f-65fd-489e-82d5-a4a0f9ccd279_4分.jpg,20250313-1400-2500-5378-ebc2bb567847_bfecf49f-65fd-489e-82d5-a4a0f9ccd279_4分.jpg,replacement,cluster_3,2444,0.8480924367904663,True,keep,non_random_source=replacement,,
Batch01,20250313-1400-2500-5378-ebc2bb567847,Batch01/20250313-1400-2500-5378-ebc2bb567847/20250313-1400-2500-5378-ebc2bb567847_d616e8b2-0daf-483a-b62c-98857acbe44f_17分.jpg,20250313-1400-2500-5378-ebc2bb567847_d616e8b2-0daf-483a-b62c-98857acbe44f_17分.jpg,hard,cluster_0,2169,0.7451316118240356,True,keep,non_random_source=hard,,
Batch01,20250313-1400-2500-5378-ebc2bb567847,Batch01/20250313-1400-2500-5378-ebc2bb567847/20250313-1400-2500-5378-ebc2bb567847_edd084c6-cfab-4d38-98c3-fd068fc489af_5分.jpg,20250313-1400-2500-5378-ebc2bb567847_edd084c6-cfab-4d38-98c3-fd068fc489af_5分.jpg,diverse,cluster_3,2444,0.833177924156189,True,keep,non_random_source=diverse,,
Batch01,20250317-0248-35af-e23f-767470737670,Batch01/20250317-0248-35af-e23f-767470737670/20250317-0248-35af-e23f-767470737670_226ea838-c3ad-41f2-b783-b1820cedeb16_6分.jpg,20250317-0248-35af-e23f-767470737670_226ea838-c3ad-41f2-b783-b1820cedeb16_6分.jpg,diverse,cluster_2,2092,0.557379961013794,False,keep,non_random_source=diverse,,
Batch01,20250317-0248-35af-e23f-767470737670,Batch01/20250317-0248-35af-e23f-767470737670/20250317-0248-35af-e23f-767470737670_5cd0f0c4-54ea-4410-8823-fa4dbf2e9360_11分.jpg,20250317-0248-35af-e23f-767470737670_5cd0f0c4-54ea-4410-8823-fa4dbf2e9360_11分.jpg,hard,cluster_5,2606,0.7522933483123779,False,keep,non_random_source=hard,,
Batch01,20250317-0248-35af-e23f-767470737670,Batch01/20250317-0248-35af-e23f-767470737670/20250317-0248-35af-e23f-767470737670_e56674a8-205a-46e4-955c-88bb00ecfec8_15分.jpg,20250317-0248-35af-e23f-767470737670_e56674a8-205a-46e4-955c-88bb00ecfec8_15分.jpg,diverse,cluster_5,2606,0.8440365791320801,False,keep,non_random_source=diverse,,
Batch01,20250317-0248-35af-e23f-767470737670,Batch01/20250317-0248-35af-e23f-767470737670/20250317-0248-35af-e23f-767470737670_e7379e74-6b80-49a6-a80f-7723e9832daa_14分.jpg,20250317-0248-35af-e23f-767470737670_e7379e74-6b80-49a6-a80f-7723e9832daa_14分.jpg,hard,cluster_5,2606,0.7887824177742004,False,keep,non_random_source=hard,,
Batch01,20250318-0232-212e-1b20-51170d808187,Batch01/20250318-0232-212e-1b20-51170d808187/20250318-0232-212e-1b20-51170d808187_1e08a6fe-8123-4bed-a35c-c0d4161bc70d_4分.jpg,20250318-0232-212e-1b20-51170d808187_1e08a6fe-8123-4bed-a35c-c0d4161bc70d_4分.jpg,hard,cluster_10,2055,0.46708911657333374,False,keep,non_random_source=hard,,
Batch01,20250318-0232-212e-1b20-51170d808187,Batch01/20250318-0232-212e-1b20-51170d808187/20250318-0232-212e-1b20-51170d808187_7116ae05-6f6d-4624-95ce-0074fb950c8e_15分.jpg,20250318-0232-212e-1b20-51170d808187_7116ae05-6f6d-4624-95ce-0074fb950c8e_15分.jpg,diverse,cluster_10,2055,0.41949155926704407,False,keep,non_random_source=diverse,,
Batch01,20250318-0232-212e-1b20-51170d808187,Batch01/20250318-0232-212e-1b20-51170d808187/20250318-0232-212e-1b20-51170d808187_a9d3e9e0-d020-430b-8cf7-145e247ca434_2分.jpg,20250318-0232-212e-1b20-51170d808187_a9d3e9e0-d020-430b-8cf7-145e247ca434_2分.jpg,diverse,cluster_4,3444,0.6320318579673767,False,keep,non_random_source=diverse,,
Batch01,20250318-0232-212e-1b20-51170d808187,Batch01/20250318-0232-212e-1b20-51170d808187/20250318-0232-212e-1b20-51170d808187_c745ab1e-5fac-4388-8018-9c73bc844b7a_8分.jpg,20250318-0232-212e-1b20-51170d808187_c745ab1e-5fac-4388-8018-9c73bc844b7a_8分.jpg,hard,cluster_8,2333,0.3741297423839569,False,keep,non_random_source=hard,,
Batch01,20250319-0655-370a-74cd-51a8f4894818,Batch01/20250319-0655-370a-74cd-51a8f4894818/20250319-0655-370a-74cd-51a8f4894818_0784c817-87fd-47ff-bf97-30c2d4323d6f_3分.jpg,20250319-0655-370a-74cd-51a8f4894818_0784c817-87fd-47ff-bf97-30c2d4323d6f_3分.jpg,diverse,cluster_7,2261,0.4952138066291809,True,keep,non_random_source=diverse,,
Batch01,20250319-0655-370a-74cd-51a8f4894818,Batch01/20250319-0655-370a-74cd-51a8f4894818/20250319-0655-370a-74cd-51a8f4894818_1076d1c9-d35b-49f4-bc55-6e0c5a90c2ff_5分.jpg,20250319-0655-370a-74cd-51a8f4894818_1076d1c9-d35b-49f4-bc55-6e0c5a90c2ff_5分.jpg,replacement,cluster_7,2261,0.4467577636241913,True,keep,non_random_source=replacement,,
Batch01,20250319-0655-370a-74cd-51a8f4894818,Batch01/20250319-0655-370a-74cd-51a8f4894818/20250319-0655-370a-74cd-51a8f4894818_363ff2fb-218a-414d-951d-9fb75b925a13_10分.jpg,20250319-0655-370a-74cd-51a8f4894818_363ff2fb-218a-414d-951d-9fb75b925a13_10分.jpg,replacement,cluster_12,4553,0.6261646747589111,True,keep,non_random_source=replacement,,
Batch01,20250319-0655-370a-74cd-51a8f4894818,Batch01/20250319-0655-370a-74cd-51a8f4894818/20250319-0655-370a-74cd-51a8f4894818_6bde2c03-207e-48b2-9357-6fa1253f39b2_14分.jpg,20250319-0655-370a-74cd-51a8f4894818_6bde2c03-207e-48b2-9357-6fa1253f39b2_14分.jpg,diverse,cluster_12,4553,0.5502408742904663,True,keep,non_random_source=diverse,,
Batch01,20250319-0655-370a-74cd-51a8f4894818,Batch01/20250319-0655-370a-74cd-51a8f4894818/20250319-0655-370a-74cd-51a8f4894818_9e8d5572-1c94-4ef0-8fb5-2189b87f141a_17分.jpg,20250319-0655-370a-74cd-51a8f4894818_9e8d5572-1c94-4ef0-8fb5-2189b87f141a_17分.jpg,hard,cluster_12,4553,0.6308066248893738,True,keep,non_random_source=hard,,
Batch01,20250319-0655-370a-74cd-51a8f4894818,Batch01/20250319-0655-370a-74cd-51a8f4894818/20250319-0655-370a-74cd-51a8f4894818_a4f25bcf-5b9e-43e6-a055-a8e35a4f8c27_6分.jpg,20250319-0655-370a-74cd-51a8f4894818_a4f25bcf-5b9e-43e6-a055-a8e35a4f8c27_6分.jpg,replacement,cluster_12,4553,0.48558712005615234,True,keep,non_random_source=replacement,,
Batch01,20250319-0655-370a-74cd-51a8f4894818,Batch01/20250319-0655-370a-74cd-51a8f4894818/20250319-0655-370a-74cd-51a8f4894818_b00fa8a5-d2a7-4ea5-b4ca-0aa0e2eb4e4a_5分.jpg,20250319-0655-370a-74cd-51a8f4894818_b00fa8a5-d2a7-4ea5-b4ca-0aa0e2eb4e4a_5分.jpg,replacement,cluster_9,3636,0.49323928356170654,True,keep,non_random_source=replacement,,
Batch01,20250319-0655-370a-74cd-51a8f4894818,Batch01/20250319-0655-370a-74cd-51a8f4894818/20250319-0655-370a-74cd-51a8f4894818_be583e5a-202f-4a57-ae0d-34b45257d9f3_10分.jpg,20250319-0655-370a-74cd-51a8f4894818_be583e5a-202f-4a57-ae0d-34b45257d9f3_10分.jpg,hard,cluster_12,4553,0.5626229047775269,True,keep,non_random_source=hard,,
Batch01,20250326-0220-1718-331e-183c3b616473,Batch01/20250326-0220-1718-331e-183c3b616473/20250326-0220-1718-331e-183c3b616473_0504d1fd-09b2-4212-8aae-7f75be8e0c67_7分.jpg,20250326-0220-1718-331e-183c3b616473_0504d1fd-09b2-4212-8aae-7f75be8e0c67_7分.jpg,replacement,cluster_7,2261,0.5442994832992554,True,keep,non_random_source=replacement,,
Batch01,20250326-0220-1718-331e-183c3b616473,Batch01/20250326-0220-1718-331e-183c3b616473/20250326-0220-1718-331e-183c3b616473_157d9e16-35f8-4210-a073-89fe5866c0f9_7分.jpg,20250326-0220-1718-331e-183c3b616473_157d9e16-35f8-4210-a073-89fe5866c0f9_7分.jpg,replacement,cluster_11,4191,0.6065356135368347,True,keep,non_random_source=replacement,,
Batch01,20250326-0220-1718-331e-183c3b616473,Batch01/20250326-0220-1718-331e-183c3b616473/20250326-0220-1718-331e-183c3b616473_5293f372-3635-4351-969a-7ea58b46512b_3分.jpg,20250326-0220-1718-331e-183c3b616473_5293f372-3635-4351-969a-7ea58b46512b_3分.jpg,diverse,cluster_9,3636,0.7452555894851685,True,keep,non_random_source=diverse,,
Batch01,20250326-0220-1718-331e-183c3b616473,Batch01/20250326-0220-1718-331e-183c3b616473/20250326-0220-1718-331e-183c3b616473_5f6bf153-544c-4d00-b999-bb6124f256da_8分.jpg,20250326-0220-1718-331e-183c3b616473_5f6bf153-544c-4d00-b999-bb6124f256da_8分.jpg,hard,cluster_11,4191,0.6528623700141907,True,keep,non_random_source=hard,,
Batch01,20250326-0220-1718-331e-183c3b616473,Batch01/20250326-0220-1718-331e-183c3b616473/20250326-0220-1718-331e-183c3b616473_65551f0a-38a6-4dfc-9985-65dcc1568b1f_4分.jpg,20250326-0220-1718-331e-183c3b616473_65551f0a-38a6-4dfc-9985-65dcc1568b1f_4分.jpg,hard,cluster_11,4191,0.5778844356536865,True,keep,non_random_source=hard,,
Batch01,20250326-0220-1718-331e-183c3b616473,Batch01/20250326-0220-1718-331e-183c3b616473/20250326-0220-1718-331e-183c3b616473_d89793de-d4cb-44e2-9ee4-951ab8562f20_7分.jpg,20250326-0220-1718-331e-183c3b616473_d89793de-d4cb-44e2-9ee4-951ab8562f20_7分.jpg,replacement,cluster_9,3636,0.7257168292999268,True,keep,non_random_source=replacement,,
Batch01,20250326-0220-1718-331e-183c3b616473,Batch01/20250326-0220-1718-331e-183c3b616473/20250326-0220-1718-331e-183c3b616473_d94c67b9-2e91-4e22-85fb-f7b73b833c3b_7分.jpg,20250326-0220-1718-331e-183c3b616473_d94c67b9-2e91-4e22-85fb-f7b73b833c3b_7分.jpg,diverse,cluster_11,4191,0.6358354091644287,True,keep,non_random_source=diverse,,
Batch01,20250326-0220-1718-331e-183c3b616473,Batch01/20250326-0220-1718-331e-183c3b616473/20250326-0220-1718-331e-183c3b616473_e1fc5b44-666f-4b83-85d7-27f4f20d066a_3分.jpg,20250326-0220-1718-331e-183c3b616473_e1fc5b44-666f-4b83-85d7-27f4f20d066a_3分.jpg,replacement,cluster_11,4191,0.7345626354217529,True,keep,non_random_source=replacement,,
Batch01,20250329-0006-1715-d919-a0cc14102670,Batch01/20250329-0006-1715-d919-a0cc14102670/20250329-0006-1715-d919-a0cc14102670_31763732-7363-4eb4-a6ae-43a18ca9d4a7_3分.jpg,20250329-0006-1715-d919-a0cc14102670_31763732-7363-4eb4-a6ae-43a18ca9d4a7_3分.jpg,hard,cluster_0,2169,0.516978919506073,False,keep,non_random_source=hard,,
Batch01,20250329-0006-1715-d919-a0cc14102670,Batch01/20250329-0006-1715-d919-a0cc14102670/20250329-0006-1715-d919-a0cc14102670_49a8ef4d-0591-4de6-97b8-ecd60fe0b2a2_13分.jpg,20250329-0006-1715-d919-a0cc14102670_49a8ef4d-0591-4de6-97b8-ecd60fe0b2a2_13分.jpg,diverse,cluster_4,3444,0.3184710144996643,False,keep,non_random_source=diverse,,
Batch01,20250329-0006-1715-d919-a0cc14102670,Batch01/20250329-0006-1715-d919-a0cc14102670/20250329-0006-1715-d919-a0cc14102670_608037b2-cb28-470a-9d66-b3c75e430c25_8分.jpg,20250329-0006-1715-d919-a0cc14102670_608037b2-cb28-470a-9d66-b3c75e430c25_8分.jpg,diverse,cluster_0,2169,0.5313558578491211,False,keep,non_random_source=diverse,,
Batch01,20250329-0006-1715-d919-a0cc14102670,Batch01/20250329-0006-1715-d919-a0cc14102670/20250329-0006-1715-d919-a0cc14102670_aa26716b-62e1-4273-ba48-ebe497176055_13分.jpg,20250329-0006-1715-d919-a0cc14102670_aa26716b-62e1-4273-ba48-ebe497176055_13分.jpg,hard,cluster_0,2169,0.48555853962898254,False,keep,non_random_source=hard,,
Batch01,20241201-0113-29ac-03f4-b586ce898784,Batch01/20241201-0113-29ac-03f4-b586ce898784/20241201-0113-29ac-03f4-b586ce898784_90a48549-4f4d-42ab-81be-11ccd5210740_10分.jpg,20241201-0113-29ac-03f4-b586ce898784_90a48549-4f4d-42ab-81be-11ccd5210740_10分.jpg,random,cluster_0,2169,0.8600402474403381,False,keep,random_max_cosine_in_cluster_0,62,1
20240530-0649-08f8-dbdc-e647da599475,%e4%b8%80.17,20240530-0649-08f8-dbdc-e647da599475/%e4%b8%80.17/20240530-0649-08f8-dbdc-e647da599475_%e4%b8%80.17_177.jpg,20240530-0649-08f8-dbdc-e647da599475_%e4%b8%80.17_177.jpg,random,cluster_1,1389,0.8168659210205078,False,keep,random_max_cosine_in_cluster_1,42,1
20250904-0316-3901-ffa0-f534d0588492,%e4%b8%89.16,20250904-0316-3901-ffa0-f534d0588492/%e4%b8%89.16/20250904-0316-3901-ffa0-f534d0588492_%e4%b8%89.16_175.jpg,20250904-0316-3901-ffa0-f534d0588492_%e4%b8%89.16_175.jpg,random,cluster_2,2092,0.8536235094070435,False,keep,random_max_cosine_in_cluster_2,43,1
Batch01,20241201-0113-29ac-03f4-b586ce898784,Batch01/20241201-0113-29ac-03f4-b586ce898784/20241201-0113-29ac-03f4-b586ce898784_7064beff-3055-41b3-8b61-82c4d8544c81_5分.jpg,20241201-0113-29ac-03f4-b586ce898784_7064beff-3055-41b3-8b61-82c4d8544c81_5分.jpg,random,cluster_3,2444,0.8697918057441711,False,keep,random_max_cosine_in_cluster_3,47,1
20250225-1109-2036-d5a8-48cb2a607426,19,20250225-1109-2036-d5a8-48cb2a607426/19/20250225-1109-2036-d5a8-48cb2a607426_19_109.jpg,20250225-1109-2036-d5a8-48cb2a607426_19_109.jpg,random,cluster_4,3444,0.829821765422821,False,keep,random_max_cosine_in_cluster_4,72,1
20250903-1336-5488-d68d-1fe9c9911732,17,20250903-1336-5488-d68d-1fe9c9911732/17/20250903-1336-5488-d68d-1fe9c9911732_17_109.jpg,20250903-1336-5488-d68d-1fe9c9911732_17_109.jpg,random,cluster_5,2606,0.8637956380844116,False,keep,random_max_cosine_in_cluster_5,58,1
20250225-1109-2036-d5a8-48cb2a607426,16,20250225-1109-2036-d5a8-48cb2a607426/16/20250225-1109-2036-d5a8-48cb2a607426_16_113.jpg,20250225-1109-2036-d5a8-48cb2a607426_16_113.jpg,random,cluster_6,3834,0.8917978405952454,False,keep,random_max_cosine_in_cluster_6,86,1
20250924-2229-55b2-270a-a4d6f0216854,16,20250924-2229-55b2-270a-a4d6f0216854/16/20250924-2229-55b2-270a-a4d6f0216854_16_11.jpg,20250924-2229-55b2-270a-a4d6f0216854_16_11.jpg,random,cluster_7,2261,0.7342035174369812,False,keep,random_max_cosine_in_cluster_7,42,1
20250828-0742-3331-8c0e-60f42c401241,16,20250828-0742-3331-8c0e-60f42c401241/16/20250828-0742-3331-8c0e-60f42c401241_16_112.jpg,20250828-0742-3331-8c0e-60f42c401241_16_112.jpg,random,cluster_8,2333,0.7972849607467651,False,keep,random_max_cosine_in_cluster_8,48,1
20240527-1328-161a-c2c0-676cb0382723,19,20240527-1328-161a-c2c0-676cb0382723/19/20240527-1328-161a-c2c0-676cb0382723_19_126.jpg,20240527-1328-161a-c2c0-676cb0382723_19_126.jpg,random,cluster_9,3636,0.8178704380989075,False,keep,random_max_cosine_in_cluster_9,67,1
20250921-1152-3270-2243-37534b172423,17,20250921-1152-3270-2243-37534b172423/17/20250921-1152-3270-2243-37534b172423_17_124.jpg,20250921-1152-3270-2243-37534b172423_17_124.jpg,random,cluster_10,2055,0.8851508498191833,False,keep,random_max_cosine_in_cluster_10,47,1
20240530-0703-3456-733b-887290986497,%e4%b8%80.18,20240530-0703-3456-733b-887290986497/%e4%b8%80.18/20240530-0703-3456-733b-887290986497_%e4%b8%80.18_175.jpg,20240530-0703-3456-733b-887290986497_%e4%b8%80.18_175.jpg,random,cluster_11,4191,0.8715392351150513,False,keep,random_max_cosine_in_cluster_11,69,1
20250829-0943-432b-04de-e316f5467146,18,20250829-0943-432b-04de-e316f5467146/18/20250829-0943-432b-04de-e316f5467146_18_126.jpg,20250829-0943-432b-04de-e316f5467146_18_126.jpg,random,cluster_12,4553,0.805002748966217,False,keep,random_max_cosine_in_cluster_12,109,1
