image_id,ast_tree_count,total_ast_node_count,max_ast_depth,frac_expression_count,sup_expression_count,sub_expression_count,sqrt_expression_count,env_expression_count,bigop_expression_count,accent_expression_count,stackrel_expression_count,textcircled_expression_count,distinct_structure_type_count,structure_combination,total_token_count,distinct_token_count,rare10_token_occurrence_count,rare10_expression_count,has_rare10,english_tokens,digit_tokens,greek_tokens,special_symbol_tokens,operator_tokens,grouping_tokens,structural_tokens,CJK_tokens,punctuation_tokens,layout__alignment_tokens,other__unknown_tokens
20230831-0430-37dd-ddff-1ed424056878_05edc809-c2b0-4fb1-ba37-9eedfa9285c9_2分,13,35,2,0,5,5,6,4,0,0,0,0,4,sup+sub+sqrt+env,372,61,1,1,True,48,57,8,36,44,10,125,36,3,5,0
20230831-0430-37dd-ddff-1ed424056878_0dad6d03-9661-49de-8595-bc1d0317609b_5分,14,54,3,6,7,1,6,2,0,0,0,0,5,frac+sup+sub+sqrt+env,542,64,1,1,True,51,104,8,20,67,16,210,58,4,4,0
20230831-0430-37dd-ddff-1ed424056878_2f121b0b-14e2-4e5a-b3b0-d579786526ea_1分,3,7,2,0,0,0,1,1,0,0,0,2,3,sqrt+env+textcircled,66,33,0,0,False,7,10,0,1,7,2,26,11,1,1,0
20230831-0430-37dd-ddff-1ed424056878_454bef8d-bb5c-49ea-b673-f07724079310_5分,24,65,2,2,8,9,7,3,0,0,0,2,6,frac+sup+sub+sqrt+env+textcircled,690,71,1,1,True,99,116,6,62,86,26,216,62,14,3,0
20230831-0430-37dd-ddff-1ed424056878_798201d1-cfc1-4066-abbf-9f8745d71cbe_1分,11,10,2,0,2,0,3,1,0,0,0,0,3,sup+sqrt+env,131,33,0,0,False,18,27,8,5,24,6,35,4,3,1,0
20230831-0430-37dd-ddff-1ed424056878_9c0730e9-96af-4272-824a-01a2a579f994_2分,5,5,1,0,3,0,0,0,0,0,0,0,1,sup,95,40,1,1,True,10,15,9,6,11,2,15,26,1,0,0
20230831-0430-37dd-ddff-1ed424056878_c57336f2-d4dc-43a2-a64c-e3f9d28db2df_5分,15,35,2,2,7,3,5,3,0,0,0,0,5,frac+sup+sub+sqrt+env,413,69,2,2,True,50,68,13,21,49,18,126,60,4,4,0
20230831-0430-37dd-ddff-1ed424056878_f737f28c-6a6c-465e-8560-404817211cd3_5分,6,7,1,0,3,0,1,0,0,0,0,0,2,sup+sqrt,92,26,0,0,False,18,20,5,3,19,2,21,1,3,0,0
20230903-0945-29e6-4d7c-bec327316269_00d3fd10-1351-47ad-8ce4-526a3227e509_9分,24,46,2,11,2,8,6,0,0,0,2,0,5,frac+sup+sub+sqrt+stackrel,632,78,2,2,True,221,47,3,36,67,6,170,73,9,0,0
20230903-0945-29e6-4d7c-bec327316269_37e63f3b-8b72-4124-9dac-728a72b38170_8分,29,19,2,3,2,1,8,0,0,0,1,0,5,frac+sup+sub+sqrt+stackrel,372,66,0,0,False,143,30,2,30,38,6,65,54,4,0,0
20230903-0945-29e6-4d7c-bec327316269_bcf6ad1f-9880-4d06-af84-b174c224f721_12分,33,23,2,2,1,0,7,3,0,0,4,0,5,frac+sup+sqrt+env+stackrel,462,74,1,1,True,193,27,0,38,43,8,98,46,4,5,0
20230903-0945-29e6-4d7c-bec327316269_cc987b76-c0a1-4e9c-9590-b2bc9c1a298e_3分,8,1,1,0,0,0,0,0,0,0,1,0,1,stackrel,69,25,0,0,False,33,0,0,7,7,0,5,16,1,0,0
20230912-0245-1398-cd8b-4e2c05304969_604c8c50-8c83-42e6-9ce9-b7ceaa808ad1_12分,23,26,2,6,4,0,8,0,0,0,0,0,3,frac+sup+sqrt,379,63,0,0,False,44,56,28,41,50,29,96,26,9,0,0
20230912-0245-1398-cd8b-4e2c05304969_80f532b4-05ab-480f-8bad-5f96e01c96b7_6分,44,54,3,7,12,3,15,1,0,0,0,0,5,frac+sup+sub+sqrt+env,644,78,0,0,False,93,161,6,36,107,20,183,32,5,1,0
20230912-0245-1398-cd8b-4e2c05304969_a171636e-772e-4314-b6db-742c89a8b666_2分,5,15,3,2,2,0,3,1,0,0,0,0,4,frac+sup+sqrt+env,140,45,0,0,False,13,22,5,7,11,10,56,13,2,1,0
20230912-0245-1398-cd8b-4e2c05304969_fb08316c-9f26-43df-bede-82bf42edd689_8分,31,45,3,7,13,0,7,3,0,0,0,0,4,frac+sup+sqrt+env,580,71,0,0,False,97,110,11,45,78,22,175,32,5,5,0
20230912-0245-3420-2125-55fe5c827388_35d3ce18-67c5-4e40-9d37-b86facb66c2f_3分,12,40,3,5,5,0,3,3,0,0,0,0,4,frac+sup+sqrt+env,416,66,3,3,True,35,77,4,11,39,14,166,60,6,4,0
20230912-0245-3420-2125-55fe5c827388_39df62da-3669-4e16-834a-4600156b5a1d_10分,8,20,2,0,3,3,5,0,0,0,0,0,3,sup+sub+sqrt,235,63,2,2,True,31,37,0,8,20,12,60,58,9,0,0
20230912-0245-3420-2125-55fe5c827388_a50c9304-a144-4b5a-b111-0f1d443a647b_10分,7,57,3,3,3,3,6,3,0,0,0,2,6,frac+sup+sub+sqrt+env+textcircled,467,51,1,1,True,36,89,5,13,51,24,228,9,5,7,0
20230912-0245-3420-2125-55fe5c827388_c74f1370-7f66-4eeb-a1d2-1556170704db_1分,9,21,3,4,0,0,6,2,0,0,0,0,3,frac+sqrt+env,185,30,0,0,False,22,33,6,4,24,2,89,1,2,2,0
20230912-0250-05fd-d06e-f6dc69741748_1246c1e7-54b6-4797-87bb-a64ff099d089_12分,24,35,2,8,10,3,0,1,0,0,0,0,4,frac+sup+sub+env,537,66,1,1,True,85,107,1,12,85,57,150,27,11,2,0
20230912-0250-05fd-d06e-f6dc69741748_1d10b9d3-0fb7-4260-b599-1af36e6e965b_2分,7,6,2,0,3,0,0,1,0,0,0,0,2,sup+env,141,50,1,1,True,22,23,0,5,22,14,28,22,3,2,0
20230912-0250-05fd-d06e-f6dc69741748_3f469e3f-1386-4200-a7a4-38f7d7775f05_5分,36,41,2,18,12,0,0,0,0,0,0,5,3,frac+sup+textcircled,641,76,1,1,True,87,123,0,15,94,64,169,82,7,0,0
20230912-0250-05fd-d06e-f6dc69741748_7a2c95e8-28f8-42ec-b2be-253044eeb765_12分,14,31,3,7,6,3,0,2,0,0,0,3,5,frac+sup+sub+env+textcircled,405,51,0,0,False,52,88,0,6,55,36,137,20,8,3,0
20230917-0538-1942-cd94-0c58e2411477_589d9eea-bc24-4f4a-81cd-2083ed339ccb_12分,19,57,3,9,11,6,0,0,0,0,0,0,3,frac+sup+sub,496,59,0,0,False,68,79,0,23,52,42,197,30,5,0,0
20230917-0538-1942-cd94-0c58e2411477_8a1c00af-7286-44c2-a760-495acbeec758_8分,16,59,3,10,9,9,0,0,0,0,0,0,3,frac+sup+sub,480,45,0,0,False,60,82,0,20,63,34,207,11,3,0,0
20230917-0538-1942-cd94-0c58e2411477_8fc27896-8dc1-40a9-91ac-4c9e6583541e_5分,5,14,2,2,2,1,0,0,0,0,0,0,3,frac+sup+sub,120,26,0,0,False,19,16,0,4,17,8,50,5,1,0,0
20230917-0538-1942-cd94-0c58e2411477_d043419d-a417-427f-8bc8-25e0a053ef02_12分,14,34,2,8,9,4,0,0,0,0,0,0,3,frac+sup+sub,350,57,0,0,False,52,47,0,13,37,34,124,38,5,0,0
20230924-0127-2334-8f24-59c13b970885_0a6d028b-0f86-4eaa-b277-71c4571b51c0_1分,2,4,2,1,1,0,0,0,0,0,0,0,2,frac+sup,60,23,0,0,False,14,3,0,2,11,8,16,5,1,0,0
20230924-0127-2334-8f24-59c13b970885_2b8b60c0-9db0-4c5d-875f-46f471da4f2b_10分,10,21,3,6,5,2,0,1,0,0,0,0,4,frac+sup+sub+env,298,65,5,2,True,38,36,0,17,25,26,91,50,13,2,0
20230924-0127-2334-8f24-59c13b970885_5ca6e4df-a48f-474e-b2f1-59b083b39071_7分,20,30,2,10,8,0,0,0,0,0,0,0,2,frac+sup,378,46,0,0,False,69,50,0,28,56,30,122,15,8,0,0
20230924-0127-2334-8f24-59c13b970885_6c8e5258-43cd-418d-8a35-53951b18349d_10分,8,20,3,5,5,0,0,1,0,0,0,0,3,frac+sup+env,252,49,0,0,False,34,34,0,15,26,28,86,22,5,2,0
20230924-1413-11b2-ff08-839a9d835523_30183b9a-023c-4048-9778-be841461dc39_3分,7,15,2,7,1,0,2,0,0,0,0,0,3,frac+sup+sqrt,159,29,0,0,False,13,28,7,10,17,12,69,1,2,0,0
20230924-1413-11b2-ff08-839a9d835523_8787a6ea-0a1d-4e75-a37f-630e7b6da80f_8分,17,49,3,17,0,3,4,1,0,0,0,0,4,frac+sub+sqrt+env,520,51,0,0,False,27,77,34,36,48,44,228,15,10,1,0
20230924-1413-11b2-ff08-839a9d835523_8c258664-693f-4484-b74e-b09e31bb2044_12分,19,44,2,17,1,0,5,0,0,0,0,0,3,frac+sup+sqrt,473,40,0,0,False,11,83,40,22,46,46,206,10,9,0,0
20230924-1413-11b2-ff08-839a9d835523_978231d7-b577-4509-ba7a-e14381df23c5_8分,20,51,2,16,4,2,8,0,0,0,0,0,4,frac+sup+sub+sqrt,496,42,0,0,False,24,98,28,28,47,38,217,8,8,0,0
20230925-0001-284c-7216-e4ecee732608_3b3ea2d4-e32e-4219-b2d6-46aeacc03563_11分,39,78,2,3,3,24,1,2,0,11,0,0,6,frac+sup+sub+sqrt+env+accent,750,76,0,0,False,100,124,7,46,51,38,282,58,42,2,0
20230925-0001-284c-7216-e4ecee732608_9c317004-3f3e-4f62-a1a3-ae05f3619b59_4分,8,37,1,0,0,8,0,0,0,0,0,0,1,sub,264,37,0,0,False,56,43,0,8,16,2,111,24,4,0,0
20230925-0001-284c-7216-e4ecee732608_bb455d02-251a-42f9-a120-dbccb7f00cae_10分,17,89,3,4,1,15,2,2,0,7,0,0,6,frac+sup+sub+sqrt+env+accent,880,73,1,1,True,105,166,0,38,55,64,329,54,65,4,0
20230925-0001-284c-7216-e4ecee732608_f5e29639-fadc-43a0-bccd-8ada38ab0b5a_10分,54,158,3,8,1,39,7,6,0,13,0,0,6,frac+sup+sub+sqrt+env+accent,1356,69,0,0,False,148,280,1,64,107,78,560,42,70,6,0
20230925-1310-3713-634c-9ceb32915374_47f61eed-6205-48d8-aabb-4152ffcd9cea_12分,39,23,2,5,15,1,0,0,0,0,0,0,3,frac+sup+sub,461,66,1,1,True,87,115,0,8,96,24,79,44,8,0,0
20230925-1310-3713-634c-9ceb32915374_5bfd986f-1be3-41d5-b675-72433734de4e_4分,6,2,1,2,0,0,0,0,0,0,0,0,1,frac,58,17,0,0,False,11,15,0,4,11,6,10,0,1,0,0
20230925-1310-3713-634c-9ceb32915374_5ea6df8c-8560-42ce-9cfd-853856f2668b_4分,7,0,0,0,0,0,0,0,0,0,0,0,0,,68,27,0,0,False,14,15,0,3,12,6,0,15,3,0,0
20230925-1310-3713-634c-9ceb32915374_643f7443-d838-4c00-a48e-c2f4746ac326_4分,18,3,1,1,0,2,0,0,0,0,0,0,2,frac+sub,136,22,0,0,False,24,45,0,5,35,10,11,3,3,0,0
20230925-1310-3713-634c-9ceb32915374_6e6ac957-04f7-480e-8436-53a41d78841f_6分,8,17,1,1,2,2,2,0,0,0,0,0,4,frac+sup+sub+sqrt,241,50,0,0,False,34,67,1,7,38,16,55,19,4,0,0
20230925-1310-3713-634c-9ceb32915374_701fa9d7-55c0-4c7e-a46f-85e84a7f6f68_6分,19,22,2,6,8,1,0,0,0,0,0,0,3,frac+sup+sub,390,68,3,2,True,68,61,0,17,56,24,88,69,7,0,0
20230925-1310-3713-634c-9ceb32915374_72a0a303-8316-4440-8100-c6583b51efde_4分,22,70,2,6,7,9,4,0,0,0,0,0,4,frac+sup+sub+sqrt,565,54,2,1,True,57,124,0,14,47,26,238,51,8,0,0
20230925-1310-3713-634c-9ceb32915374_a7c35943-6372-44de-8454-663748978961_2分,9,6,1,3,1,0,0,0,0,0,0,0,2,frac+sup,164,39,0,0,False,33,36,0,3,33,8,28,20,3,0,0
20230926-0321-2868-70bc-c3e9ad379167_386138a1-91b0-480d-8b6d-9b94336083fe_9分,24,91,2,21,0,1,7,0,0,0,0,0,3,frac+sub+sqrt,805,43,0,0,False,152,71,0,23,96,6,437,18,2,0,0
20230926-0321-2868-70bc-c3e9ad379167_4c2d8757-4e35-4897-bd7e-b178c2b14ef2_5分,18,47,2,10,0,1,4,2,0,0,0,0,4,frac+sub+sqrt+env,521,45,0,0,False,108,44,0,8,68,32,231,22,6,2,0
20230926-0321-2868-70bc-c3e9ad379167_8764c71b-54ef-40ef-a844-caa32d75fcf7_9分,23,86,2,21,0,0,8,0,0,0,0,0,2,frac+sqrt,756,42,0,0,False,131,72,0,3,86,12,414,35,3,0,0
20230926-0321-2868-70bc-c3e9ad379167_a0e55c5f-c8fa-4633-88b9-48d5793cba94_2分,5,15,1,4,0,0,0,0,0,0,0,0,1,frac,162,16,0,0,False,36,14,0,0,29,6,75,1,1,0,0
20230928-0706-101d-2d23-2fcd1b957952_2c99e457-fa46-4cfd-ac32-a23c9ec6bfde_8分,33,65,3,9,3,0,12,3,0,6,0,0,5,frac+sup+sqrt+env+accent,958,114,8,4,True,212,93,8,68,65,40,268,135,65,4,0
20230928-0706-101d-2d23-2fcd1b957952_39131571-da72-41a6-81a7-ce244f756311_2分,3,0,0,0,0,0,0,0,0,0,0,0,0,,34,20,0,0,False,16,1,0,2,3,2,0,8,2,0,0
20230928-0706-101d-2d23-2fcd1b957952_6144516d-4944-4287-b184-03f6e0bdab2d_8分,20,32,2,7,3,3,7,0,0,0,0,0,4,frac+sup+sub+sqrt,453,65,0,0,False,154,41,0,27,44,6,124,44,13,0,0
20230928-0706-101d-2d23-2fcd1b957952_ab1ef8dc-466d-4b52-b2d4-2047957aa5a1_8分,31,43,2,10,1,3,8,0,0,0,0,0,4,frac+sup+sub+sqrt,619,78,0,0,False,200,58,0,40,60,4,175,72,10,0,0
20231002-0409-56f6-b409-d13d52524918_14592208-e6a9-4c50-80b4-3800393d3397_10分,29,122,2,11,15,22,0,0,0,0,0,6,4,frac+sup+sub+textcircled,972,63,0,0,False,130,181,0,28,131,32,440,28,2,0,0
20231002-0409-56f6-b409-d13d52524918_42c2f627-92ac-4ccc-8306-524bf260bfa5_1分,9,45,1,0,7,7,0,0,0,0,0,3,3,sup+sub+textcircled,329,26,0,0,False,63,56,0,10,45,16,135,2,2,0,0
20231002-0409-56f6-b409-d13d52524918_48d4b601-51c1-4efb-bd99-3b5379e97467_6分,15,49,2,3,6,12,0,0,0,0,0,1,4,frac+sup+sub+textcircled,373,38,0,0,False,55,66,0,14,49,10,165,11,3,0,0
20231002-0409-56f6-b409-d13d52524918_585e5886-51f9-45ed-9aa0-51f0bdd4c1f0_9分,27,121,2,8,15,22,0,0,0,0,0,6,4,frac+sup+sub+textcircled,958,50,0,0,False,127,191,0,18,142,42,417,18,3,0,0
20231002-0409-56f6-b409-d13d52524918_7774aa73-0953-402f-a9e7-973d461f2057_8分,26,106,2,9,16,20,0,0,0,0,0,3,4,frac+sup+sub+textcircled,814,45,0,0,False,116,146,0,17,105,38,374,16,2,0,0
20231002-0409-56f6-b409-d13d52524918_7b83992d-d9d3-4e80-9c7a-38685add677f_10分,22,82,3,6,13,18,0,0,0,0,0,0,3,frac+sup+sub,638,39,0,0,False,102,115,0,14,95,20,284,8,0,0,0
20231002-0409-56f6-b409-d13d52524918_84f31227-a0eb-4296-90dc-cf6d5d078593_12分,29,106,2,8,14,23,0,0,0,0,0,8,4,frac+sup+sub+textcircled,902,59,2,1,True,114,170,0,27,107,76,366,40,2,0,0
20231002-0409-56f6-b409-d13d52524918_8cf8d4de-9b64-4417-9dca-0fd4d4d336d2_8分,21,96,2,9,12,16,0,1,0,0,0,5,5,frac+sup+sub+env+textcircled,772,61,0,0,False,102,145,0,21,103,18,339,34,9,1,0
20231005-0822-0843-e73c-78feab697903_0e8492fe-2f51-4c33-abfd-c8e0481993a2_8分,19,30,2,0,6,4,2,0,0,0,0,2,4,sup+sub+sqrt+textcircled,326,74,3,2,True,47,62,0,15,30,24,90,47,11,0,0
20231005-0822-0843-e73c-78feab697903_645289b7-c7e7-46d0-977d-aa2d7cf9930f_4分,15,36,2,3,8,4,7,0,0,0,0,0,4,frac+sup+sub+sqrt,333,64,2,1,True,43,59,0,23,31,20,114,36,7,0,0
20231005-0822-0843-e73c-78feab697903_8768ba30-f2cc-4f45-9cb0-e9fd529dcc6a_4分,22,84,2,6,8,10,3,1,0,0,0,4,6,frac+sup+sub+sqrt+env+textcircled,637,65,2,1,True,68,130,0,24,55,44,273,31,11,1,0
20231005-0822-0843-e73c-78feab697903_ab4bfd07-b59d-487e-918b-94b9f72dd4e1_12分,19,55,2,0,9,11,4,0,0,0,0,0,3,sup+sub+sqrt,476,74,3,2,True,69,88,0,29,47,22,165,45,11,0,0
20231011-0527-43a1-7adb-7d1efd377690_59960b6a-a187-4f3d-b9f8-a05171aec69d_12分,24,19,2,7,4,1,1,0,0,0,0,0,4,frac+sup+sub+sqrt,481,90,9,3,True,48,175,1,14,58,20,77,77,11,0,0
20231011-0527-43a1-7adb-7d1efd377690_61606850-c66a-4e82-acc3-08a44f86957a_2分,10,4,1,3,0,0,0,0,0,0,0,0,1,frac,159,42,0,0,False,15,59,0,8,19,12,20,23,3,0,0
20231011-0527-43a1-7adb-7d1efd377690_8d89f7bc-86a3-4cb6-9971-91186ea07998_5分,10,8,2,5,2,0,1,0,0,0,0,0,3,frac+sup+sqrt,186,47,2,2,True,15,76,0,7,18,8,36,24,2,0,0
20231011-0527-43a1-7adb-7d1efd377690_afe9c0f2-8396-4eb8-bdb3-1ac3f20ecde1_6分,23,15,2,7,3,1,2,0,0,0,0,0,4,frac+sup+sub+sqrt,492,68,2,1,True,48,243,0,14,66,16,63,38,4,0,0
20231011-0527-43a1-7adb-7d1efd377690_ba9131a3-e47c-46e8-8f72-f3fe70bad66e_6分,18,9,2,8,0,0,1,0,0,0,0,0,2,frac+sqrt,294,51,0,0,False,31,135,0,8,34,12,43,28,3,0,0
20231011-0527-43a1-7adb-7d1efd377690_e035e2ef-5f5c-4793-9801-182bfd3cf85b_9分,12,10,2,6,2,0,1,0,0,0,0,0,3,frac+sup+sqrt,271,74,2,1,True,27,87,1,11,34,20,44,42,5,0,0
20231011-0527-43a1-7adb-7d1efd377690_ed34f512-3172-46d5-83ba-b112cbf11332_9分,24,15,1,8,4,1,1,0,0,0,0,0,4,frac+sup+sub+sqrt,454,94,5,3,True,51,149,1,18,65,32,65,70,3,0,0
20231011-0527-43a1-7adb-7d1efd377690_f79c3969-0a37-423a-9b21-a4a57fe61c2a_3分,8,5,2,3,0,0,1,0,0,0,0,0,2,frac+sqrt,171,48,3,2,True,16,65,0,6,20,6,23,33,2,0,0
20231012-0444-57a3-1ada-7918f3305178_2f63f1d7-3752-404e-968a-81b81d20cbff_3分,8,11,1,0,1,7,0,0,0,0,0,0,2,sup+sub,134,28,0,0,False,54,12,0,7,12,0,33,16,0,0,0
20231012-0444-57a3-1ada-7918f3305178_32f6dcf7-e07e-466b-af46-532ff95a13b8_12分,48,152,3,10,2,30,20,6,0,11,0,0,6,frac+sup+sub+sqrt+env+accent,1356,109,2,1,True,210,206,21,51,97,50,571,97,44,9,0
20231012-0444-57a3-1ada-7918f3305178_a25ac8bb-b56f-45f4-88e7-ef245076f684_7分,31,94,2,6,2,19,15,2,0,8,0,0,6,frac+sup+sub+sqrt+env+accent,1108,95,0,0,False,186,167,22,72,98,62,346,91,60,4,0
20231012-0444-57a3-1ada-7918f3305178_c81f14d0-4c41-473b-b08a-87d6df0f62cf_12分,32,102,3,5,3,19,18,3,0,10,0,0,6,frac+sup+sub+sqrt+env+accent,989,84,0,0,False,135,158,18,53,70,60,381,65,46,3,0
20231016-0054-551b-17d1-34fa2a790459_1fee0761-64a8-40f4-bc80-6c357b71da50_8分,15,4,1,1,3,0,0,0,0,0,0,0,2,frac+sup,163,44,0,0,False,30,36,0,8,34,22,14,16,3,0,0
20231016-0054-551b-17d1-34fa2a790459_4c0f9d25-02a5-4e8f-acb5-b051e69847e4_7分,18,19,2,5,5,0,0,5,0,0,0,3,4,frac+sup+env+textcircled,388,58,0,0,False,51,79,2,26,66,32,92,26,7,7,0
20231016-0054-551b-17d1-34fa2a790459_603221ec-5f7d-4518-b842-57bec0ffc30e_6分,19,7,1,0,7,0,0,0,0,0,0,0,1,sup,301,68,0,0,False,53,59,0,14,52,28,21,67,7,0,0
20231016-0054-551b-17d1-34fa2a790459_89af856f-ddfa-4ae8-9dc3-491fa64c1625_2分,14,23,4,5,8,0,2,3,0,0,0,0,4,frac+sup+sqrt+env,302,43,0,0,False,47,51,0,7,50,28,100,13,3,3,0
20231016-0054-551b-17d1-34fa2a790459_91a063e6-8dc6-42bf-9b3b-e2bd099583e3_6分,7,8,2,1,4,0,0,2,0,0,0,0,3,frac+sup+env,136,44,0,0,False,18,25,1,3,20,10,38,15,3,3,0
20231016-0054-551b-17d1-34fa2a790459_9b9d588c-f7b2-47f7-ab11-5fcf29e18523_7分,27,17,1,4,5,0,1,1,0,0,0,5,5,frac+sup+sqrt+env+textcircled,281,49,0,0,False,42,70,1,11,60,18,64,12,2,1,0
20231016-0054-551b-17d1-34fa2a790459_9f73bb29-2539-4b08-bee8-b38cd32ea063_11分,39,31,2,12,7,2,0,2,0,0,0,3,5,frac+sup+sub+env+textcircled,500,58,0,0,False,67,111,0,29,97,32,131,31,0,2,0
20231016-0054-551b-17d1-34fa2a790459_e5cec842-3fbf-445e-a3d9-d153fab3fcd4_7分,7,9,1,0,3,1,0,2,0,0,0,0,3,sup+sub+env,199,51,0,0,False,34,33,0,7,31,18,44,25,4,3,0
20231017-0130-01b5-a24c-eefa96473598_1d7a2572-bb1f-4a60-bfa2-c848aff5fd3c_1分,12,12,2,2,0,1,0,2,0,4,0,0,4,frac+sub+env+accent,265,67,0,0,False,49,32,0,14,17,16,64,46,25,2,0
20231017-0130-01b5-a24c-eefa96473598_449c31db-1b5c-47f7-b368-20ffe4771a1d_7分,24,0,0,0,0,0,0,0,0,0,0,0,0,,354,47,0,0,False,185,4,0,26,37,8,0,74,20,0,0
20231017-0130-01b5-a24c-eefa96473598_4f9f8fd2-4871-40b1-80c3-d4612afe09bf_8分,9,0,0,0,0,0,0,0,0,0,0,0,0,,214,42,0,0,False,114,2,0,12,20,4,0,51,11,0,0
20231017-0130-01b5-a24c-eefa96473598_98841a3f-dd14-416c-8eb8-cbc365a72e56_6分,30,4,1,2,0,0,0,0,0,0,2,0,2,frac+stackrel,293,61,0,0,False,104,30,0,23,24,16,32,44,20,0,0
20231017-0130-01b5-a24c-eefa96473598_b0b7b3c3-c38e-4580-b938-f5270879bbdc_5分,14,7,1,1,0,0,0,0,0,0,3,0,2,frac+stackrel,493,53,0,0,False,237,7,0,48,47,6,35,109,4,0,0
20231017-0130-01b5-a24c-eefa96473598_d6ab895c-219b-458a-8021-9bf0e3b8e46f_5分,17,19,1,4,0,0,0,1,0,4,0,0,3,frac+env+accent,525,87,0,0,False,128,43,0,41,29,38,121,80,43,2,0
20231017-0130-01b5-a24c-eefa96473598_eae3d12c-b46d-458e-a932-81b663bd38d5_5分,9,7,1,2,0,0,0,0,0,0,3,0,2,frac+stackrel,167,42,0,0,False,56,8,0,12,13,4,35,33,6,0,0
20231017-0130-01b5-a24c-eefa96473598_f88758ca-0fb0-4347-9433-985b6c6a3a18_3分,28,0,0,0,0,0,0,0,0,0,0,0,0,,272,41,0,0,False,144,2,0,25,25,4,0,64,8,0,0
20231025-0110-57b2-5fd7-e64e8a782916_158041de-5d4c-4f26-8e00-6fd96f230801_4分,11,8,1,0,6,0,2,0,0,0,0,0,2,sup+sqrt,145,23,0,0,False,33,26,0,10,24,20,24,7,1,0,0
20231025-0110-57b2-5fd7-e64e8a782916_1e1487c7-9ffa-452c-8dca-2f6f5a509ae6_10分,15,23,1,0,12,0,2,1,0,0,0,0,3,sup+sqrt+env,426,40,0,0,False,116,65,0,10,82,44,79,23,3,4,0
20231025-0110-57b2-5fd7-e64e8a782916_a8f8f0aa-ccb0-48aa-bfc1-5c887d5d1f4f_8分,19,18,2,0,11,0,2,0,0,0,0,1,3,sup+sqrt+textcircled,336,30,0,0,False,79,66,0,8,71,48,54,7,3,0,0
20231025-0110-57b2-5fd7-e64e8a782916_ca1d9d06-c57a-47fd-8663-4518ec2c7b55_10分,15,21,1,0,11,0,4,1,0,0,0,0,3,sup+sqrt+env,329,35,0,0,False,73,54,0,13,59,40,73,12,1,4,0
20231025-0336-4028-0ac4-4f2bf6409251_007646ac-7b54-43e2-bf1c-012dc6033419_2分,4,10,2,1,1,0,3,0,0,0,0,1,4,frac+sup+sqrt+textcircled,90,31,0,0,False,15,19,0,8,10,4,32,1,1,0,0
20231025-0336-4028-0ac4-4f2bf6409251_15f189d5-c0c8-4cc6-b3d8-747dc7689dc5_6分,8,11,2,3,1,0,2,0,0,0,0,1,4,frac+sup+sqrt+textcircled,145,35,0,0,False,37,21,3,11,13,8,43,9,0,0,0
20231025-0336-4028-0ac4-4f2bf6409251_168c2fd3-6437-4d84-8879-65fb5d07329a_6分,15,26,2,3,3,0,8,0,0,0,0,2,4,frac+sup+sqrt+textcircled,278,43,0,0,False,69,43,3,15,31,8,84,12,13,0,0
20231025-0336-4028-0ac4-4f2bf6409251_2c96bd9d-bc8f-460a-8abd-c92c7157fe70_4分,15,39,3,7,3,0,4,0,0,0,0,2,4,frac+sup+sqrt+textcircled,390,46,2,2,True,83,55,7,40,32,4,155,13,1,0,0
20231025-0336-4028-0ac4-4f2bf6409251_35308f9a-0e9a-41fe-917f-8891e41d8564_10分,12,37,2,7,1,0,3,0,0,0,0,2,4,frac+sup+sqrt+textcircled,378,35,0,0,False,79,39,16,29,28,8,165,5,9,0,0
20231025-0336-4028-0ac4-4f2bf6409251_39942599-d8c9-41ee-a082-97fe379e939c_12分,8,10,2,3,1,0,2,0,0,0,0,1,4,frac+sup+sqrt+textcircled,130,33,0,0,False,42,19,1,9,18,4,36,1,0,0,0
20231025-0336-4028-0ac4-4f2bf6409251_c5e72bba-1ff3-4a12-8d74-0778d7077b67_12分,10,13,2,3,1,0,4,0,0,0,0,2,4,frac+sup+sqrt+textcircled,161,30,0,0,False,48,27,1,15,17,6,45,2,0,0,0
20231025-0336-4028-0ac4-4f2bf6409251_f58510da-e156-48d3-897a-74b6be900ff6_12分,8,11,2,3,1,0,2,0,0,0,0,2,4,frac+sup+sqrt+textcircled,112,28,0,0,False,33,16,0,8,10,4,39,1,1,0,0
20231026-0253-38b8-003b-ae1ecf959563_1e49c05f-a65f-4243-8251-c551ada132cb_6分,18,31,2,1,9,3,0,0,0,0,0,2,4,frac+sup+sub+textcircled,382,58,7,2,True,35,110,0,17,45,38,95,24,18,0,0
20231026-0253-38b8-003b-ae1ecf959563_242df9e8-2cc3-4dc3-8fc4-9346b4d99a17_5分,24,35,2,3,14,9,0,0,0,0,0,0,3,frac+sup+sub,589,52,4,1,True,17,200,0,17,100,82,113,24,36,0,0
20231026-0253-38b8-003b-ae1ecf959563_3b4ab821-f6c0-4f34-ae89-08f035d1b326_2分,6,2,1,0,1,1,0,0,0,0,0,0,2,sup+sub,89,35,2,1,True,4,41,0,2,11,8,6,14,3,0,0
20231026-0253-38b8-003b-ae1ecf959563_e487aea0-8ca0-45f8-9955-2d3c1ebe33bf_5分,22,24,2,3,10,6,0,0,0,0,0,0,3,frac+sup+sub,554,71,10,9,True,14,151,0,14,69,80,78,121,27,0,0
20231029-0503-5032-51e8-8827cf205680_30d0ec1a-50fb-4300-a586-0e1e57675014_8分,12,4,1,0,3,0,0,0,0,0,0,1,2,sup+textcircled,144,38,0,0,False,19,20,0,6,20,20,12,42,5,0,0
20231029-0503-5032-51e8-8827cf205680_874afe63-65b8-4290-9568-9c69298eba04_2分,33,67,1,2,12,14,0,0,0,0,0,1,4,frac+sup+sub+textcircled,629,58,2,1,True,100,113,0,25,79,50,209,43,10,0,0
20231029-0503-5032-51e8-8827cf205680_8a8562fa-fafa-4dc3-a2cb-9668d237c230_8分,8,10,1,2,3,0,0,0,0,0,0,3,3,frac+sup+textcircled,165,38,0,0,False,29,24,0,12,20,26,36,14,4,0,0
20231029-0503-5032-51e8-8827cf205680_8bbe5be7-6eac-4145-af34-59da898bfc54_6分,6,4,1,0,0,0,0,1,0,0,0,1,2,env+textcircled,110,33,0,0,False,12,20,0,9,16,16,27,4,3,3,0
20231029-0503-5032-51e8-8827cf205680_8f42a590-5b29-4739-af53-5c57ee0e6bbe_6分,34,9,1,1,4,1,0,0,0,0,0,3,4,frac+sup+sub+textcircled,280,73,1,1,True,47,31,0,19,31,39,29,78,6,0,0
20231029-0503-5032-51e8-8827cf205680_ab789f7f-5503-47e4-a9bb-8775e9da072e_3分,16,9,1,1,6,0,0,0,0,0,0,1,3,frac+sup+textcircled,237,55,0,0,False,48,34,0,14,31,28,29,45,8,0,0
20231029-0503-5032-51e8-8827cf205680_bdbd172b-1af0-4e7f-b836-b9cce01ad778_6分,11,11,1,2,3,0,0,1,0,0,0,3,4,frac+sup+env+textcircled,235,43,0,0,False,32,40,0,22,43,38,42,9,8,1,0
20231029-0503-5032-51e8-8827cf205680_f99a930d-f82c-4f49-9878-254213046a52_8分,13,13,1,2,6,1,0,0,0,0,0,3,4,frac+sup+sub+textcircled,256,61,0,0,False,40,32,0,13,37,26,43,57,8,0,0
20231030-0713-4336-5802-771f83764357_2a7e5271-da3a-4f75-b0ea-03c79ec16fd0_7分,16,35,2,16,0,0,0,0,0,0,0,0,1,frac,380,32,0,0,False,11,64,36,21,39,34,175,0,0,0,0
20231030-0713-4336-5802-771f83764357_3bd7a171-c84d-4e56-a96d-983cefaee109_4分,11,20,2,10,0,0,0,0,0,0,0,0,1,frac,244,37,0,0,False,11,35,22,17,25,28,100,6,0,0,0
20231030-0713-4336-5802-771f83764357_833eaa41-f901-4f1a-8d29-ef5eaee5d8d7_5分,10,29,2,10,0,1,0,0,0,0,0,0,2,frac+sub,322,40,0,0,False,12,43,31,23,31,32,143,6,1,0,0
20231030-0713-4336-5802-771f83764357_8b085afb-a9b7-45c2-b6e3-d238e66f844b_12分,17,39,2,16,0,0,0,0,0,0,0,0,1,frac,433,42,0,0,False,12,71,42,22,40,40,195,9,2,0,0
20231030-0713-4336-5802-771f83764357_b22c46ed-915c-46e2-bdba-5450bfd9787e_7分,27,48,2,24,0,0,0,1,0,0,0,0,2,frac+env,580,53,2,2,True,26,83,53,49,53,52,245,18,0,1,0
20231030-0713-4336-5802-771f83764357_b64201f2-50d9-4740-b026-220fefaf113c_11分,19,36,2,17,0,1,0,0,0,0,0,0,2,frac+sub,500,63,0,0,False,33,71,51,35,55,53,180,20,2,0,0
20231030-0713-4336-5802-771f83764357_cb8a520e-5098-40bc-bc79-6a0bc9baa7b8_4分,12,26,2,12,0,0,0,0,0,0,0,0,1,frac,335,39,1,1,True,13,59,37,19,37,34,130,5,1,0,0
20231030-0713-4336-5802-771f83764357_f65ecb54-4a84-4655-a512-fbfbccc29964_4分,7,12,1,7,0,0,0,0,0,0,0,0,1,frac,136,23,0,0,False,7,18,14,15,14,8,60,0,0,0,0
20231111-0334-45d3-339f-5d4aae988586_5e60982c-718c-4ad1-90b9-7473bf87d666_8分,18,27,2,8,4,2,7,2,0,0,0,0,5,frac+sup+sub+sqrt+env,360,84,4,2,True,45,61,0,11,38,24,111,59,9,2,0
20231111-0334-45d3-339f-5d4aae988586_901e8bf2-d1d6-4c56-8d23-d9599289a151_4分,31,49,2,14,9,9,5,0,0,0,0,0,4,frac+sup+sub+sqrt,504,74,1,1,True,48,99,0,17,45,18,183,90,4,0,0
20231111-0334-45d3-339f-5d4aae988586_aede076a-7fdc-4cf6-95c7-c6dc0fc7194a_4分,10,16,2,3,0,5,3,1,0,0,0,0,4,frac+sub+sqrt+env,157,35,0,0,False,28,23,0,3,13,10,59,14,6,1,0
20231111-0334-45d3-339f-5d4aae988586_e3944857-7208-4e51-9ad3-76eccf8a7c44_8分,24,53,3,14,7,8,6,4,0,0,0,4,6,frac+sup+sub+sqrt+env+textcircled,571,79,1,1,True,64,94,0,21,50,32,217,80,9,4,0
20231111-0340-0456-4348-ee2b0c818453_34c529c2-a722-4249-97b4-6d9d15a258fb_6分,7,13,2,5,0,0,1,0,0,0,0,0,2,frac+sqrt,141,29,0,0,False,24,16,0,4,18,6,63,9,1,0,0
20231111-0340-0456-4348-ee2b0c818453_4a472746-ebcd-4f3a-b01e-b08f3ff00b0c_5分,21,62,2,19,3,0,6,0,0,0,0,0,3,frac+sup+sqrt,622,26,0,0,False,100,81,0,23,96,22,292,4,4,0,0
20231111-0340-0456-4348-ee2b0c818453_6c14b751-3ebb-40aa-9da2-cd6e1af2eede_6分,15,29,2,11,1,0,4,0,0,0,0,0,3,frac+sup+sqrt,295,28,0,0,False,40,46,0,11,38,14,135,8,3,0,0
20231111-0340-0456-4348-ee2b0c818453_eb40a65c-33d2-4731-a6c4-66542e022910_7分,19,32,2,15,0,0,1,0,0,0,0,0,2,frac+sqrt,383,41,0,0,False,67,47,0,7,59,24,160,19,0,0,0
20231114-0147-09d6-3d33-b1e7ec699247_29dbb98a-a82e-49f4-8557-1a0f8ef6dd3c_1分,10,47,3,8,5,3,5,0,0,0,0,0,4,frac+sup+sub+sqrt,341,47,0,0,False,34,60,0,13,30,8,183,10,3,0,0
20231114-0147-09d6-3d33-b1e7ec699247_46a97626-4aff-4cb3-93e7-0f9d50c58866_5分,23,116,3,11,15,8,5,1,0,0,0,0,5,frac+sup+sub+sqrt+env,767,52,0,0,False,91,142,0,22,56,24,409,12,10,1,0
20231114-0147-09d6-3d33-b1e7ec699247_7cdc6df6-8948-4d0d-b8c7-68c4430885bf_4分,6,39,3,2,2,2,3,1,0,0,0,0,5,frac+sup+sub+sqrt+env,276,44,0,0,False,26,48,0,11,16,10,147,5,4,9,0
20231114-0147-09d6-3d33-b1e7ec699247_7ce547c7-dfa8-4385-8d37-ab96348633b9_12分,22,140,3,13,12,7,8,2,0,0,0,0,5,frac+sup+sub+sqrt+env,1058,76,0,0,False,122,195,1,25,95,39,508,56,15,2,0
20231114-0147-09d6-3d33-b1e7ec699247_a12a87c5-feba-4b0b-b01f-ee11342ee9e4_5分,16,208,3,8,12,12,3,3,0,0,0,2,6,frac+sup+sub+sqrt+env+textcircled,1427,61,0,0,False,168,252,0,49,116,48,762,14,10,8,0
20231114-0147-09d6-3d33-b1e7ec699247_b779d607-c80e-4b84-9234-418f5c849925_2分,5,10,2,1,1,0,4,0,0,0,0,0,3,frac+sup+sqrt,97,33,0,0,False,12,21,0,3,8,8,36,5,4,0,0
20231114-0147-09d6-3d33-b1e7ec699247_da83db98-7be0-4ec6-86b7-e5bb4babcc9b_5分,15,90,3,8,9,6,4,1,0,0,0,1,6,frac+sup+sub+sqrt+env+textcircled,568,51,0,0,False,59,105,0,13,38,16,321,11,4,1,0
20231114-0147-09d6-3d33-b1e7ec699247_e79a0f44-ef16-4ed5-b019-124d833b0406_5分,7,23,3,2,7,0,1,0,0,0,0,0,3,frac+sup+sqrt,161,29,0,0,False,13,37,0,6,14,2,87,1,1,0,0
20231119-0345-2894-6d5a-236859098761_482b3cec-33f9-4df1-8791-9bd2f0bbd5a3_12分,47,45,3,2,1,11,2,4,0,7,0,0,6,frac+sup+sub+sqrt+env+accent,686,80,1,1,True,174,74,1,56,60,28,175,79,35,4,0
20231119-0345-2894-6d5a-236859098761_70819bc0-83c3-44fa-94c0-10c6f0995e4a_12分,28,29,2,4,1,2,3,2,0,4,1,0,7,frac+sup+sub+sqrt+env+accent+stackrel,467,77,0,0,False,110,48,0,37,40,24,113,62,30,3,0
20231119-0345-2894-6d5a-236859098761_7b4d2214-8f62-4a4b-b814-ae889e8de213_3分,17,29,2,1,0,6,1,2,0,0,0,0,4,frac+sub+sqrt+env,410,70,1,1,True,85,65,0,14,38,30,107,43,26,2,0
20231119-0345-2894-6d5a-236859098761_96b3e53e-2534-4220-b84e-5b7f6c023eef_2分,7,0,0,0,0,0,0,0,0,0,0,0,0,,51,22,0,0,False,24,2,0,6,4,4,0,11,0,0,0
20231119-0345-2894-6d5a-236859098761_b7aa88df-211d-4aae-93fa-2809405a66b9_2分,10,4,2,0,1,0,1,0,0,0,0,0,2,sup+sqrt,111,38,2,1,True,43,7,0,14,12,0,12,20,3,0,0
20231119-0345-2894-6d5a-236859098761_c62d86ed-a8d2-4e34-92bc-e95f09bdc69a_7分,30,11,2,3,0,0,5,1,0,2,0,0,4,frac+sqrt+env+accent,356,81,2,1,True,86,41,2,32,35,20,48,68,23,1,0
20231119-0345-2894-6d5a-236859098761_eb5b666d-9e30-44f3-ba4a-0ae42fc84225_3分,9,1,1,0,1,0,0,0,0,0,0,0,1,sup,91,37,0,0,False,44,4,0,11,10,4,3,10,5,0,0
20231119-0345-2894-6d5a-236859098761_f2f34fd6-813f-4709-b0ac-19ccc51fcca6_12分,22,32,2,2,1,9,1,0,0,0,1,0,5,frac+sup+sub+sqrt+stackrel,473,64,0,0,False,114,70,1,29,39,28,122,40,30,0,0
20231120-0122-45d4-af92-a44d64336936_1b07962d-80c5-4453-a79d-17d52966bc46_5分,6,2,2,1,0,0,0,1,0,0,0,0,2,frac+env,97,31,0,0,False,22,13,0,6,14,20,13,7,1,1,0
20231120-0122-45d4-af92-a44d64336936_56237655-083a-4dc7-b8aa-361d5957618b_4分,15,12,2,2,6,0,0,1,0,0,0,0,3,frac+sup+env,331,49,2,2,True,84,40,0,8,58,64,45,29,2,1,0
20231120-0122-45d4-af92-a44d64336936_b34b3e7b-3c62-44b5-aa47-a134de071c38_12分,15,21,2,3,10,0,0,2,0,0,0,3,4,frac+sup+env+textcircled,352,36,1,1,True,83,46,0,8,65,51,84,11,1,3,0
20231120-0122-45d4-af92-a44d64336936_b684f285-e31a-4607-bada-7c1ad529fc4c_12分,11,16,2,3,6,0,0,1,0,0,0,3,4,frac+sup+env+textcircled,256,38,1,1,True,58,33,0,8,40,32,69,11,2,3,0
20231120-0125-3299-92bf-645c70198824_2991b79c-9bf1-4d30-80df-afd3c48db4e4_1分,20,50,3,1,0,7,5,2,0,3,0,0,5,frac+sub+sqrt+env+accent,643,69,0,0,False,105,106,0,22,52,46,200,61,47,4,0
20231120-0125-3299-92bf-645c70198824_424683d8-9414-4d7f-b02d-03556987962f_1分,37,45,2,7,0,5,9,4,0,13,0,0,5,frac+sub+sqrt+env+accent,684,63,0,0,False,114,114,1,35,73,44,207,47,42,7,0
20231120-0125-3299-92bf-645c70198824_57abca36-16c5-4969-959b-88e28cd24530_1分,5,0,0,0,0,0,0,0,0,0,0,0,0,,49,22,0,0,False,23,2,0,5,5,2,0,12,0,0,0
20231120-0125-3299-92bf-645c70198824_63c112aa-1085-4c6a-bc19-0bed4c63f7fe_1分,5,0,0,0,0,0,0,0,0,0,0,0,0,,51,25,0,0,False,22,2,0,6,5,2,0,14,0,0,0
20231120-0125-3299-92bf-645c70198824_650b5e20-830c-4714-98c0-ebd5bce995aa_1分,19,40,2,2,1,4,4,4,0,7,0,0,6,frac+sup+sub+sqrt+env+accent,558,78,0,0,False,106,77,0,33,48,28,174,51,34,7,0
20231120-0125-3299-92bf-645c70198824_902793ca-7f68-482a-adba-c61855ea4bdf_1分,8,0,0,0,0,0,0,0,0,0,0,0,0,,80,29,0,0,False,38,2,0,10,9,2,0,18,1,0,0
20231120-0125-3299-92bf-645c70198824_b4f5ef4d-0b1f-4411-a53b-999d0bbdcb0f_1分,30,107,2,4,4,9,18,3,0,10,0,0,6,frac+sup+sub+sqrt+env+accent,1098,87,0,0,False,163,188,1,65,111,55,403,55,50,7,0
20231120-0125-3299-92bf-645c70198824_ba504bd8-6a04-4863-9407-dc25cac065c0_3分,9,5,1,1,1,0,1,0,0,0,0,0,3,frac+sup+sqrt,107,32,0,0,False,41,11,0,11,12,2,17,10,3,0,0
20231121-1532-081b-3ee7-19645c758844_58e55ad3-9434-4475-ac05-5014010bebd1_11分,26,45,2,7,0,7,0,1,0,0,0,0,3,frac+sub+env,548,72,1,1,True,39,133,1,4,19,43,156,120,32,1,0
20231121-1532-081b-3ee7-19645c758844_aeea187f-ced9-4ebc-becf-93537459f60c_3分,4,3,1,3,0,0,0,0,0,0,0,0,1,frac,95,22,0,0,False,2,46,0,3,14,4,15,4,7,0,0
20231121-1532-081b-3ee7-19645c758844_d5157826-fea2-4537-84ca-c2464566e325_8分,17,75,1,2,0,7,0,0,0,0,0,0,2,frac+sub,591,51,0,0,False,80,123,0,6,9,68,231,49,25,0,0
20231121-1532-081b-3ee7-19645c758844_faece838-844f-4bdc-9fdc-63c9bd506943_4分,14,13,1,6,0,3,0,0,0,0,0,0,2,frac+sub,247,44,0,0,False,8,82,0,5,20,18,53,45,16,0,0
20231125-0932-0404-02aa-98949f775587_0c719598-1b5e-4bae-8a46-596dcba0de03_3分,7,6,1,0,0,0,3,0,0,0,0,0,1,sqrt,89,25,0,0,False,2,25,0,6,11,20,18,4,3,0,0
20231125-0932-0404-02aa-98949f775587_3165477b-a244-45e1-ac47-2a488192dd16_6分,19,51,2,8,8,9,2,0,0,0,0,0,4,frac+sup+sub+sqrt,497,54,0,0,False,51,87,0,33,46,64,183,25,8,0,0
20231125-0932-0404-02aa-98949f775587_7185bd5c-fe4a-4009-b90b-4a4659ccdf16_2分,19,35,2,13,5,0,3,0,0,0,0,0,3,frac+sup+sqrt,381,46,0,0,False,35,77,0,12,40,36,159,15,7,0,0
20231125-0932-0404-02aa-98949f775587_77be473a-e970-441e-af32-25944afc55c9_5分,12,17,1,7,0,1,2,0,0,0,0,0,3,frac+sub+sqrt,206,42,0,0,False,16,44,0,12,17,28,73,11,5,0,0
20231125-0932-0404-02aa-98949f775587_852417a3-9dca-49b2-b850-91749523c7f2_10分,28,44,2,15,1,0,8,0,0,0,0,0,3,frac+sup+sqrt,657,67,0,0,False,69,112,0,41,78,86,186,68,17,0,0
20231125-0932-0404-02aa-98949f775587_8bef04ac-4258-4d54-96b2-abab676089a0_12分,22,23,1,9,5,1,2,0,0,0,0,0,4,frac+sup+sub+sqrt,337,57,0,0,False,38,64,0,19,47,46,93,26,4,0,0
20231125-0932-0404-02aa-98949f775587_bb6a9666-857b-4648-9725-bd61f585f2d5_6分,12,23,2,5,8,1,2,0,0,0,0,0,4,frac+sup+sub+sqrt,282,42,0,0,False,33,49,0,13,32,42,87,23,3,0,0
20231125-0932-0404-02aa-98949f775587_eccbb98e-b8b7-4d0c-bbbf-9c77077687cc_8分,24,33,1,15,5,2,2,0,0,0,0,0,4,frac+sup+sub+sqrt,439,51,0,0,False,56,72,0,31,47,60,141,25,7,0,0
20231127-0122-061b-b107-75200c968235_220601ce-4fde-4aba-a800-9a9c936627b2_4分,3,4,1,0,2,1,0,0,0,0,0,0,2,sup+sub,42,20,0,0,False,4,8,5,4,4,2,12,1,2,0,0
20231127-0122-061b-b107-75200c968235_996eb6f0-4f8f-4642-89a2-e38680693ff0_6分,18,39,3,3,10,5,2,1,0,0,0,0,5,frac+sup+sub+sqrt+env,384,45,0,0,False,45,73,20,22,53,22,136,5,7,1,0
20231127-0122-061b-b107-75200c968235_ab29479b-1e12-4d1f-8309-2a63fb584b1d_6分,14,39,2,3,11,4,0,0,0,0,0,0,3,frac+sup+sub,324,28,0,0,False,39,59,12,29,39,20,125,1,0,0,0
20231127-0122-061b-b107-75200c968235_bdbc58fb-9b3c-47e2-b010-e11daec16f83_9分,23,59,3,4,11,8,1,1,0,0,0,0,5,frac+sup+sub+sqrt+env,512,43,0,0,False,49,101,29,40,63,20,202,4,3,1,0
20231127-0122-061b-b107-75200c968235_bf1249ca-0691-4976-a0b9-abc7bd056d58_6分,11,33,2,3,6,6,0,0,0,0,0,0,3,frac+sup+sub,288,40,0,0,False,33,51,14,25,28,18,109,5,5,0,0
20231127-0122-061b-b107-75200c968235_e3757368-01b7-4cfb-8fd8-3ec0cd766591_10分,23,62,3,6,12,12,1,1,0,0,0,0,5,frac+sup+sub+sqrt+env,527,45,0,0,False,49,98,34,38,63,24,209,7,4,1,0
20231127-0122-061b-b107-75200c968235_e6f3de28-7eab-43ac-866e-b89df80160a4_4分,28,83,2,6,16,12,5,1,0,0,0,0,5,frac+sup+sub+sqrt+env,710,42,0,0,False,68,138,31,86,79,30,270,3,4,1,0
20231127-0122-061b-b107-75200c968235_f6089c5a-04af-4c86-bd9e-2e2406886278_4分,12,15,1,0,5,3,0,0,0,0,0,0,2,sup+sub,208,33,0,0,False,28,38,19,22,27,17,45,4,8,0,0
20231128-1111-10be-c248-ab482b066221_31aeb41c-c862-42cc-9ca6-e9b2b0a69f97_8分,22,31,2,10,3,0,1,0,0,0,0,0,3,frac+sup+sqrt,443,58,0,0,False,92,38,15,50,56,14,145,29,4,0,0
20231128-1111-10be-c248-ab482b066221_38002b4c-85ce-4982-9996-e9ca7f33329b_4分,19,8,1,3,5,0,0,0,0,0,0,0,2,frac+sup,239,53,0,0,False,65,31,5,38,30,6,30,33,1,0,0
20231128-1111-10be-c248-ab482b066221_90a02e12-2926-4de9-8acb-65e18d26efaa_2分,17,98,3,7,10,0,1,1,0,0,0,0,4,frac+sup+sqrt+env,827,53,0,0,False,140,160,3,54,84,14,355,12,4,1,0
20231128-1111-10be-c248-ab482b066221_9c2e19b2-e940-4941-b112-35d391a4ae56_12分,22,27,2,8,8,0,1,0,0,0,0,0,3,frac+sup+sqrt,427,51,0,0,False,93,57,8,60,57,14,113,24,1,0,0
20231128-1111-10be-c248-ab482b066221_a104af22-1872-4304-92de-4f4582f237e8_3分,8,11,1,3,3,0,0,0,0,0,0,0,2,frac+sup,181,31,0,0,False,54,14,4,37,13,2,47,10,0,0,0
20231128-1111-10be-c248-ab482b066221_b79277fa-0cee-4ea5-9c6e-e6c172f683d8_4分,15,10,1,3,2,3,0,0,0,0,0,0,3,frac+sup+sub,187,41,0,0,False,76,12,2,24,20,0,38,14,1,0,0
20231128-1111-10be-c248-ab482b066221_cb52280e-4bb2-44e0-9381-fda9c67e5729_1分,7,8,2,1,5,0,1,0,0,0,0,0,3,frac+sup+sqrt,125,38,0,0,False,20,17,6,23,17,6,26,7,3,0,0
20231128-1111-10be-c248-ab482b066221_dff8f040-b03d-463a-bd34-702b928febc8_6分,20,17,2,6,7,0,0,0,0,0,0,0,2,frac+sup,280,43,0,0,False,76,40,1,38,32,4,63,25,1,0,0
20231130-0215-4167-97c3-36404b885771_14f20ecc-7203-4f8b-b15b-fdf7caa09e65_2分,2,6,2,2,2,0,0,0,0,0,0,0,2,frac+sup,69,20,0,0,False,10,9,0,1,11,8,22,7,1,0,0
20231130-0215-4167-97c3-36404b885771_1d6643c8-9214-4b0a-8fd7-6ebe80683a12_4分,18,23,2,5,6,0,0,2,0,0,0,0,3,frac+sup+env,357,61,0,0,False,56,48,0,9,51,34,93,62,2,2,0
20231130-0215-4167-97c3-36404b885771_7576361a-ba1a-4ce4-ac64-a9225f4ad2dd_12分,22,64,2,12,13,0,0,0,0,0,0,0,2,frac+sup,763,74,0,0,False,104,130,0,12,139,40,242,91,5,0,0
20231130-0215-4167-97c3-36404b885771_79a6ee4e-5120-4ef2-8819-352137372a6f_7分,10,16,3,3,4,0,0,0,0,0,0,0,2,frac+sup,234,66,0,0,False,34,25,0,11,27,16,62,57,2,0,0
20231205-0229-4877-9f8a-78fcb5217843_02e677cf-c28d-42ca-ba36-aa8a0ea7e1a5_10分,11,33,3,7,9,0,1,0,0,0,0,0,3,frac+sup+sqrt,325,55,6,3,True,32,60,0,4,33,28,115,47,6,0,0
20231205-0229-4877-9f8a-78fcb5217843_1df5f592-1bd6-4163-95d1-cdc5c574c8f1_10分,22,53,3,11,15,0,4,1,0,0,0,3,5,frac+sup+sqrt+env+textcircled,541,81,7,4,True,46,78,0,30,45,36,202,87,14,3,0
20231205-0229-4877-9f8a-78fcb5217843_4542b55a-d8c1-4fba-b6e0-17a5503e079b_10分,21,19,3,2,6,6,1,0,0,0,0,0,4,frac+sup+sub+sqrt,298,72,7,5,True,31,44,0,19,29,8,63,91,13,0,0
20231205-0229-4877-9f8a-78fcb5217843_49268585-2282-4fbe-9ce5-10985687e347_1分,3,2,1,0,2,0,0,0,0,0,0,0,1,sup,38,21,0,0,False,4,7,0,2,7,6,6,1,5,0,0
20231205-0229-4877-9f8a-78fcb5217843_8a6fa3c8-d652-40ed-bab9-bc1135c107f1_9分,17,35,3,8,12,0,4,0,0,0,0,0,3,frac+sup+sqrt,387,77,9,4,True,28,65,0,19,36,28,129,66,16,0,0
20231205-0229-4877-9f8a-78fcb5217843_c24a320e-b4a2-40b7-8bd7-7354ce3be8a8_8分,18,29,3,5,11,0,1,0,0,0,0,0,3,frac+sup+sqrt,373,68,7,3,True,32,58,0,28,42,36,99,65,13,0,0
20231205-0229-4877-9f8a-78fcb5217843_dec2b064-f462-4c88-ae3a-c3b74dd8191a_7分,19,30,3,8,9,0,1,0,0,0,0,0,3,frac+sup+sqrt,376,76,12,5,True,28,56,0,12,26,18,118,109,9,0,0
20231205-0229-4877-9f8a-78fcb5217843_f7356da7-a27c-4505-b003-5506f22d2acc_4分,6,8,1,0,3,0,0,0,0,0,0,0,1,sup,102,36,0,0,False,4,24,0,4,15,8,24,17,6,0,0
20231205-1501-347c-f51f-da815a961649_16e23dda-561e-43a3-9fbf-cf1944f38123_10分,26,39,3,10,5,1,8,1,0,0,0,0,5,frac+sup+sub+sqrt+env,472,80,2,2,True,49,68,30,43,42,12,152,68,7,1,0
20231205-1501-347c-f51f-da815a961649_80568a46-4a79-4b09-a9ae-17d172c57bb0_5分,13,23,3,5,4,0,7,0,0,0,0,0,3,frac+sup+sqrt,252,58,1,1,True,24,36,13,17,27,6,83,40,6,0,0
20231205-1501-347c-f51f-da815a961649_88c6b0b0-82ec-49df-b8fb-fa2645ffb258_4分,8,16,2,2,4,0,2,1,0,0,0,0,4,frac+sup+sqrt+env,165,49,0,0,False,10,24,9,11,11,6,61,30,2,1,0
20231205-1501-347c-f51f-da815a961649_8aaad209-e98c-4262-902b-b63bb0ea2d21_7分,26,31,2,6,6,1,5,1,0,0,0,0,5,frac+sup+sub+sqrt+env,361,72,0,0,False,49,56,16,31,39,12,116,34,7,1,0
20231205-1501-347c-f51f-da815a961649_92430c7f-0f29-4bb5-8a55-4e2ccaba1f05_7分,25,72,2,13,9,3,10,1,0,0,0,2,6,frac+sup+sub+sqrt+env+textcircled,614,76,0,0,False,52,103,25,46,57,16,280,28,5,2,0
20231205-1501-347c-f51f-da815a961649_c01bdde4-68bd-47e8-8019-94443859911b_8分,17,46,3,10,4,1,4,2,0,0,0,0,5,frac+sup+sub+sqrt+env,534,85,1,1,True,43,69,42,40,46,30,196,57,9,2,0
20231205-1501-347c-f51f-da815a961649_c5ecebbf-1e44-440c-b7b5-d26fa77ef386_8分,24,35,3,10,5,1,7,0,0,0,0,0,4,frac+sup+sub+sqrt,427,77,1,1,True,41,65,30,37,51,16,137,44,6,0,0
20231205-1501-347c-f51f-da815a961649_fc3af743-7a39-483c-adf7-467db9ee9e32_5分,15,25,4,6,2,2,8,1,0,0,0,0,5,frac+sup+sub+sqrt+env,239,49,0,0,False,26,41,17,14,29,4,92,8,7,1,0
20231207-0644-316b-2102-5e6504528643_090185f2-7651-4903-a42c-e553b4375b49_10分,18,23,1,0,6,8,0,0,0,0,0,0,2,sup+sub,275,35,0,0,False,48,66,0,11,49,24,69,8,0,0,0
20231207-0644-316b-2102-5e6504528643_469e1182-884d-47f5-88d0-11a5794ab8a3_4分,18,34,2,1,4,11,1,0,0,0,0,0,4,frac+sup+sub+sqrt,352,61,0,0,False,59,52,0,10,37,28,106,46,14,0,0
20231207-0644-316b-2102-5e6504528643_5f5a7330-5516-4105-8a99-9590189d44aa_4分,9,24,2,2,0,8,0,0,0,0,0,0,2,frac+sub,186,29,0,0,False,36,23,0,6,14,16,80,7,4,0,0
20231207-0644-316b-2102-5e6504528643_82a383dc-604d-48ce-a9a4-118424942435_7分,32,47,1,2,10,14,0,0,0,0,0,3,4,frac+sup+sub+textcircled,420,49,1,1,True,75,77,0,3,55,18,145,41,6,0,0
20231207-0644-316b-2102-5e6504528643_8691f9ca-d92b-4e65-961d-e62508ea8a85_10分,20,30,2,3,2,10,0,0,0,0,0,0,3,frac+sup+sub,313,57,0,0,False,55,43,0,7,30,20,100,47,11,0,0
20231207-0644-316b-2102-5e6504528643_9ec61260-8ed9-4e26-bc85-a8ce0c700873_10分,10,14,1,1,5,5,0,0,0,0,0,0,3,frac+sup+sub,163,28,0,0,False,30,35,0,1,29,16,46,4,2,0,0
20231207-0644-316b-2102-5e6504528643_c1b0e7fa-a00d-40b2-b6ff-fe1514dce3bc_4分,15,36,3,2,5,8,0,0,0,0,0,0,3,frac+sup+sub,359,48,0,0,False,68,57,0,6,40,26,118,35,9,0,0
20231207-0644-316b-2102-5e6504528643_c2564c53-39e4-4d67-83a0-145ec3f65a99_1分,5,5,1,0,0,3,0,0,0,0,0,0,1,sub,74,31,1,1,True,11,13,0,3,8,10,15,12,2,0,0
20231208-0742-371e-4285-1bfda0264246_252142bb-f102-47d9-a81f-4452a89ef7f5_12分,35,87,2,12,3,23,12,0,0,0,1,0,5,frac+sup+sub+sqrt+stackrel,696,67,0,0,False,142,107,0,26,55,4,309,49,4,0,0
20231208-0742-371e-4285-1bfda0264246_30c16071-36ef-49d5-8fb8-2382ec889214_5分,7,9,1,0,0,6,0,0,0,0,0,0,1,sub,102,28,0,0,False,32,10,0,5,4,2,27,19,3,0,0
20231208-0742-371e-4285-1bfda0264246_414b8410-0b0c-4def-9a78-3be72e583612_1分,8,26,3,1,2,7,3,0,0,0,0,0,4,frac+sup+sub+sqrt,217,48,0,0,False,48,29,0,6,15,12,82,20,5,0,0
20231208-0742-371e-4285-1bfda0264246_b5647faa-e0fb-41dd-9071-4c8f47719688_2分,8,22,1,0,0,8,0,0,0,0,0,0,1,sub,167,33,0,0,False,42,23,0,7,10,2,66,16,1,0,0
20231208-0742-371e-4285-1bfda0264246_c6d4e98b-248f-46ad-804f-4eaf7c5dc65e_8分,26,44,2,1,1,21,4,0,0,0,1,0,5,frac+sup+sub+sqrt+stackrel,423,59,0,0,False,116,48,0,28,26,4,138,59,4,0,0
20231208-0742-371e-4285-1bfda0264246_d53a590e-9891-48df-a1cd-15581766ce02_12分,41,107,3,16,2,25,16,0,0,0,1,0,5,frac+sup+sub+sqrt+stackrel,861,60,0,0,False,150,149,0,43,73,4,393,43,6,0,0
20231208-0742-371e-4285-1bfda0264246_ebe35573-7075-4f3c-bf2c-372715a4023f_2分,15,51,2,4,0,10,4,0,0,0,0,0,3,frac+sub+sqrt,405,47,0,0,False,78,61,0,12,39,4,185,22,4,0,0
20231208-0742-371e-4285-1bfda0264246_fe99a8b8-122a-4a22-8770-e514c3e6eb9f_10分,34,87,2,12,1,24,10,0,0,0,1,0,5,frac+sup+sub+sqrt+stackrel,740,68,0,0,False,150,123,0,22,63,4,313,53,12,0,0
20231212-1120-210a-5156-527b68800424_151790c4-8af3-4714-aa3b-449d5cfba710_12分,26,51,2,10,11,4,0,2,0,0,0,0,4,frac+sup+sub+env,679,54,0,0,False,105,145,0,8,113,91,193,18,4,2,0
20231212-1120-210a-5156-527b68800424_2f6f8c40-3cdd-4a0b-a112-0604a25e362f_8分,22,133,3,8,13,13,0,5,0,0,0,0,4,frac+sup+sub+env,980,75,0,0,False,109,205,2,20,81,39,458,51,10,5,0
20231212-1120-210a-5156-527b68800424_3c6615ee-82e5-46bb-a31e-aac81c6ac50f_7分,22,100,2,8,8,14,0,1,0,0,0,0,4,frac+sup+sub+env,783,59,1,1,True,122,153,0,2,85,44,335,30,11,1,0
20231212-1120-210a-5156-527b68800424_40050076-ac44-403f-91eb-0be15e1a85b5_1分,7,36,3,5,3,3,0,1,0,0,0,0,4,frac+sup+sub+env,253,37,0,0,False,36,32,0,3,18,6,142,9,4,3,0
20231212-1120-210a-5156-527b68800424_85dc4731-c570-4f7a-b67a-e93f78cb2270_1分,8,20,2,4,5,1,0,0,0,0,0,0,3,frac+sup+sub,176,35,0,0,False,19,38,0,0,18,8,78,10,5,0,0
20231212-1120-210a-5156-527b68800424_a6e02a11-81d3-4d7f-add0-484131b57363_12分,29,67,2,10,13,2,0,0,0,0,0,0,3,frac+sup+sub,655,63,2,1,True,88,104,0,37,69,42,247,58,10,0,0
20231212-1120-210a-5156-527b68800424_aba655f7-25f4-42e8-98d7-b84d36f5ef0d_12分,21,62,3,11,8,4,0,2,0,0,0,0,4,frac+sup+sub+env,687,65,0,0,False,104,141,0,5,94,44,251,35,10,3,0
20231212-1120-210a-5156-527b68800424_bb63e902-1eba-4628-ac22-cce104b87331_6分,16,53,3,6,9,5,0,3,0,0,0,0,4,frac+sup+sub+env,487,63,0,0,False,70,96,0,1,57,20,198,35,5,5,0
20231218-0741-365d-de78-625e63118266_0c7eb6d2-004f-480a-b406-0024fa39a830_8分,24,41,2,8,15,4,0,2,0,0,0,2,5,frac+sup+sub+env+textcircled,458,62,0,0,False,60,68,0,28,47,28,167,49,7,4,0
20231218-0741-365d-de78-625e63118266_2a3c03e5-b062-4c77-8323-f5c337f1fa1a_12分,21,22,1,7,5,6,0,0,0,0,0,2,4,frac+sup+sub+textcircled,267,48,0,0,False,35,53,0,15,34,18,80,30,2,0,0
20231218-0741-365d-de78-625e63118266_559b10bb-d268-43e9-852d-42d29dec9926_4分,6,7,1,1,3,1,0,0,0,0,0,0,3,frac+sup+sub,73,25,0,0,False,11,13,0,7,7,10,23,1,1,0,0
20231218-0741-365d-de78-625e63118266_b35ab7d0-adfd-463b-84d3-fee6bceb6502_12分,30,27,2,9,10,0,0,2,0,0,0,2,4,frac+sup+env+textcircled,377,60,5,3,True,45,62,0,18,47,26,113,53,11,2,0
20231225-0234-4027-9b95-636a76761139_363f13d2-ca69-46ed-8259-ebe0d40cb2cd_1分,35,52,2,4,2,7,7,2,0,11,0,0,6,frac+sup+sub+sqrt+env+accent,574,76,0,0,False,110,69,0,23,46,28,186,84,26,2,0
20231225-0234-4027-9b95-636a76761139_536f3811-63e4-47f4-b98c-1ae9af4070d9_8分,10,22,3,3,0,3,0,2,0,2,0,0,4,frac+sub+env+accent,455,65,0,0,False,91,73,0,19,36,32,114,48,38,4,0
20231225-0234-4027-9b95-636a76761139_54999db4-b885-4621-91ff-827184f76fe1_12分,26,20,2,3,1,0,1,2,0,7,0,0,5,frac+sup+sqrt+env+accent,580,84,0,0,False,133,84,0,27,55,42,96,83,58,2,0
20231225-0234-4027-9b95-636a76761139_ce406b69-2b2e-4b3d-a24e-6a5f896d14e3_6分,5,6,2,3,1,0,1,0,0,0,0,0,3,frac+sup+sqrt,100,38,0,0,False,6,19,0,4,6,10,28,18,9,0,0
20231225-0641-0984-ef8e-291ed5375413_34c4305a-ce59-4464-a6a3-ce20493c109e_2分,10,10,1,5,0,0,0,0,0,0,0,3,2,frac+textcircled,181,38,0,0,False,24,37,0,17,33,10,44,13,3,0,0
20231225-0641-0984-ef8e-291ed5375413_6c02740d-9f68-4fe6-b6ae-b3fe7d80dbcc_3分,9,26,3,3,4,3,4,1,0,0,0,0,5,frac+sup+sub+sqrt+env,203,33,0,0,False,19,37,7,6,22,8,97,2,4,1,0
20231225-0641-0984-ef8e-291ed5375413_7e7ca6d7-e162-43ab-82cf-6d0d2966b6d8_6分,12,61,3,4,7,6,3,2,0,0,0,2,6,frac+sup+sub+sqrt+env+textcircled,444,51,0,0,False,49,83,8,14,40,18,211,10,9,2,0
20231225-0641-0984-ef8e-291ed5375413_b9c8883c-72c9-455e-b63a-b2e7673f3bfb_7分,24,60,3,9,8,10,4,1,0,0,0,0,5,frac+sup+sub+sqrt+env,523,56,0,0,False,48,91,38,48,46,20,211,13,7,1,0
20231225-0641-0984-ef8e-291ed5375413_c7130e10-add2-4cd5-80f8-4dca4cb9ed5d_7分,25,86,2,7,8,13,4,4,0,0,0,0,5,frac+sup+sub+sqrt+env,657,56,1,1,True,32,100,63,68,49,18,294,19,10,4,0
20231225-0641-0984-ef8e-291ed5375413_d4ba69de-f51b-4d32-85ea-39ee07254f29_10分,17,31,2,10,0,0,0,3,0,0,0,6,3,frac+env+textcircled,712,71,1,1,True,113,105,1,34,108,61,156,100,28,6,0
20231225-0641-0984-ef8e-291ed5375413_dfef6b2e-cc2a-4faf-bef2-98175992e7c3_8分,8,15,1,4,2,4,1,0,0,0,0,0,4,frac+sup+sub+sqrt,156,42,0,0,False,16,29,8,13,18,4,53,10,5,0,0
20231225-0641-0984-ef8e-291ed5375413_f2c8d755-7dab-4421-91a2-dd0736e38b64_5分,24,77,3,10,11,6,6,3,0,0,0,0,5,frac+sup+sub+sqrt+env,611,54,0,0,False,72,111,16,19,72,26,274,11,6,4,0
20231225-1132-338e-913e-9b5dc1007485_031b3856-d37f-4024-b072-3a6c2d4f74cd_1分,14,3,1,0,1,0,0,1,0,0,0,0,2,sup+env,240,54,0,0,False,43,46,0,15,55,32,19,18,8,4,0
20231225-1132-338e-913e-9b5dc1007485_0fc96510-1017-4359-9737-27f34e6fa8a3_2分,10,6,1,0,3,0,0,1,0,0,0,0,2,sup+env,216,39,0,0,False,51,34,0,10,50,20,28,17,2,4,0
20231225-1132-338e-913e-9b5dc1007485_3aa761b0-91f0-4e62-89c5-1be4ac1eb410_7分,16,9,1,1,6,0,0,1,0,0,0,0,3,frac+sup+env,281,62,0,0,False,64,45,0,8,55,30,34,36,7,2,0
20231225-1132-338e-913e-9b5dc1007485_8d00f389-f4e3-4717-8df4-64a226ab7bcf_7分,25,12,1,0,7,0,0,2,0,0,0,0,2,sup+env,494,71,0,0,False,83,93,0,29,102,70,51,50,11,5,0
20231225-2354-0128-3f45-dd26ef682175_0e75d780-107b-4a34-a677-081f1b5852b0_4分,7,0,0,0,0,0,0,0,0,0,0,0,0,,79,26,0,0,False,14,12,0,9,18,14,0,11,1,0,0
20231225-2354-0128-3f45-dd26ef682175_35ad9cb7-8532-4fbf-a118-ed09a91642ab_8分,20,8,2,1,1,1,3,1,0,0,0,0,5,frac+sup+sub+sqrt+env,305,61,0,0,False,40,46,0,26,45,56,33,54,4,1,0
20231225-2354-0128-3f45-dd26ef682175_65e44016-2e75-4dbd-807a-86d5554f86cd_5分,4,1,1,0,0,0,0,1,0,0,0,0,1,env,57,30,0,0,False,7,10,0,1,8,10,8,10,2,1,0
20231225-2354-0128-3f45-dd26ef682175_6aa62668-a958-4766-8ab7-59669046aebf_6分,14,4,1,2,0,0,0,1,0,0,0,0,2,frac+env,208,40,0,0,False,34,36,0,19,42,28,23,17,8,1,0
20231225-2354-0128-3f45-dd26ef682175_8783164a-f5d2-454c-96db-aa362f100aa4_4分,22,19,1,1,9,1,3,2,0,0,0,0,5,frac+sup+sub+sqrt+env,325,53,2,2,True,49,52,0,12,62,44,69,31,4,2,0
20231225-2354-0128-3f45-dd26ef682175_9e4ba4f9-1bd1-4d52-8b43-4f1a98061c7d_4分,15,7,1,0,0,2,0,0,0,0,0,3,2,sub+textcircled,171,30,0,0,False,31,26,0,15,29,32,21,16,1,0,0
20231225-2354-0128-3f45-dd26ef682175_a42e729e-e0c7-45fe-a197-d25f6320f389_6分,25,10,2,8,0,0,0,1,0,0,0,0,2,frac+env,366,48,0,0,False,54,65,0,29,72,64,53,24,3,2,0
20231225-2354-0128-3f45-dd26ef682175_b1a5fafe-7fa1-4b47-b1ee-02da12879429_2分,11,0,0,0,0,0,0,0,0,0,0,0,0,,172,37,0,0,False,31,21,0,19,35,44,0,19,3,0,0
20231226-1051-189b-f0f0-a4e5bb351310_22e41647-bb49-4fe3-9a85-57d5d49c3eaf_1分,6,23,2,2,1,6,0,0,0,0,0,0,3,frac+sup+sub,197,40,0,0,False,37,23,0,6,16,10,73,30,2,0,0
20231226-1051-189b-f0f0-a4e5bb351310_281eaa7f-de18-4db8-91fb-7b38a2a8b98c_10分,23,137,2,14,16,15,0,0,0,0,0,6,4,frac+sup+sub+textcircled,1137,51,1,1,True,125,208,0,12,132,124,513,20,3,0,0
20231226-1051-189b-f0f0-a4e5bb351310_5e4be1b5-3abc-46a4-954e-3050daa1a404_10分,21,103,2,12,13,20,0,0,0,0,0,6,4,frac+sup+sub+textcircled,778,53,0,0,False,105,142,2,19,97,18,369,23,3,0,0
20231226-1051-189b-f0f0-a4e5bb351310_5faf5a4e-21b9-44fa-a964-197aac1b86be_12分,23,97,2,13,12,19,0,0,0,0,0,3,4,frac+sup+sub+textcircled,810,67,0,0,False,90,145,5,24,102,40,365,32,7,0,0
20231226-1051-189b-f0f0-a4e5bb351310_5fdf4770-b64c-4f51-bd17-88ee05efdeeb_12分,23,99,2,15,14,17,0,0,0,0,0,6,4,frac+sup+sub+textcircled,848,50,0,0,False,94,169,2,18,108,42,379,30,6,0,0
20231226-1051-189b-f0f0-a4e5bb351310_7dd6ffec-7906-40cb-8329-9d88cc96377f_4分,15,79,2,6,6,14,0,0,0,0,0,3,4,frac+sup+sub+textcircled,586,41,0,0,False,78,104,0,15,85,10,279,14,1,0,0
20231226-1051-189b-f0f0-a4e5bb351310_8f3c7fc2-6a38-49cf-af2c-bddfee9405f4_1分,7,13,1,1,0,6,0,0,0,0,0,0,2,frac+sub,109,23,0,0,False,20,22,0,1,15,4,41,5,1,0,0
20231226-1051-189b-f0f0-a4e5bb351310_f2ca9c71-13cd-4c75-8c24-33827e5339ad_4分,9,23,2,1,1,9,0,0,0,0,0,0,3,frac+sup+sub,219,42,0,0,False,41,34,0,4,29,6,71,29,5,0,0
20231227-0150-137b-bd60-513cf3771089_583c5098-eba4-4be4-8dc6-3d7c9f2c6c5c_4分,7,25,1,3,3,6,0,0,0,0,0,0,3,frac+sup+sub,209,37,0,0,False,30,29,0,7,19,18,85,17,4,0,0
20231227-0150-137b-bd60-513cf3771089_9b08531c-eca0-4453-bea9-7d329bc01ba1_4分,21,53,2,7,5,13,0,0,0,0,0,0,3,frac+sup+sub,511,54,0,0,False,61,112,0,14,78,22,195,27,2,0,0
20231227-0150-137b-bd60-513cf3771089_9b1205a0-75f4-4e6d-94e5-7617d50e7208_12分,20,59,2,4,6,19,0,0,0,0,0,3,4,frac+sup+sub+textcircled,497,61,0,0,False,89,88,0,10,63,24,185,38,0,0,0
20231227-0150-137b-bd60-513cf3771089_b5eb9fab-a40f-46f7-9c97-fe3d70d81df6_1分,3,18,1,3,3,3,0,0,0,0,0,0,3,frac+sup+sub,132,24,0,0,False,22,20,0,0,15,8,60,5,2,0,0
20231227-0150-137b-bd60-513cf3771089_c037b384-fc41-4c3d-a63a-a74f64b8f234_3分,8,37,2,4,4,6,0,1,0,0,0,0,4,frac+sup+sub+env,300,46,0,0,False,39,50,0,4,30,14,138,22,2,1,0
20231227-0150-137b-bd60-513cf3771089_d134f856-0b30-4bfd-b098-eb2144400ecb_6分,20,48,2,6,7,14,0,0,0,0,0,0,3,frac+sup+sub,402,46,0,0,False,73,70,0,1,51,24,158,22,3,0,0
20231227-0150-137b-bd60-513cf3771089_d189c302-a805-48a4-96bc-e056ecd215d8_3分,22,71,2,6,6,20,0,1,0,0,0,0,4,frac+sup+sub+env,655,68,0,0,False,102,114,0,19,96,36,236,46,5,1,0
20231227-0150-137b-bd60-513cf3771089_d6720e93-5121-4195-8239-08c6ee129016_5分,15,59,1,11,4,11,0,0,0,0,0,0,3,frac+sup+sub,463,41,0,0,False,68,76,0,6,52,26,217,16,2,0,0
20231227-0748-102b-34dd-f08402366800_20b5c14b-bc0d-4c1b-9b3d-5bad2e22ba13_8分,17,70,2,3,2,16,7,0,0,0,0,0,4,frac+sup+sub+sqrt,529,60,1,1,True,119,86,0,17,42,4,218,40,3,0,0
20231227-0748-102b-34dd-f08402366800_65acd126-a7d4-477e-8dd8-d227bdea453e_4分,6,10,1,0,0,4,1,0,0,0,0,0,2,sub+sqrt,128,36,0,0,False,43,14,0,6,11,2,30,17,5,0,0
20231227-0748-102b-34dd-f08402366800_6de37041-4673-48ac-a7a5-056cd404c3ce_12分,16,34,2,2,2,12,4,0,0,0,0,0,4,frac+sup+sub+sqrt,269,32,0,0,False,68,45,0,9,30,4,108,5,0,0,0
20231227-0748-102b-34dd-f08402366800_85d46503-5808-49f6-ad3e-d2ab257a787f_12分,16,52,2,2,2,9,9,0,0,0,0,0,4,frac+sup+sub+sqrt,473,59,0,0,False,126,76,0,20,45,14,160,29,3,0,0
20231227-0748-102b-34dd-f08402366800_bb36e556-5afc-41fd-8b34-dab454ba8ec6_6分,8,4,1,0,0,4,0,0,0,0,0,0,1,sub,90,32,0,0,False,40,6,0,6,10,0,12,14,2,0,0
20231227-0748-102b-34dd-f08402366800_be595183-4b6c-4bbe-b111-8c92e848146e_12分,18,53,2,2,3,15,5,0,0,0,0,0,4,frac+sup+sub+sqrt,446,59,0,0,False,111,73,0,27,37,6,163,27,2,0,0
20231227-0748-102b-34dd-f08402366800_dcac46e2-129c-470c-965d-aea1919d9f48_4分,9,14,1,0,0,8,0,0,0,0,0,0,1,sub,145,34,0,0,False,44,16,0,12,8,4,42,19,0,0,0
20231227-0748-102b-34dd-f08402366800_f744a3ae-7e85-450c-b933-947cabcedd30_8分,26,111,2,6,6,21,4,0,0,0,0,2,5,frac+sup+sub+sqrt+textcircled,841,59,0,0,False,179,142,0,21,79,10,361,40,9,0,0
20231229-0319-17b6-1c26-6d4fd0686454_2defc94f-dddf-496f-a0df-6c70f103d395_6分,7,5,2,2,2,0,0,0,0,0,0,0,2,frac+sup,113,24,0,0,False,27,7,0,9,18,24,19,7,2,0,0
20231229-0319-17b6-1c26-6d4fd0686454_a44a3cab-28e7-4ce3-96d7-3c75bff470b7_12分,37,77,2,5,20,11,0,0,0,0,0,0,3,frac+sup+sub,722,61,1,1,True,132,89,1,31,89,68,247,56,9,0,0
20231229-0319-17b6-1c26-6d4fd0686454_d3926e49-b53e-416a-bc18-65ba6fe6a4aa_12分,22,52,2,5,12,7,0,0,0,0,0,0,3,frac+sup+sub,465,44,0,0,False,65,74,1,15,52,60,172,22,4,0,0
20231229-0319-17b6-1c26-6d4fd0686454_f1db7594-d0c2-4aa4-b33f-c6629bd6366e_6分,37,44,2,8,14,0,0,0,0,0,0,3,3,frac+sup+textcircled,575,78,2,1,True,88,97,0,8,93,54,150,75,10,0,0
20240102-0721-2177-3a5a-d03ba8192762_04a89dca-6e5e-4279-b798-20238673de8a_8分,29,70,3,10,4,3,7,1,0,2,1,0,7,frac+sup+sub+sqrt+env+accent+stackrel,924,92,0,0,False,243,114,1,84,77,16,284,76,25,4,0
20240102-0721-2177-3a5a-d03ba8192762_1482e240-8252-4e4c-8cf2-baf365dd440f_9分,33,34,3,8,2,0,9,1,0,2,0,0,5,frac+sup+sqrt+env+accent,468,83,0,0,False,100,60,2,28,35,22,145,54,21,1,0
20240102-0721-2177-3a5a-d03ba8192762_56c115a7-43eb-43aa-b559-b302dc17dcd0_4分,14,3,1,0,3,0,0,0,0,0,0,0,1,sup,144,40,0,0,False,67,9,0,18,14,4,9,20,3,0,0
20240102-0721-2177-3a5a-d03ba8192762_86011708-a2b9-448d-a961-8053942c03aa_3分,16,0,0,0,0,0,0,0,0,0,0,0,0,,201,54,0,0,False,68,24,0,15,16,18,6,39,15,0,0
20240102-0721-2177-3a5a-d03ba8192762_9298eda9-81f7-4764-b34e-941d8b8ec6c9_2分,11,2,1,1,0,0,0,0,0,0,0,0,1,frac,123,36,0,0,False,61,1,0,11,10,2,10,25,3,0,0
20240102-0721-2177-3a5a-d03ba8192762_961f808f-7a9b-489f-9419-f73f9de4f46a_10分,14,56,3,7,3,0,8,6,0,4,0,0,5,frac+sup+sqrt+env+accent,700,83,0,0,False,162,69,1,43,50,24,273,44,22,12,0
20240102-0721-2177-3a5a-d03ba8192762_bf904037-e1b1-470b-8854-a49eb6bb9979_7分,52,56,2,5,8,3,6,3,0,7,0,0,6,frac+sup+sub+sqrt+env+accent,939,103,1,1,True,281,81,0,89,81,30,237,106,31,3,0
20240102-0721-2177-3a5a-d03ba8192762_e96f3db0-3f00-472e-ac7b-fe98eaadc152_7分,22,33,2,6,3,0,11,0,0,3,0,0,4,frac+sup+sqrt+accent,443,73,0,0,False,108,53,0,28,38,22,131,41,22,0,0
20240102-1250-120e-73c5-c67ce5672198_11166a87-7602-4d07-a028-875c89276a9c_1分,6,23,2,4,4,0,1,0,0,0,0,0,3,frac+sup+sqrt,154,28,0,0,False,12,27,0,2,11,2,93,7,0,0,0
20240102-1250-120e-73c5-c67ce5672198_225a2fb8-b121-4b93-a765-567386d47b2e_8分,30,84,3,17,14,11,1,2,0,0,0,0,5,frac+sup+sub+sqrt+env,711,63,0,0,False,103,139,1,9,71,35,328,15,8,2,0
20240102-1250-120e-73c5-c67ce5672198_241d5cbf-db1d-4512-854f-d5559b545fc6_10分,34,137,3,21,18,11,0,3,0,0,0,4,5,frac+sup+sub+env+textcircled,1256,77,1,1,True,184,237,0,36,133,66,535,49,12,4,0
20240102-1250-120e-73c5-c67ce5672198_2f2953bc-abcb-4fb6-a13a-803ce45e0965_5分,12,35,2,5,8,2,1,1,0,0,0,0,5,frac+sup+sub+sqrt+env,295,42,0,0,False,46,63,0,3,34,12,126,8,2,1,0
20240102-1250-120e-73c5-c67ce5672198_3ba6bc8d-af3c-4cf7-a8fc-24d0f090ad4a_1分,4,18,3,2,4,0,0,1,0,0,0,0,3,frac+sup+env,136,35,0,0,False,11,26,0,2,10,4,71,9,2,1,0
20240102-1250-120e-73c5-c67ce5672198_3ca24b63-1c53-47f2-86b1-c74a8102780b_1分,9,21,2,5,3,0,1,0,0,0,0,0,3,frac+sup+sqrt,162,38,0,0,False,15,27,0,4,11,6,79,15,5,0,0
20240102-1250-120e-73c5-c67ce5672198_8afc51a8-9635-4674-bddd-40b078767411_5分,15,85,3,9,5,5,1,3,0,0,0,0,5,frac+sup+sub+sqrt+env,789,83,0,0,False,131,116,3,15,65,24,377,35,14,9,0
20240102-1250-120e-73c5-c67ce5672198_dbf2f9ee-4390-4803-980a-a44fc3dc486e_5分,39,135,2,14,18,21,3,2,0,0,0,0,5,frac+sup+sub+sqrt+env,1031,76,2,2,True,136,224,0,29,92,38,461,35,14,2,0
20240107-0503-47cb-d452-2a239a553311_22988e43-3f18-44ae-aa89-fee1734cf095_2分,9,45,2,7,8,6,0,2,6,0,0,0,5,frac+sup+sub+env+bigop,394,35,2,2,True,63,49,27,19,42,36,155,1,0,2,0
20240107-0503-47cb-d452-2a239a553311_9f7ecc33-d2c3-4bf8-92d9-2ab5da83f68b_8分,5,12,2,2,4,1,0,0,0,0,0,0,3,frac+sup+sub,107,24,0,0,False,18,16,0,6,11,12,42,1,1,0,0
20240107-0503-47cb-d452-2a239a553311_eb218014-43bb-4cf5-8181-aa96da9ac5a8_10分,13,53,2,7,13,2,0,0,0,0,0,0,3,frac+sup+sub,441,29,0,0,False,52,58,0,29,51,70,179,1,1,0,0
20240107-0503-47cb-d452-2a239a553311_f25224c9-cacd-46db-b858-04feb765496f_8分,15,53,2,8,15,3,0,0,0,0,0,0,3,frac+sup+sub,473,31,0,0,False,65,63,0,39,57,62,185,1,1,0,0
20240108-0304-5458-b6c9-ec0c08384229_0f6f6c8a-a955-4d89-97bd-97d0eed9816b_3分,10,23,3,1,4,0,3,1,0,0,0,0,4,frac+sup+sqrt+env,283,47,0,0,False,38,52,0,7,42,32,81,22,5,4,0
20240108-0304-5458-b6c9-ec0c08384229_11633fc9-8429-4ab7-b2c7-cc57defd62ec_4分,7,8,1,1,2,0,0,2,0,0,0,0,3,frac+sup+env,145,30,0,0,False,25,30,0,2,33,8,38,3,2,4,0
20240108-0304-5458-b6c9-ec0c08384229_3b04259a-8810-4802-9d75-26624894bf00_12分,16,27,3,4,5,0,1,5,0,0,0,0,4,frac+sup+sqrt+env,402,59,0,0,False,51,65,0,13,54,32,120,51,9,7,0
20240108-0304-5458-b6c9-ec0c08384229_58890192-aa78-4b68-a667-750f307ead8c_5分,4,16,2,0,3,0,0,1,0,0,0,0,2,sup+env,160,26,0,0,False,20,27,0,1,22,22,58,5,1,4,0
20240108-0304-5458-b6c9-ec0c08384229_98f7a5b9-5e2c-4d4e-8d3e-9afdb032d58a_1分,15,74,2,2,9,11,0,1,0,0,0,6,5,frac+sup+sub+env+textcircled,548,47,0,0,False,47,115,0,7,57,44,237,32,7,2,0
20240108-0304-5458-b6c9-ec0c08384229_b4363865-bd1d-4788-adf5-f443dab92d92_4分,16,22,2,3,3,5,0,2,0,0,0,0,4,frac+sup+sub+env,359,60,1,1,True,59,59,0,10,58,22,96,43,6,6,0
20240108-0304-5458-b6c9-ec0c08384229_bf95d54d-af0d-4946-9844-278832ed4c6b_12分,31,23,3,4,6,0,1,0,0,0,0,6,4,frac+sup+sqrt+textcircled,410,45,1,1,True,68,106,0,3,100,24,77,23,9,0,0
20240108-0304-5458-b6c9-ec0c08384229_c9dd4c88-ab33-4fce-b97b-72a3cf8622af_5分,9,25,3,1,4,1,2,1,0,0,0,0,5,frac+sup+sub+sqrt+env,327,50,1,1,True,44,58,0,12,49,38,87,27,8,4,0
20240114-1304-2938-a0bd-189ac5244430_7bf41575-c9a2-4336-8cfc-5c04440cfb8f_2分,4,22,2,0,2,4,0,1,0,0,0,0,3,sup+sub+env,160,37,0,0,False,26,28,0,5,12,4,71,10,3,1,0
20240114-1304-2938-a0bd-189ac5244430_928e32c3-7846-47b7-a30b-335b793b2855_10分,16,48,2,2,10,9,0,0,0,0,0,0,3,frac+sup+sub,411,38,0,0,False,56,91,0,8,78,14,150,13,1,0,0
20240114-1304-2938-a0bd-189ac5244430_9d8cfaaf-4d2b-41a5-96a7-1e8616e24e49_3分,17,62,3,7,10,8,0,0,0,0,0,0,3,frac+sup+sub,547,53,0,0,False,55,135,0,21,70,22,222,21,1,0,0
20240114-1304-2938-a0bd-189ac5244430_a89c5edb-e82a-451a-bd0f-29ec0d24ebd6_6分,11,31,2,1,6,9,0,0,0,0,0,0,3,frac+sup+sub,229,38,0,0,False,41,45,0,3,24,8,95,12,1,0,0
20240114-1304-2938-a0bd-189ac5244430_cad0aee5-0721-45fb-a0cc-64f1ebc7068b_6分,23,36,1,3,7,14,0,0,0,0,0,0,3,frac+sup+sub,348,50,0,0,False,45,74,0,13,43,10,114,48,1,0,0
20240114-1304-2938-a0bd-189ac5244430_e6bfa96b-916c-4456-acd6-ffb87c04d05f_8分,20,66,2,1,12,13,0,0,0,0,0,2,4,frac+sup+sub+textcircled,524,54,0,0,False,65,121,0,12,87,8,202,24,5,0,0
20240114-1304-2938-a0bd-189ac5244430_f07f27bf-ba20-4b02-85d0-d1cb9b8be182_12分,19,44,2,2,8,10,0,2,0,0,0,0,4,frac+sup+sub+env,370,44,0,0,False,56,64,0,12,52,16,148,16,4,2,0
20240114-1304-2938-a0bd-189ac5244430_f9f66a78-eff6-45e2-b42e-60d87ff3cb7a_4分,11,41,2,3,5,10,0,1,0,0,0,0,4,frac+sup+sub+env,339,54,0,0,False,54,52,0,6,44,8,136,37,1,1,0
20240126-0852-363c-e92a-bf40bf584458_15682ace-80d8-4097-8950-1da24041e9af_7分,12,8,2,0,0,5,1,1,0,0,0,0,3,sub+sqrt+env,197,51,1,1,True,29,22,0,16,30,36,29,32,2,1,0
20240126-0852-363c-e92a-bf40bf584458_2dc3008e-0888-4d86-a6ce-3fd776eb1726_12分,20,26,2,7,0,13,0,1,0,0,0,0,3,frac+sub+env,471,57,0,0,False,52,69,0,30,68,72,97,67,15,1,0
20240126-0852-363c-e92a-bf40bf584458_361eb277-998d-494e-a29d-7d379a2b1995_2分,4,1,1,0,0,1,0,0,0,0,0,0,1,sub,53,23,0,0,False,7,9,0,3,10,14,3,7,0,0,0
20240126-0852-363c-e92a-bf40bf584458_c2871a5d-2b5e-48ec-819c-162ae3bd6dfe_12分,13,12,2,0,0,6,0,2,0,0,0,0,2,sub+env,285,44,0,0,False,36,44,0,24,48,58,46,17,10,2,0
20240128-0622-47ec-5441-ae5456917290_70313140-3094-48cb-a045-47a907370afa_2分,8,5,2,0,3,0,0,1,0,0,0,0,2,sup+env,116,33,0,0,False,19,20,0,8,25,14,22,5,2,1,0
20240128-0622-47ec-5441-ae5456917290_8f78321c-405b-4374-906c-a934bab2ff24_2分,18,6,2,0,4,0,0,1,0,0,0,0,2,sup+env,279,49,0,0,False,51,45,0,22,57,48,23,21,10,2,0
20240128-0622-47ec-5441-ae5456917290_c3236745-8293-40ee-9005-e9e67b2b120d_4分,22,15,2,5,5,0,0,3,0,0,0,0,3,frac+sup+env,460,57,0,0,False,77,78,0,30,81,58,75,41,16,4,0
20240128-0622-47ec-5441-ae5456917290_e0dfcb46-fdea-46ab-9959-8ed605da1112_8分,23,34,2,0,7,7,0,1,0,0,0,0,3,sup+sub+env,474,49,0,0,False,85,80,0,33,68,62,107,23,15,1,0
20240130-0218-539a-df87-74f3dd034380_1a97fa1b-0a0f-4208-a2bb-6cca5b4d9949_3分,26,48,3,6,2,1,6,1,0,4,0,0,6,frac+sup+sub+sqrt+env+accent,650,88,0,0,False,162,71,2,52,56,26,202,54,23,2,0
20240130-0218-539a-df87-74f3dd034380_482ae86d-2b79-436e-a4c4-b26621d3be35_8分,34,13,2,2,2,1,2,2,0,2,0,0,6,frac+sup+sub+sqrt+env+accent,526,82,1,1,True,141,80,1,52,64,40,71,42,32,3,0
20240130-0218-539a-df87-74f3dd034380_4ce8c6ca-8770-4d1e-844a-597d691e277e_3分,8,10,2,1,1,1,2,0,0,0,0,0,4,frac+sup+sub+sqrt,127,36,0,0,False,43,15,0,8,19,2,32,4,4,0,0
20240130-0218-539a-df87-74f3dd034380_549c67fa-eb96-4e6b-aa5c-1535661afda4_12分,23,34,2,5,3,2,3,1,0,3,1,0,7,frac+sup+sub+sqrt+env+accent+stackrel,714,102,0,0,False,189,87,0,59,71,36,155,77,39,1,0
20240130-0218-539a-df87-74f3dd034380_5c19e04b-89cf-45d5-94f4-8e2176b84201_3分,20,11,2,3,0,0,2,1,0,3,0,0,4,frac+sqrt+env+accent,399,71,0,0,False,77,62,6,28,42,34,70,39,40,1,0
20240130-0218-539a-df87-74f3dd034380_8aa38922-e3eb-430e-ba52-7776716d5921_12分,29,30,2,4,2,4,4,1,0,4,1,0,7,frac+sup+sub+sqrt+env+accent+stackrel,593,98,0,0,False,155,70,0,41,57,36,131,64,38,1,0
20240130-0218-539a-df87-74f3dd034380_ca781ed8-afd4-4599-84c5-58e6aa6c4fcf_9分,26,31,2,3,1,6,4,1,0,3,0,0,6,frac+sup+sub+sqrt+env+accent,570,92,0,0,False,135,86,1,36,64,34,128,56,29,1,0
20240130-0218-539a-df87-74f3dd034380_dfbfd5b3-a30d-4106-97aa-e53d6102fdc6_6分,36,30,3,6,2,3,6,1,0,4,1,0,7,frac+sup+sub+sqrt+env+accent+stackrel,477,84,0,0,False,118,59,0,34,41,22,127,50,25,1,0
20240226-0219-20b0-6476-9a4088775643_3649c4a2-333d-42f9-80de-d18fdaf26eb0_10分,12,39,2,2,2,10,1,0,0,0,0,0,4,frac+sup+sub+sqrt,317,52,0,0,False,35,62,13,12,33,24,121,16,1,0,0
20240226-0219-20b0-6476-9a4088775643_7c0911d6-db21-444e-9a62-a171ef5f147d_6分,7,12,1,1,2,4,0,0,0,0,0,0,3,frac+sup+sub,114,26,2,1,True,9,28,11,2,16,4,38,3,3,0,0
20240226-0219-20b0-6476-9a4088775643_8702a922-7717-41c3-8940-e4ff1a9d03cb_8分,17,42,1,6,4,10,0,0,0,0,0,0,3,frac+sup+sub,348,40,5,2,True,43,77,11,3,34,16,150,11,3,0,0
20240226-0219-20b0-6476-9a4088775643_92fb9ba0-02ef-4cb8-839d-a2a9501b4e3c_6分,7,14,2,3,3,3,0,0,0,0,0,0,3,frac+sup+sub,136,29,4,3,True,18,22,14,7,10,4,54,5,2,0,0
20240226-0219-20b0-6476-9a4088775643_970caa9d-fae1-4f5a-8f2f-35aff9a2e108_12分,16,90,2,7,5,15,1,0,0,1,0,0,5,frac+sup+sub+sqrt+accent,732,81,21,7,True,107,126,12,15,64,42,292,66,8,0,0
20240226-0219-20b0-6476-9a4088775643_c1278940-44f6-4e65-adb7-ecd01437b1d7_10分,17,53,2,7,4,11,0,0,0,0,0,0,3,frac+sup+sub,504,60,8,4,True,54,99,12,19,46,48,173,46,7,0,0
20240226-0219-20b0-6476-9a4088775643_c9815394-6291-434e-a73c-cadb1b5a525a_10分,21,39,2,8,12,3,0,0,0,4,0,0,4,frac+sup+sub+accent,422,56,10,5,True,67,83,27,7,46,24,141,24,3,0,0
20240226-0219-20b0-6476-9a4088775643_d2f81724-b65c-4e95-8a6a-ab70221a16e4_1分,3,16,2,3,3,1,0,0,0,0,0,0,3,frac+sup+sub,139,32,4,2,True,6,31,7,0,11,6,66,10,2,0,0
20240228-0137-3868-43cf-8a74c8283747_304265bb-9c27-4fc3-970a-867a4340b576_5分,21,71,2,15,1,9,0,0,0,0,0,0,3,frac+sup+sub,789,80,6,3,True,55,192,0,7,93,39,333,61,9,0,0
20240228-0137-3868-43cf-8a74c8283747_6851612c-27d4-469a-9350-a49ef1a595b9_11分,20,58,2,15,5,3,0,0,0,0,0,0,3,frac+sup+sub,662,77,10,3,True,45,153,0,4,88,53,262,53,4,0,0
20240228-0137-3868-43cf-8a74c8283747_77031825-8f52-4e66-bff9-9095ed028cf7_3分,6,4,2,2,1,0,0,0,0,0,0,0,2,frac+sup,105,40,0,0,False,7,40,0,0,11,13,16,13,5,0,0
20240228-0137-3868-43cf-8a74c8283747_7d614bd7-7839-42cd-8dc6-ee34045798eb_7分,13,32,2,9,1,0,0,0,0,0,0,0,2,frac+sup,445,74,10,3,True,22,107,0,12,55,33,156,55,5,0,0
20240307-0227-5720-d60a-6005ea993541_91a94467-3545-4988-b54d-cba335a92785_12分,23,73,3,22,1,0,12,1,0,0,0,3,5,frac+sup+sqrt+env+textcircled,737,52,0,0,False,35,119,55,52,85,46,320,16,8,1,0
20240307-0227-5720-d60a-6005ea993541_9da2dcf5-f807-4483-89b3-94b0cf81b5ef_15分,21,59,2,20,2,0,10,0,0,0,0,0,3,frac+sup+sqrt,594,53,0,0,False,33,95,44,28,69,40,259,19,7,0,0
20240307-0227-5720-d60a-6005ea993541_9f946f14-3a6f-4532-a69a-d541a0c53677_2分,20,61,2,19,0,0,13,0,0,0,0,2,3,frac+sqrt+textcircled,581,54,0,0,False,24,89,48,49,53,29,267,17,5,0,0
20240307-0227-5720-d60a-6005ea993541_d450a586-603d-433f-a015-f1a72b6c1c56_1分,6,18,2,4,4,0,3,0,0,0,0,0,3,frac+sup+sqrt,165,26,0,0,False,17,31,2,19,15,6,70,4,1,0,0
20240315-0316-531a-a494-dc7837995835_118d3fd7-7565-4986-8275-cd7b8834090b_13分,20,58,2,5,0,12,7,2,0,5,0,0,5,frac+sub+sqrt+env+accent,605,71,0,0,False,63,103,16,22,50,36,235,48,28,4,0
20240315-0316-531a-a494-dc7837995835_2e72855d-d1f0-48cf-b7b4-ba2761c7cf0a_4分,20,44,3,4,0,10,11,2,0,4,0,0,5,frac+sub+sqrt+env+accent,544,83,0,0,False,69,85,13,18,51,40,180,46,39,3,0
20240315-0316-531a-a494-dc7837995835_50767a87-8a80-4b06-842e-bcb877db16f4_13分,48,117,2,8,0,31,9,0,0,5,0,2,5,frac+sub+sqrt+accent+textcircled,1032,88,5,4,True,180,160,13,53,71,34,411,75,35,0,0
20240315-0316-531a-a494-dc7837995835_78c91c85-57dd-4b67-be36-566cf5805421_3分,13,20,1,1,0,10,0,0,0,0,3,0,3,frac+sub+stackrel,220,50,0,0,False,59,20,0,7,12,2,70,41,9,0,0
20240315-0316-531a-a494-dc7837995835_8bf76ab7-676c-49f2-8f62-3a49500205c7_4分,14,27,2,2,0,5,6,1,0,3,0,0,5,frac+sub+sqrt+env+accent,291,59,0,0,False,43,45,0,15,19,18,105,24,20,2,0
20240315-0316-531a-a494-dc7837995835_bc8c3467-a03e-4b54-a88f-e9f479b047a2_3分,31,80,3,6,0,18,10,2,0,3,0,0,5,frac+sub+sqrt+env+accent,801,80,1,1,True,134,126,9,38,55,40,300,55,41,3,0
20240315-0316-531a-a494-dc7837995835_cb0fe4cf-25f4-4c56-8b61-5575e942f292_3分,16,47,2,0,0,11,4,1,0,5,0,0,4,sub+sqrt+env+accent,493,74,0,0,False,88,66,1,20,25,24,157,82,28,2,0
20240315-0316-531a-a494-dc7837995835_cde30d61-d667-4ba7-9714-717ed8a8d415_10分,22,41,2,3,1,11,7,1,0,1,0,0,6,frac+sup+sub+sqrt+env+accent,458,74,0,0,False,65,74,4,19,35,27,159,48,24,3,0
20240320-0800-50c2-65d8-a16c59045113_0327eeca-591b-4af0-8197-57a0be95e2a7_17分,29,76,2,5,16,8,3,0,0,0,0,0,4,frac+sup+sub+sqrt,1020,90,7,5,True,200,127,25,52,125,126,268,77,20,0,0
20240320-0800-50c2-65d8-a16c59045113_48cc126e-aaad-4a1e-8329-56c815efc300_7分,8,10,1,0,5,2,0,0,0,0,0,0,2,sup+sub,229,50,1,1,True,57,25,7,21,29,36,34,18,2,0,0
20240320-0800-50c2-65d8-a16c59045113_57ce7df6-c3dd-4a9a-b821-9c93ab325fca_7分,17,31,2,3,9,0,2,1,0,0,0,0,4,frac+sup+sqrt+env,456,62,0,0,False,85,50,12,36,52,58,126,28,8,1,0
20240320-0800-50c2-65d8-a16c59045113_84ba48a1-c4b9-4aaa-b637-23c84c542c9d_17分,30,93,2,4,10,13,2,1,0,0,0,0,5,frac+sup+sub+sqrt+env,931,74,5,3,True,152,132,19,56,92,100,318,43,17,2,0
20240320-0800-50c2-65d8-a16c59045113_a02c283b-14c8-4e89-8d9e-2c4ea330d288_3分,16,38,2,7,6,0,5,0,0,0,0,0,3,frac+sup+sqrt,425,40,0,0,False,55,71,13,16,51,52,160,6,1,0,0
20240320-0800-50c2-65d8-a16c59045113_d6fb3de0-2eab-4d7f-87ce-0d947a860c23_2分,6,2,1,0,2,0,0,0,0,0,0,0,1,sup,92,29,0,0,False,27,8,0,16,14,18,6,2,1,0,0
20240320-0800-50c2-65d8-a16c59045113_f2c7a282-3653-40ce-890d-8f1720f3bf88_1分,4,4,2,0,2,0,0,1,0,0,0,0,2,sup+env,75,27,0,0,False,13,10,0,6,10,8,22,3,1,2,0
20240320-0800-50c2-65d8-a16c59045113_f6a64b1f-f6d2-40d7-bf21-8908a7304def_17分,22,46,2,8,11,0,2,0,0,0,0,0,3,frac+sup+sqrt,664,74,0,0,False,128,69,21,43,82,79,188,51,3,0,0
20240322-0713-384c-3972-9016bd015581_0d6ac8f7-dedf-4190-b4dc-e5534eefc476_2分,8,9,2,1,2,0,3,0,0,0,0,0,3,frac+sup+sqrt,125,31,0,0,False,27,37,0,12,12,4,29,1,3,0,0
20240322-0713-384c-3972-9016bd015581_4da932e8-2afc-4094-a56a-04feedc3efdd_12分,16,38,2,7,9,0,10,0,0,0,0,0,3,frac+sup+sqrt,449,63,4,2,True,101,77,0,41,37,8,154,29,2,0,0
20240322-0713-384c-3972-9016bd015581_9ba1d9e5-a699-4fec-b3b0-0bc363fd69c0_12分,15,51,3,5,6,0,11,0,0,0,0,0,3,frac+sup+sqrt,497,62,9,3,True,82,118,0,30,46,14,175,30,2,0,0
20240322-0713-384c-3972-9016bd015581_acb04367-5e57-45fc-9642-e1eb0c76170b_8分,19,52,3,11,2,0,12,0,0,0,0,0,3,frac+sup+sqrt,567,62,4,2,True,138,85,0,59,38,4,210,32,1,0,0
20240325-1338-01c7-4006-b59fe8869615_30dbf5f9-c6f9-4728-a619-c2b86fd557a5_3分,11,10,2,4,3,0,1,0,0,0,0,0,3,frac+sup+sqrt,176,35,0,0,False,47,39,0,14,26,4,40,2,4,0,0
20240325-1338-01c7-4006-b59fe8869615_4ebde6ac-a995-4a88-97af-804a33c2f0c1_5分,12,5,1,2,2,0,0,0,0,0,0,0,2,frac+sup,110,33,0,0,False,22,30,0,11,14,6,21,3,3,0,0
20240325-1338-01c7-4006-b59fe8869615_880de39f-0515-4b48-9f0c-3e4da47ffd6a_5分,8,3,1,1,1,0,0,0,0,0,0,0,2,frac+sup,105,40,1,1,True,22,28,0,6,12,4,13,15,5,0,0
20240325-1338-01c7-4006-b59fe8869615_b9e4d971-96d5-4eb9-891c-4aab9e7970c4_4分,12,7,1,1,5,0,0,0,0,0,0,0,2,frac+sup,182,47,0,0,False,46,38,2,20,21,6,25,8,16,0,0
20240325-1338-01c7-4006-b59fe8869615_bc0d6eca-dc6f-4e29-a1b9-9b327f7fe351_11分,30,25,2,8,7,0,4,0,0,0,0,0,3,frac+sup+sqrt,410,53,0,0,False,77,107,6,29,49,6,103,26,7,0,0
20240325-1338-01c7-4006-b59fe8869615_d154674d-4de8-4239-bd14-948656849a1c_9分,24,33,3,10,8,0,3,0,0,0,0,0,3,frac+sup+sqrt,466,54,1,1,True,84,107,12,38,51,6,139,22,7,0,0
20240325-1338-01c7-4006-b59fe8869615_f7419769-d50a-4a18-ae2b-719d76c58363_12分,16,20,3,7,3,0,2,0,0,0,0,0,3,frac+sup+sqrt,338,61,2,1,True,57,70,14,23,39,8,90,29,8,0,0
20240325-1338-01c7-4006-b59fe8869615_f9229899-fa73-41f5-8220-cd098a2d91a6_12分,21,36,3,12,8,0,4,0,0,0,0,0,3,frac+sup+sqrt,464,58,1,1,True,55,118,14,36,45,10,156,27,3,0,0
20240326-0844-5208-9989-f91532464431_1574b0c3-a5df-42ba-a15b-a79323b9cc3f_9分,24,23,2,8,3,0,1,2,0,2,0,0,5,frac+sup+sqrt+env+accent,385,52,1,1,True,70,64,0,23,78,24,101,22,1,2,0
20240326-0844-5208-9989-f91532464431_19e01982-7318-4548-8743-5f1cb05ca3d5_11分,24,31,3,5,3,2,2,4,0,3,0,0,6,frac+sup+sub+sqrt+env+accent,507,78,2,2,True,88,71,0,26,81,34,135,66,2,4,0
20240326-0844-5208-9989-f91532464431_4303528f-3c0c-437c-98e3-d23a5116a8a6_11分,32,22,2,7,3,0,3,0,0,6,0,2,5,frac+sup+sqrt+accent+textcircled,411,66,1,1,True,80,62,0,30,80,34,80,43,2,0,0
20240326-0844-5208-9989-f91532464431_8c11ef07-c460-4ebb-97ad-281d716f6f56_2分,8,6,1,0,2,0,3,0,0,0,0,0,2,sup+sqrt,128,38,0,0,False,27,20,0,10,22,10,18,20,1,0,0
20240326-0844-5208-9989-f91532464431_96397bc4-64ec-419b-af7e-446f63b2bef0_2分,16,23,2,2,2,2,5,2,0,0,0,0,5,frac+sup+sub+sqrt+env,273,29,0,0,False,50,54,0,10,48,22,85,2,0,2,0
20240326-0844-5208-9989-f91532464431_d2c45d2e-c680-487d-b97d-dc3c9f71e965_6分,11,14,2,5,0,0,1,2,0,2,0,0,4,frac+sqrt+env+accent,214,33,1,1,True,46,31,0,8,44,6,70,6,0,3,0
20240326-0844-5208-9989-f91532464431_efbcc815-0596-4b17-b370-de41ad26b288_11分,26,42,2,9,9,0,1,7,0,2,0,0,5,frac+sup+sqrt+env+accent,616,53,0,0,False,117,105,0,5,127,29,196,24,1,12,0
20240326-0844-5208-9989-f91532464431_fa441e15-c6fe-40ee-8c2d-f6420796386b_2分,12,23,2,3,2,0,7,2,0,1,0,0,5,frac+sup+sqrt+env+accent,236,46,1,1,True,30,44,0,13,33,8,87,18,1,2,0
20240327-1425-153f-2e3f-92f268369098_056d9061-786f-4748-aeb4-75d87a8adfde_15分,20,43,3,16,4,0,6,1,0,0,0,0,4,frac+sup+sqrt+env,472,42,0,0,False,0,68,60,65,52,16,186,13,11,1,0
20240327-1425-153f-2e3f-92f268369098_2ecf1535-4c2d-444e-8f27-7b404e2aae38_8分,6,20,2,6,2,0,1,0,0,0,0,0,3,frac+sup+sqrt,236,36,1,1,True,0,46,26,32,26,10,88,4,4,0,0
20240327-1425-153f-2e3f-92f268369098_305958ed-972d-486e-9bc2-2dfd3ff84c23_1分,13,26,2,11,1,0,2,0,0,0,0,0,3,frac+sup+sqrt,327,33,0,0,False,0,50,36,36,47,32,118,5,3,0,0
20240327-1425-153f-2e3f-92f268369098_4c9a36d3-0dde-4fc3-b02c-0ca911467ff3_8分,5,9,1,4,1,0,0,0,0,0,0,0,2,frac+sup,120,33,0,0,False,0,23,13,14,12,4,41,8,5,0,0
20240327-1425-153f-2e3f-92f268369098_706a80f0-0014-4ba7-b2e1-99928364fcde_1分,13,20,2,11,0,0,3,0,0,0,0,0,2,frac+sqrt,213,34,0,0,False,4,38,15,28,23,6,94,4,1,0,0
20240327-1425-153f-2e3f-92f268369098_9f13e6a3-7939-4c82-8881-7348202c6187_15分,26,53,3,17,4,0,7,0,0,0,0,0,3,frac+sup+sqrt,538,36,0,0,False,0,114,48,38,66,42,221,7,2,0,0
20240327-1425-153f-2e3f-92f268369098_c181c3b9-e151-4ac0-9584-9eb670ab57d5_8分,9,12,2,7,1,0,2,0,0,0,0,0,3,frac+sup+sqrt,127,28,0,0,False,0,26,10,15,14,8,52,1,1,0,0
20240327-1425-153f-2e3f-92f268369098_e688235d-a4bc-42d3-b3e1-4af3dfddb415_10分,8,36,3,7,1,0,5,0,0,0,0,0,3,frac+sup+sqrt,414,44,2,1,True,0,72,47,45,48,15,158,22,7,0,0
20240327-1425-39fc-b8b5-18c2c4010817_9ec6e752-54a0-406b-bd88-33e8ec28b798_3分,14,49,2,7,9,5,3,0,0,0,0,3,5,frac+sup+sub+sqrt+textcircled,369,38,0,0,False,42,70,0,14,32,16,173,10,12,0,0
20240327-1425-39fc-b8b5-18c2c4010817_a0885876-2da0-409f-a8e5-c69e8ac36da8_15分,15,64,2,8,8,7,1,1,0,0,0,1,6,frac+sup+sub+sqrt+env+textcircled,532,77,2,2,True,55,92,1,6,45,26,231,69,6,1,0
20240327-1425-39fc-b8b5-18c2c4010817_af12661f-39ea-4731-bf4a-514315f36f99_2分,16,53,2,10,6,7,1,0,0,0,0,0,4,frac+sup+sub+sqrt,427,53,2,2,True,43,78,0,8,32,16,197,50,3,0,0
20240327-1425-39fc-b8b5-18c2c4010817_b57de4ea-a374-4702-a348-d392f9819795_2分,4,32,2,4,4,4,1,0,0,0,0,0,4,frac+sup+sub+sqrt,207,23,0,0,False,34,21,0,1,19,14,118,0,0,0,0
20240327-1425-39fc-b8b5-18c2c4010817_b73312f9-cac7-4c82-a7f8-dcacea383365_2分,4,30,2,3,4,4,1,0,0,0,0,0,4,frac+sup+sub+sqrt,195,28,0,0,False,39,22,0,0,20,10,102,1,1,0,0
20240327-1425-39fc-b8b5-18c2c4010817_e35f6495-3caf-47d6-8718-8006fdfd1e3c_1分,14,72,2,9,10,9,4,0,0,0,0,0,4,frac+sup+sub+sqrt,485,32,0,0,False,63,81,0,11,36,32,260,1,1,0,0
20240327-1425-39fc-b8b5-18c2c4010817_eb7346d9-53fa-462d-8b48-7b69e136eb00_7分,16,161,2,12,11,12,0,0,0,0,0,0,3,frac+sup+sub,1013,46,1,1,True,81,181,0,2,69,64,591,20,5,0,0
20240327-1425-39fc-b8b5-18c2c4010817_f7532f75-686d-4325-844a-ec748b7e204c_9分,27,83,2,14,12,7,1,2,0,0,0,0,5,frac+sup+sub+sqrt+env,653,64,0,0,False,79,114,0,7,57,26,319,44,5,2,0
20240328-0313-080f-096d-dd3bcb082667_0033b312-8ac1-40cf-bb0d-3bb7eb4fe787_6分,12,39,2,7,6,5,0,0,0,0,0,0,3,frac+sup+sub,322,35,0,0,False,29,88,0,6,26,14,141,6,12,0,0
20240328-0313-080f-096d-dd3bcb082667_05b3529d-cc08-448a-bc37-19bc1c4a6de8_6分,10,32,2,4,5,5,0,0,0,0,0,0,3,frac+sup+sub,249,33,0,0,False,25,73,0,5,20,14,104,7,1,0,0
20240328-0313-080f-096d-dd3bcb082667_0e578918-bfe8-412a-9dc2-7e33d57cd651_6分,15,33,2,9,3,2,0,0,0,0,0,0,3,frac+sup+sub,434,38,0,0,False,34,131,0,4,64,36,139,9,17,0,0
20240328-0313-080f-096d-dd3bcb082667_132fd6f6-6593-49c6-841e-dfd13229f9cf_6分,12,43,2,4,8,7,0,0,0,0,0,0,3,frac+sup+sub,342,34,0,0,False,42,88,0,3,36,26,137,8,2,0,0
20240328-0313-080f-096d-dd3bcb082667_3ddef9d9-9f0e-429d-8786-df4f14c6521f_6分,12,29,2,5,5,4,0,0,0,0,0,0,3,frac+sup+sub,449,36,0,0,False,47,130,0,13,79,60,111,8,1,0,0
20240328-0313-080f-096d-dd3bcb082667_3e12258c-c738-4357-b7be-29b5433210ae_6分,17,53,2,12,7,4,2,0,0,0,0,0,4,frac+sup+sub+sqrt,588,44,0,0,False,47,182,0,14,90,40,201,12,2,0,0
20240328-0313-080f-096d-dd3bcb082667_bca72d69-9e32-4bd7-8d10-533692c8f559_12分,7,33,2,3,4,4,0,0,0,0,0,0,3,frac+sup+sub,280,35,0,0,False,28,77,0,0,34,22,111,7,1,0,0
20240328-0313-080f-096d-dd3bcb082667_fea1df96-1db6-4911-a773-0395451fcaad_12分,7,11,2,4,1,1,0,0,0,0,0,0,3,frac+sup+sub,204,41,0,0,False,22,52,0,3,34,30,43,19,1,0,0
20240330-0402-4926-fef5-90ef65929954_055e6b35-7747-44a0-92a3-5b1111be6d16_13分,10,20,2,4,6,2,0,1,0,0,0,0,4,frac+sup+sub+env,240,40,1,1,True,31,50,0,8,30,20,79,20,1,1,0
20240330-0402-4926-fef5-90ef65929954_abb952a7-1e99-4427-811f-503ccb173b7b_6分,15,34,3,3,6,8,0,2,0,0,0,0,4,frac+sup+sub+env,376,44,1,1,True,57,82,0,12,48,16,126,29,4,2,0
20240330-0402-4926-fef5-90ef65929954_eb1b4699-0cac-4ace-89d2-4a8ac2ff8486_12分,11,21,2,4,6,3,0,2,0,0,0,0,4,frac+sup+sub+env,230,33,0,0,False,34,56,0,0,37,6,87,6,2,2,0
20240330-0402-4926-fef5-90ef65929954_fbd7baf8-0817-482a-9b72-e51f3e1697ae_6分,14,40,3,7,9,4,2,3,0,0,0,0,5,frac+sup+sub+sqrt+env,399,44,1,1,True,57,86,0,13,52,16,159,12,1,3,0
20240407-1438-1198-d322-6a2bab930559_0bd57b97-9c00-416a-b5ca-a8c402508e7c_15分,42,97,4,24,10,1,17,1,0,0,0,3,6,frac+sup+sub+sqrt+env+textcircled,1011,77,1,1,True,174,138,5,102,100,20,406,47,18,1,0
20240407-1438-1198-d322-6a2bab930559_0dc76f4a-f253-4a9e-b112-73c99050a188_1分,10,13,2,2,3,0,4,0,0,0,0,0,3,frac+sup+sqrt,139,39,0,0,False,26,17,0,21,13,6,47,8,1,0,0
20240407-1438-1198-d322-6a2bab930559_0dffcd5f-f5f9-4bc2-b68f-5cd197d22a38_8分,31,57,3,15,6,4,12,1,0,0,0,0,5,frac+sup+sub+sqrt+env,675,69,0,0,False,156,81,3,88,64,22,218,39,3,1,0
20240407-1438-1198-d322-6a2bab930559_145407e8-097e-44eb-b147-d9bb6597afc2_2分,13,19,2,7,0,0,4,0,0,0,0,0,2,frac+sqrt,233,38,0,0,False,53,17,3,32,21,8,83,14,2,0,0
20240407-1438-1198-d322-6a2bab930559_445ca9da-cb26-4c7d-98d5-cd8fc879e16b_9分,30,55,3,11,7,2,14,0,0,0,0,0,4,frac+sup+sub+sqrt,647,72,1,1,True,128,84,4,83,54,16,229,41,8,0,0
20240407-1438-1198-d322-6a2bab930559_5156209a-0c3e-4249-8c26-84458c40d80b_11分,28,38,2,17,0,8,5,0,0,0,0,0,3,frac+sub+sqrt,589,60,0,0,False,170,63,10,66,67,20,156,23,14,0,0
20240407-1438-1198-d322-6a2bab930559_a3ee7420-7488-4094-a0a3-1076e82feafb_1分,5,11,2,3,0,0,3,0,0,0,0,0,2,frac+sqrt,111,31,0,0,False,22,9,1,15,9,4,45,6,0,0,0
20240407-1438-1198-d322-6a2bab930559_bd7853a6-285f-474c-a386-f930ac1190e4_9分,40,92,3,16,13,1,12,0,0,0,0,9,5,frac+sup+sub+sqrt+textcircled,944,72,1,1,True,224,120,8,87,101,14,326,61,3,0,0
20240408-0105-32cd-85cc-8ba3e7086083_0f8ae618-c9ee-4382-b593-266d60943b21_15分,4,0,0,0,0,0,0,0,0,0,0,0,0,,75,17,0,0,False,0,37,0,0,16,16,0,5,1,0,0
20240408-0105-32cd-85cc-8ba3e7086083_160dc2c3-4b07-4a37-9d01-0dae29c18d7b_15分,8,0,0,0,0,0,0,0,0,0,0,0,0,,104,20,0,0,False,0,48,0,3,29,16,0,7,1,0,0
20240408-0105-32cd-85cc-8ba3e7086083_1bef9058-90b9-4476-88f1-88c070b11f8e_4分,9,0,0,0,0,0,0,0,0,0,0,0,0,,172,39,1,1,True,0,70,0,6,17,8,0,63,8,0,0
20240408-0105-32cd-85cc-8ba3e7086083_3eee0aa0-c5e6-40ca-a25b-3a5f6c1762c5_11分,16,0,0,0,0,0,0,0,0,0,0,0,0,,140,26,0,0,False,0,63,0,2,27,8,0,31,9,0,0
20240408-0105-32cd-85cc-8ba3e7086083_42f7880b-2500-443e-8493-ceea3744e44e_13分,22,0,0,0,0,0,0,0,0,0,0,0,0,,334,53,4,4,True,0,89,0,2,33,30,0,172,8,0,0
20240408-0105-32cd-85cc-8ba3e7086083_56a82d63-bbbf-4e3d-92b6-a2e9da8abebc_4分,24,3,1,0,0,0,0,2,0,0,0,0,1,env,289,53,1,1,True,0,102,0,7,30,8,24,96,17,5,0
20240408-0105-32cd-85cc-8ba3e7086083_5fa4a384-5f30-4882-a165-a6a3ffc02945_6分,23,10,1,0,0,0,0,0,0,0,0,8,1,textcircled,454,62,4,4,True,1,136,0,11,40,54,30,154,28,0,0
20240408-0105-32cd-85cc-8ba3e7086083_765e2670-5075-4ed9-9e22-58b66fafeb89_13分,24,6,1,0,1,0,0,0,0,0,0,5,2,sup+textcircled,257,36,0,0,False,0,104,0,11,40,8,18,62,14,0,0
20240408-0538-3602-d7fc-c1aa86984501_39fdb32f-3cc8-482f-a0af-1f6b6d9a6dba_2分,9,17,2,4,5,0,0,0,0,0,0,0,2,frac+sup,167,25,0,0,False,38,22,0,22,21,2,61,1,0,0,0
20240408-0538-3602-d7fc-c1aa86984501_3aa849d5-cd09-41f5-aaf4-237e3590551d_6分,17,12,2,4,2,1,1,0,0,0,0,0,4,frac+sup+sub+sqrt,217,36,0,0,False,56,29,3,36,31,12,46,1,3,0,0
20240408-0538-3602-d7fc-c1aa86984501_7f9926f2-9b8e-4123-bc0e-66623163a58c_6分,11,24,2,4,7,0,0,0,0,0,0,0,2,frac+sup,235,37,0,0,False,52,37,1,19,31,4,80,8,3,0,0
20240408-0538-3602-d7fc-c1aa86984501_998444e4-74ba-4048-9d7e-fd7d43de4e18_14分,19,30,2,13,6,5,5,0,0,0,0,0,4,frac+sup+sub+sqrt,338,46,0,0,False,71,51,0,43,35,6,118,11,3,0,0
20240408-0538-3602-d7fc-c1aa86984501_9c6ef7fa-8a35-492b-8de6-4500dba772bb_1分,12,19,2,5,4,2,1,0,0,0,0,0,4,frac+sup+sub+sqrt,277,45,0,0,False,65,34,0,42,31,4,73,22,6,0,0
20240408-0538-3602-d7fc-c1aa86984501_bf5dd02f-cd50-4c66-a565-56bcb6366b9a_15分,24,44,2,18,1,3,7,0,0,0,0,0,4,frac+sup+sub+sqrt,480,40,0,0,False,77,79,3,66,54,10,188,1,2,0,0
20240408-0538-3602-d7fc-c1aa86984501_e41623c6-72d8-43ff-8288-6e13e397ddce_7分,21,55,2,17,3,2,7,0,0,0,0,0,4,frac+sup+sub+sqrt,620,53,0,0,False,91,86,13,68,70,21,247,19,5,0,0
20240408-0538-3602-d7fc-c1aa86984501_fc473fe0-5e28-44c0-82aa-31277bc99066_17分,30,70,2,21,10,3,7,0,0,0,0,0,4,frac+sup+sub+sqrt,683,48,0,0,False,156,110,2,42,81,9,274,7,2,0,0
20240409-0448-26cb-84d1-70c5df394134_0907cff6-c6cd-4d9c-af69-2b3f1a8f9b52_11分,17,79,3,10,10,8,10,4,0,0,0,0,5,frac+sup+sub+sqrt+env,625,64,0,0,False,89,103,0,27,63,14,291,25,9,4,0
20240409-0448-26cb-84d1-70c5df394134_1bef9855-64a0-4926-9d9d-c0bac6e4b86e_12分,26,110,3,13,15,7,15,1,0,0,0,0,5,frac+sup+sub+sqrt+env,850,80,0,0,False,104,157,1,21,84,46,381,48,7,1,0
20240409-0448-26cb-84d1-70c5df394134_2f351d7f-9390-418d-8e7b-d0d12d01e5a5_8分,23,66,2,7,9,7,6,0,0,0,0,0,4,frac+sup+sub+sqrt,501,61,0,0,False,63,82,0,21,35,20,226,44,10,0,0
20240409-0448-26cb-84d1-70c5df394134_357e9166-1ee7-4ca3-af95-59c88aee3cc7_6分,4,16,3,2,3,0,0,2,0,0,0,2,4,frac+sup+env+textcircled,122,36,0,0,False,10,20,0,3,9,0,66,9,3,2,0
20240409-0448-26cb-84d1-70c5df394134_96181638-3e2c-4555-8bb9-be6e3f7cfd18_10分,16,81,3,11,10,4,13,2,0,0,0,0,5,frac+sup+sub+sqrt+env,609,65,0,0,False,64,106,0,28,60,16,303,20,6,6,0
20240409-0448-26cb-84d1-70c5df394134_c3a0c3ca-b5b2-484c-b7d5-ee652379da5b_8分,18,47,2,10,5,1,9,0,0,0,0,0,4,frac+sup+sub+sqrt,381,54,0,0,False,39,66,0,14,31,14,179,35,3,0,0
20240409-0448-26cb-84d1-70c5df394134_d14c7484-43c7-48a3-a8a1-64dee7f01ecc_6分,5,15,2,1,4,0,1,1,0,0,0,3,5,frac+sup+sqrt+env+textcircled,121,36,0,0,False,10,22,0,6,8,4,54,12,4,1,0
20240409-0448-26cb-84d1-70c5df394134_d257c7ab-f79d-4010-a3bd-f6e1d66e1845_6分,6,18,3,2,2,1,2,1,0,0,0,0,5,frac+sup+sub+sqrt+env,181,47,0,0,False,20,28,0,6,14,10,72,17,10,4,0
20240409-0904-4945-eed0-489f57125199_1cf6e590-bf3d-4dba-af65-1f306279ba1f_1分,19,28,2,4,5,1,5,2,0,3,0,0,6,frac+sup+sub+sqrt+env+accent,403,56,0,0,False,62,66,14,37,57,22,117,15,10,3,0
20240409-0904-4945-eed0-489f57125199_2f54f82d-f39d-4f8b-af29-3d810827c324_15分,20,34,2,7,6,0,10,1,0,1,0,0,5,frac+sup+sqrt+env+accent,476,57,0,0,False,79,91,15,35,74,26,136,14,4,2,0
20240409-0904-4945-eed0-489f57125199_afd10420-74a9-436d-9364-e0e612b35410_6分,6,7,1,0,0,1,1,2,0,2,0,0,4,sub+sqrt+env+accent,122,36,0,0,False,27,20,0,4,22,10,31,3,3,2,0
20240409-0904-4945-eed0-489f57125199_c175a2b5-e9da-4fc9-95e9-9b268a9d489c_15分,26,34,2,6,6,0,9,4,0,3,0,0,5,frac+sup+sqrt+env+accent,566,65,0,0,False,98,93,16,32,84,38,149,42,9,5,0
20240409-2323-05a2-cc59-7e65ed092863_10ca132b-ba62-4e32-8d13-5fcfdbfbcd2f_7分,14,7,1,3,0,2,0,0,0,2,0,0,3,frac+sub+accent,339,63,20,5,True,6,167,0,10,26,4,27,72,27,0,0
20240409-2323-05a2-cc59-7e65ed092863_512363e6-0a50-4965-ab49-680e0b331a30_7分,10,9,1,5,0,2,0,0,0,2,0,0,3,frac+sub+accent,275,53,5,2,True,4,135,0,7,27,4,37,46,15,0,0
20240409-2323-05a2-cc59-7e65ed092863_75a771e7-b0da-4096-8fe6-f60914ed98a4_2分,10,3,1,3,0,0,0,0,0,0,0,0,1,frac,210,40,11,4,True,16,105,0,3,21,8,15,32,10,0,0
20240409-2323-05a2-cc59-7e65ed092863_80300833-30da-4d60-8e05-9fd9ae34af56_2分,14,5,1,3,0,0,0,0,0,0,0,2,2,frac+textcircled,280,61,12,3,True,11,137,0,4,24,8,21,54,21,0,0
20240409-2359-1909-dd99-0de676457847_04105c89-bf04-4b8b-ae79-62108de640bc_9分,14,77,4,9,7,6,1,1,0,0,0,0,5,frac+sup+sub+sqrt+env,578,53,0,0,False,87,93,0,21,39,33,286,10,8,1,0
20240409-2359-1909-dd99-0de676457847_42e62c8f-95ed-4972-bc8b-a07d41851ee6_6分,6,15,2,4,4,0,0,1,0,0,0,0,3,frac+sup+env,153,36,0,0,False,21,27,1,4,16,12,60,9,2,1,0
20240409-2359-1909-dd99-0de676457847_48b30ea4-384b-4bbd-838b-4693c919fb40_17分,19,36,2,5,10,6,4,0,0,0,0,3,5,frac+sup+sub+sqrt+textcircled,421,64,1,1,True,82,54,0,34,51,25,126,44,5,0,0
20240409-2359-1909-dd99-0de676457847_652e528e-9dff-4b0c-a261-994d1796489d_10分,13,63,3,9,9,5,4,3,0,0,0,0,5,frac+sup+sub+sqrt+env,515,41,0,0,False,83,76,0,25,44,28,245,4,6,4,0
20240409-2359-1909-dd99-0de676457847_9ef49348-d245-4510-9f2c-b14b8e4a3ac2_14分,16,32,2,5,3,8,0,1,0,0,0,0,4,frac+sup+sub+env,288,42,0,0,False,55,43,0,19,24,12,121,5,8,1,0
20240409-2359-1909-dd99-0de676457847_a0917741-7585-4ec5-8cc3-9ee89049bf6d_2分,20,139,4,13,13,6,1,4,0,0,0,0,5,frac+sup+sub+sqrt+env,935,38,0,0,False,111,157,0,15,76,50,517,1,4,4,0
20240409-2359-1909-dd99-0de676457847_e09f3cd9-f3eb-4dcc-9354-73c5bae6dc24_5分,19,63,3,6,9,6,8,3,0,0,0,0,5,frac+sup+sub+sqrt+env,516,46,1,1,True,81,91,0,24,54,26,230,5,2,3,0
20240409-2359-1909-dd99-0de676457847_ff23b6ad-645e-4a98-bd11-14d482769bb4_17分,22,124,3,17,16,10,9,2,0,0,0,0,5,frac+sup+sub+sqrt+env,853,49,0,0,False,124,125,0,36,68,38,445,9,5,3,0
20240411-0043-3474-46ef-40bf44601664_1af6db9a-05a5-4f7f-89dd-1368bb5d7e24_13分,33,37,2,21,7,0,0,0,0,0,0,3,3,frac+sup+textcircled,683,65,0,0,False,91,86,0,28,70,86,161,121,40,0,0
20240411-0043-3474-46ef-40bf44601664_2ed11456-4733-44ac-a424-b4aefaf8ca12_14分,17,41,2,15,8,0,0,1,0,0,0,3,4,frac+sup+env+textcircled,706,64,0,0,False,97,96,0,29,75,94,183,98,32,2,0
20240411-0043-3474-46ef-40bf44601664_2fb4fd65-2741-4196-b7d6-a9eab304ea93_4分,4,9,2,2,3,0,0,0,0,0,0,0,2,frac+sup,136,30,0,0,False,26,18,0,4,20,18,35,14,1,0,0
20240411-0043-3474-46ef-40bf44601664_6ca8de5f-dbfc-4ef7-b9dc-66e1f17adacc_14分,24,30,2,15,6,1,0,1,0,0,0,0,4,frac+sup+sub+env,540,57,0,0,False,73,70,0,23,49,72,137,88,26,2,0
20240414-1422-244b-2ac8-345738720636_5df01f81-4f2d-4da0-86a6-c861e5c0d180_1分,12,44,2,11,4,0,11,0,0,0,0,0,3,frac+sup+sqrt,373,27,0,0,False,33,78,0,5,57,36,158,5,1,0,0
20240414-1422-244b-2ac8-345738720636_62e80a31-717e-40fb-a7e1-51c30944bc7c_10分,2,14,2,2,1,0,2,0,0,0,0,0,3,frac+sup+sqrt,124,22,0,0,False,7,27,0,2,17,8,58,5,0,0,0
20240414-1422-244b-2ac8-345738720636_bcfbe0c2-d55c-4df4-a2fe-68f8265d5e9e_3分,5,51,2,5,4,0,5,0,0,0,0,0,3,frac+sup+sqrt,463,23,0,0,False,46,105,0,0,75,45,187,5,0,0,0
20240414-1422-244b-2ac8-345738720636_fe5b6d5b-e205-401c-b44f-4663458a5a80_7分,6,49,2,6,5,0,6,0,0,0,0,0,3,frac+sup+sqrt,421,24,0,0,False,43,87,0,2,72,22,189,5,1,0,0
20240415-0732-40a8-fcaf-15eb26226976_3b682d5d-1d02-4622-a962-98899d738454_4分,11,23,2,0,5,5,0,1,0,3,0,0,4,sup+sub+env+accent,240,49,0,0,False,41,38,0,15,32,12,80,19,2,1,0
20240415-0732-40a8-fcaf-15eb26226976_3dc75727-09fd-4379-ba31-f7feea5a4745_5分,28,54,2,0,13,5,4,2,0,7,0,0,5,sup+sub+sqrt+env+accent,579,62,0,0,False,87,106,0,28,97,40,180,26,13,2,0
20240415-0732-40a8-fcaf-15eb26226976_64e5fae3-314b-4a08-ab11-08796ea06d03_13分,13,24,2,3,3,3,2,1,0,2,0,0,6,frac+sup+sub+sqrt+env+accent,284,54,0,0,False,38,50,0,14,43,20,96,18,3,2,0
20240415-0732-40a8-fcaf-15eb26226976_c3c8614e-e554-4b5a-a967-5d39c66df76b_2分,14,22,2,0,7,3,3,0,0,2,0,0,4,sup+sub+sqrt+accent,212,31,0,0,False,45,33,0,10,36,12,74,1,1,0,0
20240415-0732-40a8-fcaf-15eb26226976_c4066208-f359-4f53-842a-ed33394a021e_6分,23,57,2,4,8,11,2,3,0,5,0,3,7,frac+sup+sub+sqrt+env+accent+textcircled,572,68,0,0,False,83,88,0,31,71,30,206,49,11,3,0
20240415-0732-40a8-fcaf-15eb26226976_d6fe6e2f-4877-43ac-9e3e-84d1d226aa07_3分,7,9,2,0,3,1,0,1,0,0,0,0,3,sup+sub+env,105,35,0,0,False,15,18,0,3,18,8,32,8,2,1,0
20240415-0732-40a8-fcaf-15eb26226976_e775f3d7-6663-413b-923e-70ab7ff458c7_7分,20,29,2,0,8,4,4,1,0,2,0,0,5,sup+sub+sqrt+env+accent,324,44,0,0,False,58,52,0,16,53,24,109,8,2,2,0
20240415-0732-40a8-fcaf-15eb26226976_fbf4b6ee-e11b-4347-8eb4-f54f11374b09_8分,19,44,2,6,6,9,1,1,0,3,0,0,6,frac+sup+sub+sqrt+env+accent,434,75,0,0,False,52,76,0,18,48,20,163,46,10,1,0
20240417-0211-2267-a4bf-584902447500_0d83dc72-bd5e-4d1a-9b24-9a37879440da_6分,12,57,2,10,1,12,0,0,0,0,0,0,3,frac+sup+sub,471,48,0,0,False,94,47,1,13,58,8,205,39,6,0,0
20240417-0211-2267-a4bf-584902447500_2ebb9ce4-cbe9-4ec7-8919-76b9f2e17d4d_5分,7,40,2,3,0,7,0,0,0,0,0,0,2,frac+sub,364,38,0,0,False,82,37,0,1,54,18,132,35,5,0,0
20240417-0211-2267-a4bf-584902447500_3f47c3b0-e60e-486d-981b-8e6a3cf6f4e0_2分,6,51,3,4,0,6,0,0,0,0,0,4,3,frac+sub+textcircled,385,24,0,0,False,85,37,0,9,56,4,183,11,0,0,0
20240417-0211-2267-a4bf-584902447500_5adc71dc-0642-4999-9cad-72613fb7ff30_9分,33,116,3,13,7,22,0,0,0,0,0,0,3,frac+sup+sub,894,72,4,2,True,185,100,4,15,98,20,388,72,12,0,0
20240417-0211-2267-a4bf-584902447500_762a35de-ba07-4de9-8f5e-9298e524ea87_7分,8,30,2,4,0,8,0,0,0,0,0,0,2,frac+sub,236,28,0,0,False,51,28,0,3,34,6,102,11,1,0,0
20240417-0211-2267-a4bf-584902447500_9f04ded6-73ff-490c-a020-ab85f6645f0e_3分,16,56,2,9,0,14,0,0,0,0,0,0,2,frac+sub,443,39,0,0,False,96,49,0,13,66,10,188,16,5,0,0
20240417-0211-2267-a4bf-584902447500_cddd53c6-6dbc-443b-9048-19510f02e58b_13分,36,160,3,25,14,33,5,1,0,0,0,3,6,frac+sup+sub+sqrt+env+textcircled,1164,86,4,3,True,202,136,6,45,80,30,555,97,12,1,0
20240417-0211-2267-a4bf-584902447500_d83318c5-ed56-40c7-a801-7ae7fb235c5e_8分,26,112,4,14,6,22,2,0,0,0,0,0,4,frac+sup+sub+sqrt,765,54,2,1,True,159,86,3,19,77,10,382,29,0,0,0
20240422-0203-0132-d039-bd0df4534783_40416899-b11d-40af-8d41-ca9a8a9b8b47_5分,17,36,2,7,2,10,2,0,0,0,0,0,4,frac+sup+sub+sqrt,399,55,0,0,False,44,71,0,16,58,26,130,45,9,0,0
20240422-0203-0132-d039-bd0df4534783_6d89059a-dd16-4ee1-8066-2c01b9d178e6_8分,12,23,2,3,2,11,3,0,0,0,0,0,4,frac+sup+sub+sqrt,219,28,0,0,False,29,39,0,25,31,12,75,4,4,0,0
20240422-0203-0132-d039-bd0df4534783_bb7f02d3-027f-48f6-b82c-ac0e47f71f58_3分,18,58,2,5,2,14,3,2,0,0,0,0,5,frac+sup+sub+sqrt+env,564,42,0,0,False,82,126,0,11,82,34,208,12,7,2,0
20240422-0203-0132-d039-bd0df4534783_d7220da9-e7f9-4f68-802c-e0ce688112a8_11分,24,36,2,10,5,9,1,0,0,0,0,0,4,frac+sup+sub+sqrt,387,36,0,0,False,51,80,0,5,61,26,136,25,3,0,0
20240422-0332-2270-9d08-6c9b43693925_2ebdae44-dbbe-48a9-b536-0ef208c54f71_2分,20,46,4,10,13,1,9,0,0,0,0,2,5,frac+sup+sub+sqrt+textcircled,477,49,0,0,False,65,98,1,23,86,20,172,8,4,0,0
20240422-0332-2270-9d08-6c9b43693925_a97f0e80-263c-4c03-805c-57192f84f819_9分,25,56,3,6,17,1,8,0,0,0,0,0,4,frac+sup+sub+sqrt,710,70,0,0,False,99,157,1,32,117,52,194,47,11,0,0
20240422-0332-2270-9d08-6c9b43693925_b9af9601-bd69-4308-90b8-ab998bdfc3ed_5分,19,47,3,12,8,6,12,0,0,0,0,0,4,frac+sup+sub+sqrt,477,56,0,0,False,62,108,4,17,76,14,175,19,2,0,0
20240422-0332-2270-9d08-6c9b43693925_bf2c4004-dd5b-495d-95d4-cff8dc14fa17_5分,7,13,2,2,1,2,2,0,0,0,0,0,4,frac+sup+sub+sqrt,124,36,0,0,False,11,31,1,2,17,2,47,9,4,0,0
20240426-0905-14ca-faa4-d528ec221350_0a1290b8-2b6b-4bee-972d-f5c12263bb46_8分,5,5,1,1,1,0,0,2,0,0,0,0,3,frac+sup+env,96,38,1,1,True,15,14,0,5,13,8,29,9,1,2,0
20240426-0905-14ca-faa4-d528ec221350_16be2857-00d4-432e-9a5b-1c38859669af_2分,11,7,1,0,3,0,0,1,0,0,0,0,2,sup+env,148,38,0,0,False,28,30,0,5,25,14,31,10,3,2,0
20240426-0905-14ca-faa4-d528ec221350_369e1865-e885-4c43-a1aa-81ef152e1886_15分,11,11,1,1,5,0,0,1,0,0,0,0,3,frac+sup+env,165,47,0,0,False,30,26,0,8,21,22,40,16,1,1,0
20240426-0905-14ca-faa4-d528ec221350_6725120d-b70c-4920-b671-22d3ab0497f0_15分,13,16,1,1,6,2,0,2,0,0,0,0,4,frac+sup+sub+env,240,54,0,0,False,46,40,0,12,35,24,60,18,3,2,0
20240426-0905-14ca-faa4-d528ec221350_6b20c500-c26d-4ffc-afb3-a21912a14604_15分,15,27,1,3,7,3,0,1,0,0,0,5,5,frac+sup+sub+env+textcircled,304,65,0,0,False,46,48,0,11,41,22,94,37,4,1,0
20240426-0905-14ca-faa4-d528ec221350_9066d44c-3c86-4b0c-9f49-867d4464a002_2分,2,6,1,0,2,0,0,0,0,0,0,0,1,sup,76,28,0,0,False,19,10,0,4,6,10,18,8,1,0,0
20240426-0905-14ca-faa4-d528ec221350_939d6f21-887c-4103-add3-1082005c20e0_4分,6,8,1,2,1,1,0,0,0,0,0,0,3,frac+sup+sub,122,41,0,0,False,21,24,0,9,17,8,28,13,2,0,0
20240426-0905-14ca-faa4-d528ec221350_a4fa4a09-cc1e-41ac-a839-38c3a24b8499_15分,20,21,1,0,9,0,0,2,0,0,0,3,3,sup+env+textcircled,355,71,0,0,False,61,48,0,17,36,30,73,82,6,2,0
20240427-0106-2296-0d7f-93554c063663_05359ba0-c691-4f9c-a42c-2b2d3ac96d6d_7分,11,50,1,1,0,6,0,0,0,0,0,0,2,frac+sub,396,37,0,0,False,54,109,0,0,43,24,152,11,3,0,0
20240427-0106-2296-0d7f-93554c063663_0dee1633-5569-4d7e-9542-65ac39861321_7分,14,51,1,0,0,6,0,0,0,0,0,0,1,sub,451,33,1,1,True,54,143,0,8,68,12,153,11,2,0,0
20240427-0106-2296-0d7f-93554c063663_2ee63854-cfaf-465c-952f-c0163856da03_17分,19,131,2,5,0,14,0,5,0,0,0,0,3,frac+sub+env,999,60,0,0,False,141,236,0,17,81,28,432,28,1,35,0
20240427-0106-2296-0d7f-93554c063663_64848d00-7bc3-4365-8ec2-047583f46b8c_12分,27,203,3,7,4,16,4,1,0,0,0,0,5,frac+sup+sub+sqrt+env,1460,65,1,1,True,212,303,2,25,142,100,652,17,4,3,0
20240427-0106-2296-0d7f-93554c063663_6e58d36b-a6fd-4807-bdf4-265e3ff4346a_4分,3,2,1,0,0,0,0,2,0,0,0,0,1,env,76,26,0,0,False,2,31,0,4,14,4,16,1,1,3,0
20240427-0106-2296-0d7f-93554c063663_93513900-65bc-4fc9-93e5-9b0309183a18_8分,16,74,2,0,0,8,0,4,0,0,0,0,2,sub+env,605,37,0,0,False,73,179,0,17,51,6,247,11,1,20,0
20240427-0106-2296-0d7f-93554c063663_ed76ec5f-7728-4683-8e41-54906ccc5fa3_4分,8,0,0,0,0,0,0,0,0,0,0,0,0,,78,21,0,0,False,2,37,0,1,32,4,0,1,1,0,0
20240427-0106-2296-0d7f-93554c063663_fe5b6d4f-ca93-4b66-9a7c-cf9b7524cee4_12分,20,152,3,9,1,16,1,5,0,0,0,0,5,frac+sup+sub+sqrt+env,1104,47,0,0,False,150,262,0,18,89,26,511,9,3,36,0
20240506-0845-059c-baaf-88f84a004860_01c93670-c5ee-46a2-b74f-f642e3c4d041_5分,12,30,3,7,5,4,0,0,0,0,0,2,4,frac+sup+sub+textcircled,353,47,1,1,True,46,36,7,5,19,46,118,74,2,0,0
20240506-0845-059c-baaf-88f84a004860_405fa733-ff0e-4388-b5f0-b1274b6be7b0_10分,22,89,2,14,5,11,0,0,0,0,0,0,3,frac+sup+sub,669,54,0,0,False,66,114,0,12,36,42,325,63,11,0,0
20240506-0845-059c-baaf-88f84a004860_e21ef321-afab-4c5a-8197-6c2daf01de4e_3分,7,8,1,5,0,0,0,0,0,0,0,0,1,frac,105,31,0,0,False,0,19,0,1,3,4,40,33,5,0,0
20240506-0845-059c-baaf-88f84a004860_ebb68c1f-d5e2-4c7f-b96b-5a3a48e183bf_10分,14,52,3,8,3,7,0,0,0,0,0,0,3,frac+sup+sub,475,57,2,1,True,45,71,0,19,19,36,188,86,11,0,0
20240508-0935-35b3-c748-10df62533820_11c1e996-2e32-41de-bbaf-bdb094a8a9bf_17分,31,71,2,1,0,24,0,7,0,0,0,0,3,frac+sub+env,776,62,0,0,False,235,68,0,36,45,4,252,108,15,13,0
20240508-0935-35b3-c748-10df62533820_3946d28d-806b-4b79-b032-aa6e08190cdb_17分,34,45,1,0,0,23,0,0,0,0,0,0,1,sub,591,66,0,0,False,185,47,0,35,32,4,135,128,25,0,0
20240508-0935-35b3-c748-10df62533820_48bffb56-186f-4dea-9644-bb5865344a0c_13分,33,29,1,0,0,20,0,0,0,0,0,0,1,sub,394,51,0,0,False,132,32,0,22,23,6,87,82,10,0,0
20240508-0935-35b3-c748-10df62533820_6b4ad74e-d729-4cf9-954d-230b63cbbeae_8分,12,11,1,3,0,4,0,0,0,0,0,0,2,frac+sub,188,44,1,1,True,70,12,0,16,11,0,43,28,8,0,0
20240508-0935-35b3-c748-10df62533820_792885d3-e097-4bab-9da3-dcdef4ccd758_11分,24,60,1,3,0,15,0,0,0,0,4,7,4,frac+sub+stackrel+textcircled,586,71,1,1,True,156,61,0,17,28,4,196,103,21,0,0
20240508-0935-35b3-c748-10df62533820_86081c09-c49e-49e1-b506-cf23a46d9f62_2分,10,18,1,0,0,10,0,0,0,0,1,0,2,sub+stackrel,172,41,0,0,False,49,20,0,12,10,2,56,22,1,0,0
20240508-0935-35b3-c748-10df62533820_b74b3573-bbf0-4efc-95bc-08eca35ddf96_13分,24,38,1,5,0,15,0,0,0,0,0,0,2,frac+sub,444,48,0,0,False,133,47,0,30,26,4,128,62,14,0,0
20240508-0935-35b3-c748-10df62533820_f731aaf2-4cb9-4b5e-871c-12ddf6cd8413_8分,11,13,1,0,0,9,0,0,0,0,1,0,2,sub+stackrel,166,38,0,0,False,60,13,0,10,11,2,41,27,2,0,0
20240509-0258-41a9-0d55-8f76bb189817_21521e84-2fdc-45ee-af9a-640cea20b3c6_8分,11,26,2,3,0,4,0,0,0,4,0,2,4,frac+sub+accent+textcircled,360,62,3,3,True,28,133,0,3,48,14,92,38,4,0,0
20240509-0258-41a9-0d55-8f76bb189817_2957a7bd-ef36-4898-b8dc-32657ea1c6d2_12分,9,6,2,2,0,1,0,0,0,1,0,1,4,frac+sub+accent+textcircled,168,55,1,1,True,19,54,0,1,20,18,24,29,3,0,0
20240509-0258-41a9-0d55-8f76bb189817_2bc9b6c0-379a-4996-9b82-d292e878d7eb_6分,15,8,2,3,0,1,0,0,0,2,0,2,4,frac+sub+accent+textcircled,187,62,3,3,True,24,52,1,2,18,16,30,40,4,0,0
20240509-0258-41a9-0d55-8f76bb189817_2c40b347-2788-4a79-9bdd-cc5bb465b485_12分,14,30,2,5,1,2,0,0,0,4,0,5,5,frac+sup+sub+accent+textcircled,466,82,8,4,True,38,132,0,11,40,28,110,84,23,0,0
20240509-0258-41a9-0d55-8f76bb189817_60485283-aa77-4bda-939e-5701b10f255f_4分,17,60,1,9,8,12,0,0,0,4,0,1,5,frac+sup+sub+accent+textcircled,552,52,2,2,True,43,145,0,3,51,50,216,21,23,0,0
20240509-0258-41a9-0d55-8f76bb189817_64ec7ced-ea1e-4a33-8969-1bae84a1a675_4分,12,12,2,4,2,1,0,0,0,1,0,1,5,frac+sup+sub+accent+textcircled,206,46,0,0,False,17,72,0,5,26,17,48,19,2,0,0
20240509-0258-41a9-0d55-8f76bb189817_877b34b1-9e43-4d37-9764-339f0ddbfff9_3分,7,3,1,0,0,0,0,0,0,0,0,3,1,textcircled,125,61,2,2,True,9,16,0,1,5,8,9,73,4,0,0
20240509-0258-41a9-0d55-8f76bb189817_dcdbb6ff-738d-4e82-8002-73b940916108_8分,4,7,1,2,0,0,0,0,0,0,0,1,2,frac+textcircled,109,34,2,1,True,7,33,0,0,11,8,33,15,2,0,0
20240511-0121-3194-42bf-0f4337112421_0d62f1c1-e400-470b-819d-e2ee8ea240a5_5分,6,24,2,4,4,2,4,0,0,0,0,0,4,frac+sup+sub+sqrt,186,34,0,0,False,19,29,0,3,7,32,80,13,3,0,0
20240511-0121-3194-42bf-0f4337112421_1fdae48f-8308-42b1-b866-6a737d5cf6fc_5分,25,104,2,14,18,10,12,0,0,0,0,0,4,frac+sup+sub+sqrt,732,38,0,0,False,66,146,0,6,52,106,346,8,2,0,0
20240511-0121-3194-42bf-0f4337112421_9ace5616-dfbc-480b-b280-90a0c1a8292b_15分,21,50,2,13,8,6,0,0,0,0,0,0,3,frac+sup+sub,486,48,0,0,False,49,94,0,22,67,22,186,44,2,0,0
20240511-0121-3194-42bf-0f4337112421_deb6864e-0387-4394-991c-96c57b6b7689_10分,13,41,2,7,6,5,1,0,0,0,0,0,4,frac+sup+sub+sqrt,315,38,0,0,False,37,58,0,6,29,32,145,7,1,0,0
20240515-0209-114d-ca94-aeb3c8363569_3e4c8c98-3c79-4856-a0c3-589abe2cea6a_16分,31,198,3,20,9,21,0,2,0,0,0,4,5,frac+sup+sub+env+textcircled,1334,73,0,0,False,189,216,0,23,115,34,702,41,12,2,0
20240515-0209-114d-ca94-aeb3c8363569_58dfc619-3386-4bd1-adf2-cfb88b213130_8分,15,36,2,5,5,6,0,1,0,0,0,0,4,frac+sup+sub+env,355,55,1,1,True,80,41,1,14,39,12,135,25,7,1,0
20240515-0209-114d-ca94-aeb3c8363569_98068dfe-7a53-4093-b775-9593b68f3587_10分,19,150,3,15,10,14,0,1,0,0,0,0,4,frac+sup+sub+env,1058,77,1,1,True,157,183,2,20,102,28,513,46,6,1,0
20240515-0209-114d-ca94-aeb3c8363569_ab910764-c260-4e13-9e11-e25424f6f506_8分,8,14,2,0,4,2,0,2,0,0,0,0,3,sup+sub+env,202,61,3,3,True,31,29,3,7,22,12,52,34,9,3,0
20240515-0209-114d-ca94-aeb3c8363569_bb51918b-22f9-4d8b-83a7-231912f3f314_9分,19,69,2,5,5,11,0,2,0,0,0,0,4,frac+sup+sub+env,630,72,3,3,True,115,84,3,22,52,26,242,62,21,3,0
20240515-0209-114d-ca94-aeb3c8363569_cf8bd000-3597-4883-845f-f158aaa700c5_11分,7,13,2,4,3,1,0,1,0,0,0,0,4,frac+sup+sub+env,136,38,0,0,False,20,18,0,6,12,6,58,13,2,1,0
20240515-0209-114d-ca94-aeb3c8363569_e94ad900-c014-4e27-bc3f-163fc3ed5930_14分,43,112,2,19,14,28,0,1,0,0,0,0,4,frac+sup+sub+env,979,75,0,0,False,137,187,0,46,121,36,389,51,11,1,0
20240515-0209-114d-ca94-aeb3c8363569_f4793f6b-7117-4b92-8e6d-7aa61a819570_5分,7,8,1,3,1,1,0,0,0,0,0,0,3,frac+sup+sub,115,40,1,1,True,20,13,1,13,6,10,36,12,4,0,0
20240515-0812-1180-3a87-5fc97d016073_21b2a77e-a637-4268-b164-c122823a10ea_8分,17,25,2,9,4,1,0,0,0,0,0,0,3,frac+sup+sub,379,48,0,0,False,68,66,6,44,53,14,105,18,5,0,0
20240515-0812-1180-3a87-5fc97d016073_cf58f8fe-c1cd-4e4c-8dde-2c87dd2b9836_2分,4,0,0,0,0,0,0,0,0,0,0,0,0,,63,14,0,0,False,20,7,0,17,9,10,0,0,0,0,0
20240515-0812-1180-3a87-5fc97d016073_d52c2aca-a1e8-472d-ad91-6bf4b13239df_13分,29,57,2,15,12,2,3,0,0,0,0,0,4,frac+sup+sub+sqrt,622,43,1,1,True,128,104,0,50,73,6,255,6,0,0,0
20240515-0812-1180-3a87-5fc97d016073_d5358db2-fc3a-4edf-b4f6-2b1a8a6b22e3_8分,15,32,2,9,4,1,3,0,0,0,0,2,5,frac+sup+sub+sqrt+textcircled,480,68,2,2,True,87,59,1,64,47,14,148,48,12,0,0
20240516-1206-4127-fc81-0e5008200835_00700f32-5ca9-412c-a9c5-f6a1848ba660_3分,3,3,1,0,1,0,0,1,0,0,0,0,2,sup+env,91,25,0,0,False,15,15,0,4,16,10,19,4,6,2,0
20240516-1206-4127-fc81-0e5008200835_0317571d-8256-4096-a6cd-eab04f61af6c_7分,19,74,3,4,9,7,1,2,0,0,0,0,5,frac+sup+sub+sqrt+env,688,70,2,2,True,134,81,0,28,65,35,261,63,16,5,0
20240516-1206-4127-fc81-0e5008200835_0a0be971-db31-4cc7-b552-9417a32e41e8_4分,4,5,1,0,0,0,0,2,0,0,0,0,1,env,108,29,0,0,False,16,16,0,1,18,4,40,6,2,5,0
20240516-1206-4127-fc81-0e5008200835_556e3e86-650a-4df3-a8da-178a0779396c_9分,21,161,3,10,7,12,0,7,0,0,0,0,4,frac+sup+sub+env,1234,76,4,4,True,233,125,0,30,100,70,603,51,14,8,0
20240516-1206-4127-fc81-0e5008200835_b65539e3-179e-4ba3-b010-dd8665274839_4分,4,2,1,0,0,0,0,2,0,0,0,0,1,env,66,23,0,0,False,10,10,0,4,13,6,16,2,3,2,0
20240516-1206-4127-fc81-0e5008200835_ca5be811-53eb-41b3-b6e6-c355bb634dc6_7分,22,156,2,8,8,15,0,4,0,0,0,0,4,frac+sup+sub+env,1201,71,6,3,True,247,145,1,17,108,92,533,27,18,13,0
20240516-1206-4127-fc81-0e5008200835_e2ef7cd9-a408-46a3-8c08-f98c63862c13_4分,6,8,1,0,0,1,0,3,0,0,0,0,2,sub+env,152,38,1,1,True,29,18,0,2,18,8,54,9,8,6,0
20240516-1206-4127-fc81-0e5008200835_e468dfe7-8843-4045-8a1a-82a07e0db8f0_8分,16,114,2,6,9,13,0,2,0,0,0,0,4,frac+sup+sub+env,867,68,1,1,True,185,103,0,25,79,41,379,35,15,5,0
20240525-0352-21dd-a523-7272e4072699_27531520-80e2-4614-a4d0-6f0b29f0d874_1分,2,4,1,2,0,0,0,0,0,0,0,0,1,frac,47,16,0,0,False,0,19,0,1,2,2,20,3,0,0,0
20240525-0352-21dd-a523-7272e4072699_2e01aaba-fee4-464d-bec0-09fb15062325_5分,6,6,1,4,0,0,0,0,0,0,0,0,1,frac,114,34,2,2,True,16,19,0,7,7,12,30,21,2,0,0
20240525-0352-21dd-a523-7272e4072699_4bbc2a0a-e890-4354-bbe3-b17109f1a57c_3分,19,43,2,8,3,9,0,0,1,8,0,0,5,frac+sup+sub+bigop+accent,438,81,6,4,True,81,44,0,14,23,44,145,79,8,0,0
20240525-0352-21dd-a523-7272e4072699_556c9c38-f05e-474a-adf5-a56eb04cc02f_5分,7,15,2,6,1,1,0,0,0,0,0,0,3,frac+sup+sub,168,22,0,0,False,29,34,0,5,9,24,67,0,0,0,0
20240525-0352-21dd-a523-7272e4072699_564ad2fa-59b2-4535-a20b-5aa10c23f1a0_5分,3,1,1,1,0,0,0,0,0,0,0,0,1,frac,49,32,3,2,True,4,8,0,3,1,2,5,26,0,0,0
20240525-0352-21dd-a523-7272e4072699_5ca479b4-2bf2-453a-9103-612f16cefc25_5分,4,10,2,3,0,0,0,0,0,0,0,0,1,frac,155,37,2,1,True,19,31,0,4,9,16,50,24,2,0,0
20240525-0352-21dd-a523-7272e4072699_96cafca7-e09b-4b18-aaf3-485bd95eaabd_11分,17,77,3,10,8,12,0,0,2,4,0,0,5,frac+sup+sub+bigop+accent,619,62,2,2,True,115,79,0,15,39,78,257,26,10,0,0
20240525-0352-21dd-a523-7272e4072699_bfd373ab-104e-4075-96c2-1fa9b35c37d8_6分,7,19,2,4,1,2,0,0,1,2,0,0,5,frac+sup+sub+bigop+accent,218,63,2,2,True,31,27,1,4,8,20,73,49,5,0,0
20240527-0244-02cd-599c-ef9818462884_10386c3d-18b4-479b-87be-6a736bbb07d1_1分,18,38,1,0,0,14,0,0,0,0,1,1,3,sub+stackrel+textcircled,299,38,1,1,True,76,38,0,13,17,4,118,27,6,0,0
20240527-0244-02cd-599c-ef9818462884_135dfd32-3f6f-42bc-9a1d-24adb820d9c6_14分,39,94,2,5,2,34,2,0,0,0,6,0,5,frac+sup+sub+sqrt+stackrel,781,65,0,0,False,198,92,1,40,52,4,310,78,6,0,0
20240527-0244-02cd-599c-ef9818462884_7fde01b9-798d-4c28-9fcb-4b2b77841109_17分,71,130,2,7,9,55,6,1,0,0,1,0,6,frac+sup+sub+sqrt+env+stackrel,1230,89,0,0,False,312,140,1,71,66,22,415,162,39,2,0
20240527-0244-02cd-599c-ef9818462884_828b38bc-2782-4f9d-bd1b-5a3747b7cb98_17分,50,165,2,8,5,45,7,0,0,0,0,0,4,frac+sup+sub+sqrt,1250,79,1,1,True,305,176,2,55,64,10,515,117,6,0,0
20240527-0244-02cd-599c-ef9818462884_94a0f3d9-471e-47c1-8044-c4c9300b1db9_1分,11,27,1,0,2,9,0,0,0,0,0,0,2,sup+sub,211,41,0,0,False,43,32,0,14,11,2,81,25,3,0,0
20240527-0244-02cd-599c-ef9818462884_a0a40385-6a43-464f-ae00-f9d7e282878f_15分,39,110,3,7,6,34,3,0,0,0,2,0,5,frac+sup+sub+sqrt+stackrel,885,75,2,2,True,214,117,1,51,55,10,356,78,3,0,0
20240527-0244-02cd-599c-ef9818462884_c3b5d220-8220-44c7-8a2a-4ff2f4ecceea_7分,17,45,1,0,1,15,0,0,0,0,0,0,2,sup+sub,400,58,2,2,True,96,49,0,20,12,6,135,73,9,0,0
20240527-0244-02cd-599c-ef9818462884_da4c50cb-84fd-420c-8355-e5471ca1e996_17分,48,123,3,11,5,39,6,0,0,0,0,0,4,frac+sup+sub+sqrt,986,80,2,2,True,206,140,4,67,52,18,401,91,7,0,0
20240527-0257-25e8-3008-c6addc717258_15_15,33,62,3,9,12,7,9,0,0,0,0,0,4,frac+sup+sub+sqrt,634,56,0,0,False,161,76,4,87,49,8,222,23,4,0,0
20240527-0257-25e8-3008-c6addc717258_15_153,33,58,2,7,13,6,13,0,0,0,0,0,4,frac+sup+sub+sqrt,552,50,0,0,False,117,85,11,61,60,14,192,10,2,0,0
20240527-0257-25e8-3008-c6addc717258_15_158,11,19,2,3,6,0,4,0,0,0,0,0,3,frac+sup+sqrt,210,41,0,0,False,49,30,0,34,17,2,67,9,2,0,0
20240527-0257-25e8-3008-c6addc717258_15_72,47,101,2,15,19,3,25,0,0,0,0,0,4,frac+sup+sub+sqrt,1037,46,0,0,False,251,173,7,93,139,22,345,6,1,0,0
20240527-0257-25e8-3008-c6addc717258_16_104,27,151,4,4,2,25,2,2,0,7,1,0,7,frac+sup+sub+sqrt+env+accent+stackrel,1155,85,0,0,False,148,209,0,48,89,36,513,66,42,4,0
20240527-0257-25e8-3008-c6addc717258_16_163,30,100,3,3,1,24,1,0,0,6,1,0,6,frac+sup+sub+sqrt+accent+stackrel,803,80,1,1,True,151,134,0,19,50,34,322,57,36,0,0
20240527-0257-25e8-3008-c6addc717258_16_192,16,62,3,1,1,13,4,1,0,2,1,0,7,frac+sup+sub+sqrt+env+accent+stackrel,500,64,0,0,False,63,93,0,21,37,22,216,25,21,2,0
20240527-0257-25e8-3008-c6addc717258_16_86,40,159,3,4,5,37,2,3,0,7,7,0,7,frac+sup+sub+sqrt+env+accent+stackrel,1232,80,0,0,False,195,211,1,51,96,36,547,54,37,4,0
20240527-0257-25e8-3008-c6addc717258_17_110,45,90,2,20,28,6,8,0,0,1,0,6,6,frac+sup+sub+sqrt+accent+textcircled,1036,62,0,0,False,207,122,4,48,126,130,314,67,18,0,0
20240527-0257-25e8-3008-c6addc717258_17_128,11,14,2,4,8,0,0,0,0,0,0,2,3,frac+sup+textcircled,186,37,0,0,False,27,24,0,12,13,24,50,30,6,0,0
20240527-0257-25e8-3008-c6addc717258_17_149,27,43,2,8,18,0,2,0,0,0,0,2,4,frac+sup+sqrt+textcircled,574,52,1,1,True,124,62,0,31,70,88,147,45,7,0,0
20240527-0257-25e8-3008-c6addc717258_17_152,31,38,2,10,12,0,5,0,0,0,0,2,4,frac+sup+sqrt+textcircled,528,51,1,1,True,112,64,0,28,64,66,138,45,11,0,0
20240527-0257-25e8-3008-c6addc717258_17_153,29,44,2,9,18,1,3,0,0,0,0,0,4,frac+sup+sub+sqrt,581,52,0,0,False,112,80,0,26,80,66,152,53,12,0,0
20240527-0257-25e8-3008-c6addc717258_17_176,16,34,2,9,11,0,3,0,0,0,0,0,3,frac+sup+sqrt,398,55,0,0,False,85,47,0,12,57,44,122,27,4,0,0
20240527-0257-25e8-3008-c6addc717258_17_32,24,56,2,7,16,4,5,0,0,0,0,0,4,frac+sup+sub+sqrt,716,61,0,0,False,157,66,0,40,80,94,186,82,11,0,0
20240527-0257-25e8-3008-c6addc717258_17_64,6,12,2,5,3,0,3,0,0,0,0,1,4,frac+sup+sqrt+textcircled,131,37,0,0,False,18,17,0,5,12,12,46,16,5,0,0
20240527-0257-25e8-3008-c6addc717258_19_123,4,10,1,1,0,0,0,0,0,0,0,0,1,frac,115,30,0,0,False,4,24,0,0,10,6,52,19,0,0,0
20240527-0257-25e8-3008-c6addc717258_19_14,8,21,1,5,0,0,0,0,0,1,0,0,2,frac+accent,227,38,5,3,True,15,41,0,4,19,14,97,37,0,0,0
20240527-0257-25e8-3008-c6addc717258_19_141,4,15,1,3,0,0,0,0,0,0,0,0,1,frac,136,17,0,0,False,2,36,0,0,15,6,75,1,1,0,0
20240527-0257-25e8-3008-c6addc717258_19_161,6,14,1,4,0,0,0,0,0,1,0,0,2,frac+accent,151,28,2,2,True,11,32,0,3,15,8,70,11,1,0,0
20240527-0257-25e8-3008-c6addc717258_19_163,27,63,2,9,10,8,0,0,0,3,0,0,4,frac+sup+sub+accent,743,46,3,3,True,67,229,0,14,97,51,235,11,39,0,0
20240527-0257-25e8-3008-c6addc717258_19_168,14,36,1,6,1,4,0,0,0,0,0,3,4,frac+sup+sub+textcircled,319,47,1,1,True,21,82,0,8,30,10,152,16,0,0,0
20240527-0257-25e8-3008-c6addc717258_19_49,15,32,1,7,0,0,0,0,0,2,0,0,2,frac+accent,439,57,3,3,True,36,66,0,3,34,30,148,121,1,0,0
20240527-0257-25e8-3008-c6addc717258_19_56,5,21,1,4,1,1,0,0,0,0,0,0,3,frac+sup+sub,179,27,0,0,False,9,43,0,2,16,10,97,1,1,0,0
20240527-1328-161a-c2c0-676cb0382723_15_102,18,119,3,4,2,12,4,1,0,4,0,0,6,frac+sup+sub+sqrt+env+accent,1026,109,1,1,True,177,164,8,39,52,34,401,120,29,2,0
20240527-1328-161a-c2c0-676cb0382723_15_111,12,98,3,2,2,12,2,0,0,0,0,0,4,frac+sup+sub+sqrt,715,77,2,1,True,145,104,0,26,33,8,318,76,5,0,0
20240527-1328-161a-c2c0-676cb0382723_15_22,30,80,2,2,2,20,6,2,0,3,0,3,7,frac+sup+sub+sqrt+env+accent+textcircled,712,93,5,3,True,128,108,1,33,43,28,274,66,27,4,0
20240527-1328-161a-c2c0-676cb0382723_15_24,4,30,1,0,0,4,0,0,0,0,0,0,1,sub,210,31,0,0,False,46,31,0,6,5,2,92,22,6,0,0
20240527-1328-161a-c2c0-676cb0382723_16_116,5,9,1,4,0,0,0,0,0,0,0,0,1,frac,119,25,0,0,False,6,28,0,13,14,6,45,5,2,0,0
20240527-1328-161a-c2c0-676cb0382723_16_131,21,51,2,10,5,8,0,0,0,0,0,0,3,frac+sup+sub,571,51,7,5,True,50,148,0,10,53,56,211,34,9,0,0
20240527-1328-161a-c2c0-676cb0382723_16_151,16,65,1,13,1,1,0,0,0,0,0,0,3,frac+sup+sub,640,39,2,1,True,8,221,0,5,55,14,319,16,2,0,0
20240527-1328-161a-c2c0-676cb0382723_16_91,5,0,0,0,0,0,0,0,0,0,0,0,0,,70,25,0,0,False,7,23,0,4,9,14,0,5,8,0,0
20240527-1328-161a-c2c0-676cb0382723_17_09,12,10,2,0,6,2,0,0,0,0,0,0,2,sup+sub,180,53,0,0,False,42,13,0,10,22,28,30,31,4,0,0
20240527-1328-161a-c2c0-676cb0382723_17_138,16,43,3,6,8,5,2,0,0,0,0,0,4,frac+sup+sub+sqrt,553,83,1,1,True,98,54,19,48,62,54,157,43,18,0,0
20240527-1328-161a-c2c0-676cb0382723_17_144,23,36,3,9,8,4,3,0,0,0,0,0,4,frac+sup+sub+sqrt,438,68,1,1,True,67,41,13,37,42,46,140,41,11,0,0
20240527-1328-161a-c2c0-676cb0382723_17_148,8,28,2,0,7,4,0,0,0,0,0,0,2,sup+sub,239,38,0,0,False,58,20,0,10,32,22,84,13,0,0,0
20240527-1328-161a-c2c0-676cb0382723_17_194,7,23,2,0,7,4,0,0,0,0,0,0,2,sup+sub,214,31,0,0,False,61,10,0,6,30,20,69,12,6,0,0
20240527-1328-161a-c2c0-676cb0382723_17_49,10,21,2,0,7,6,0,0,0,0,0,0,2,sup+sub,171,30,0,0,False,45,14,0,5,18,18,63,5,3,0,0
20240527-1328-161a-c2c0-676cb0382723_17_79,15,25,2,0,9,8,0,0,0,0,0,0,2,sup+sub,282,62,0,0,False,50,25,0,16,31,36,75,40,9,0,0
20240527-1328-161a-c2c0-676cb0382723_17_86,38,74,2,11,16,12,3,0,0,0,0,3,5,frac+sup+sub+sqrt+textcircled,875,81,0,0,False,158,100,31,68,101,72,252,65,28,0,0
20240527-1328-161a-c2c0-676cb0382723_18_115,35,137,3,26,12,13,7,5,0,0,0,0,5,frac+sup+sub+sqrt+env,1297,108,4,2,True,149,240,5,25,119,64,548,99,43,5,0
20240527-1328-161a-c2c0-676cb0382723_18_128,13,35,3,7,7,2,3,1,0,0,0,0,5,frac+sup+sub+sqrt+env,346,74,0,0,False,45,53,0,13,26,16,132,51,9,1,0
20240527-1328-161a-c2c0-676cb0382723_18_13,40,116,4,21,14,12,5,1,0,0,0,0,5,frac+sup+sub+sqrt+env,1149,99,3,2,True,221,150,1,67,103,55,453,84,14,1,0
20240527-1328-161a-c2c0-676cb0382723_18_179,11,48,3,7,5,3,2,2,0,0,0,0,5,frac+sup+sub+sqrt+env,422,63,0,0,False,52,69,0,11,37,20,189,31,9,4,0
20240527-1328-161a-c2c0-676cb0382723_18_51,7,19,2,2,4,0,3,1,0,0,0,3,5,frac+sup+sqrt+env+textcircled,153,47,0,0,False,16,24,0,10,10,4,68,15,5,1,0
20240527-1328-161a-c2c0-676cb0382723_18_60,7,19,2,2,5,0,4,0,0,0,0,0,3,frac+sup+sqrt,155,39,0,0,False,17,26,0,10,16,4,65,14,3,0,0
20240527-1328-161a-c2c0-676cb0382723_18_68,4,13,2,2,3,0,2,0,0,0,0,0,3,frac+sup+sqrt,88,21,0,0,False,12,17,0,0,10,2,45,1,1,0,0
20240527-1328-161a-c2c0-676cb0382723_18_95,18,65,3,11,7,6,2,3,0,0,0,0,5,frac+sup+sub+sqrt+env,532,59,0,0,False,68,89,1,9,41,22,258,25,16,3,0
20240529-0315-024e-6c33-50e02f788585_%e4%ba%8c.15_160,43,120,2,5,2,34,7,2,0,5,1,0,7,frac+sup+sub+sqrt+env+accent+stackrel,1002,87,0,0,False,190,153,3,52,66,28,412,65,29,4,0
20240529-0315-024e-6c33-50e02f788585_%e4%ba%8c.15_190,22,39,2,1,1,15,1,1,0,2,0,0,6,frac+sup+sub+sqrt+env+accent,393,66,0,0,False,76,60,1,26,30,16,144,29,10,1,0
20240529-0315-024e-6c33-50e02f788585_%e4%ba%8c.15_33,29,136,3,6,3,24,5,1,0,1,1,0,7,frac+sup+sub+sqrt+env+accent+stackrel,1197,100,16,8,True,206,190,4,61,56,30,470,127,52,1,0
20240529-0315-024e-6c33-50e02f788585_%e4%ba%8c.15_90,31,77,2,5,3,20,5,1,0,4,0,3,7,frac+sup+sub+sqrt+env+accent+textcircled,813,95,0,0,False,178,107,0,56,59,30,274,83,25,1,0
20240529-0315-024e-6c33-50e02f788585_%e4%ba%8c.16_115,16,8,2,2,0,1,0,0,0,0,0,0,2,frac+sub,212,36,0,0,False,34,78,0,5,41,10,32,4,8,0,0
20240529-0315-024e-6c33-50e02f788585_%e4%ba%8c.16_122,30,28,2,8,2,2,0,0,0,0,0,0,3,frac+sup+sub,556,49,2,2,True,60,188,0,24,76,28,116,46,18,0,0
20240529-0315-024e-6c33-50e02f788585_%e4%ba%8c.16_143,13,4,1,2,0,0,0,0,0,0,0,0,1,frac,242,78,4,4,True,11,63,0,11,18,14,20,94,11,0,0
20240529-0315-024e-6c33-50e02f788585_%e4%ba%8c.16_175,6,10,2,2,0,3,0,0,0,0,0,0,2,frac+sub,143,47,2,1,True,10,38,0,1,14,6,38,33,3,0,0
20240529-0315-024e-6c33-50e02f788585_%e4%ba%8c.17_121,20,22,1,6,10,0,0,0,0,0,0,0,2,frac+sup,377,73,1,1,True,87,39,0,15,52,40,80,61,3,0,0
20240529-0315-024e-6c33-50e02f788585_%e4%ba%8c.17_153,21,111,2,8,17,12,0,0,0,0,0,0,3,frac+sup+sub,931,65,0,0,False,134,143,3,50,105,92,355,39,10,0,0
20240529-0315-024e-6c33-50e02f788585_%e4%ba%8c.17_31,29,49,2,5,13,11,0,0,0,0,0,0,3,frac+sup+sub,570,55,1,1,True,107,69,0,52,70,74,157,29,12,0,0
20240529-0315-024e-6c33-50e02f788585_%e4%ba%8c.17_47,7,9,1,2,4,0,0,0,0,0,0,0,2,frac+sup,138,29,0,0,False,34,16,0,7,23,18,31,8,1,0,0
20240529-0315-024e-6c33-50e02f788585_%e4%ba%8c.19_14,24,29,1,2,4,12,0,0,0,0,0,0,3,frac+sup+sub,387,40,0,0,False,87,71,0,16,77,24,95,16,1,0,0
20240529-0315-024e-6c33-50e02f788585_%e4%ba%8c.19_21,34,85,2,6,15,18,0,0,0,0,0,2,4,frac+sup+sub+textcircled,958,103,6,5,True,158,163,0,42,88,97,267,134,9,0,0
20240529-0315-024e-6c33-50e02f788585_%e4%ba%8c.19_39,39,89,1,5,4,35,0,0,0,0,0,0,3,frac+sup+sub,794,53,3,3,True,132,142,0,21,107,36,317,39,0,0,0
20240529-0315-024e-6c33-50e02f788585_%e4%ba%8c.19_44,5,10,1,0,4,3,0,0,0,0,0,0,2,sup+sub,105,36,1,1,True,20,15,0,6,13,6,30,11,4,0,0
20240530-0534-44f4-2dcf-0bc7d2998193_15_106,20,26,1,3,13,0,0,0,0,0,0,0,2,frac+sup,436,62,0,0,False,92,51,0,20,62,76,84,47,4,0,0
20240530-0534-44f4-2dcf-0bc7d2998193_15_129,9,17,1,0,6,0,0,0,0,0,0,0,1,sup,185,28,0,0,False,43,28,0,7,27,22,51,5,2,0,0
20240530-0534-44f4-2dcf-0bc7d2998193_15_38,31,58,2,5,16,4,2,0,0,0,0,2,5,frac+sup+sub+sqrt+textcircled,994,93,3,2,True,162,122,0,47,150,124,192,164,33,0,0
20240530-0534-44f4-2dcf-0bc7d2998193_15_46,74,142,1,12,40,4,0,0,0,0,0,0,3,frac+sup+sub,1690,75,4,2,True,352,236,0,74,248,152,462,134,32,0,0
20240530-0534-44f4-2dcf-0bc7d2998193_16_129,10,27,2,3,3,0,5,0,0,0,0,0,3,frac+sup+sqrt,211,37,0,0,False,30,38,3,15,20,6,95,3,1,0,0
20240530-0534-44f4-2dcf-0bc7d2998193_16_164,6,9,2,2,1,0,4,0,0,0,0,0,3,frac+sup+sqrt,96,36,0,0,False,15,13,0,9,9,4,31,14,1,0,0
20240530-0534-44f4-2dcf-0bc7d2998193_16_167,25,107,2,16,10,2,10,0,0,0,0,0,4,frac+sup+sub+sqrt,882,55,0,0,False,90,197,22,47,81,6,415,22,2,0,0
20240530-0534-44f4-2dcf-0bc7d2998193_16_176,4,9,2,1,1,0,2,0,0,0,0,0,3,frac+sup+sqrt,84,29,0,0,False,10,16,0,3,8,10,31,5,1,0,0
20240530-0534-44f4-2dcf-0bc7d2998193_16_190,23,79,3,15,5,2,15,0,0,0,0,0,4,frac+sup+sub+sqrt,669,61,1,1,True,65,113,19,40,64,10,313,42,3,0,0
20240530-0534-44f4-2dcf-0bc7d2998193_16_21,12,31,2,6,6,0,5,0,0,0,0,0,3,frac+sup+sqrt,259,37,0,0,False,43,49,4,16,30,6,107,3,1,0,0
20240530-0534-44f4-2dcf-0bc7d2998193_16_89,6,14,2,2,1,0,4,0,0,0,0,0,3,frac+sup+sqrt,106,27,0,0,False,16,20,0,5,10,4,48,2,1,0,0
20240530-0534-44f4-2dcf-0bc7d2998193_16_91,25,66,3,17,9,1,11,0,0,0,0,0,4,frac+sup+sub+sqrt,660,54,0,0,False,96,96,32,67,75,10,260,22,2,0,0
20240530-0534-44f4-2dcf-0bc7d2998193_17_06,30,96,4,5,8,4,12,2,0,7,0,0,6,frac+sup+sub+sqrt+env+accent,1039,110,0,0,False,190,105,30,68,82,50,348,123,41,2,0
20240530-0534-44f4-2dcf-0bc7d2998193_17_33,15,0,0,0,0,0,0,0,0,0,0,0,0,,190,51,0,0,False,87,3,0,12,15,6,0,54,13,0,0
20240530-0534-44f4-2dcf-0bc7d2998193_17_38,36,74,3,9,2,8,10,6,0,7,0,0,6,frac+sup+sub+sqrt+env+accent,769,82,1,1,True,157,81,5,40,49,34,311,51,32,9,0
20240530-0534-44f4-2dcf-0bc7d2998193_17_60,25,53,3,2,2,2,7,2,0,6,0,0,6,frac+sup+sub+sqrt+env+accent,601,74,0,0,False,109,77,24,24,54,46,197,37,31,2,0
20240530-0534-44f4-2dcf-0bc7d2998193_18_02,6,0,0,0,0,0,0,0,0,0,0,0,0,,86,53,3,3,True,6,11,0,1,3,6,0,52,7,0,0
20240530-0534-44f4-2dcf-0bc7d2998193_18_11,2,0,0,0,0,0,0,0,0,0,0,0,0,,16,11,0,0,False,1,6,0,0,1,4,0,2,2,0,0
20240530-0534-44f4-2dcf-0bc7d2998193_18_139,9,26,1,0,3,3,0,0,0,0,0,0,2,sup+sub,213,28,0,0,False,22,62,0,2,29,16,78,1,3,0,0
20240530-0534-44f4-2dcf-0bc7d2998193_18_144,4,5,1,1,1,1,0,0,0,0,0,0,3,frac+sup+sub,57,25,0,0,False,5,16,0,1,4,8,17,3,3,0,0
20240530-0534-44f4-2dcf-0bc7d2998193_18_158,11,26,1,4,1,1,0,0,0,0,0,0,3,frac+sup+sub,264,59,4,3,True,22,64,0,7,19,14,94,41,3,0,0
20240530-0534-44f4-2dcf-0bc7d2998193_18_37,14,66,2,8,4,3,0,0,0,0,0,0,3,frac+sup+sub,511,60,2,2,True,44,122,0,6,35,20,232,47,5,0,0
20240530-0534-44f4-2dcf-0bc7d2998193_18_91,16,64,2,8,4,4,0,0,0,0,0,0,3,frac+sup+sub,488,56,2,2,True,43,121,0,5,34,12,224,47,2,0,0
20240530-0534-44f4-2dcf-0bc7d2998193_18_96,2,1,1,0,1,0,0,0,0,0,0,0,1,sup,24,20,1,1,True,0,7,0,0,1,2,3,10,1,0,0
20240530-0534-44f4-2dcf-0bc7d2998193_19_118,21,98,3,12,17,8,2,2,0,0,0,0,5,frac+sup+sub+sqrt+env,831,62,1,1,True,109,197,0,28,76,30,356,21,12,2,0
20240530-0534-44f4-2dcf-0bc7d2998193_19_127,4,16,5,2,2,0,2,2,0,0,0,0,4,frac+sup+sqrt+env,122,33,0,0,False,9,20,0,1,8,2,70,7,3,2,0
20240530-0534-44f4-2dcf-0bc7d2998193_19_128,16,31,3,10,6,2,2,2,0,0,0,0,5,frac+sup+sub+sqrt+env,331,60,0,0,False,53,50,0,5,33,22,131,26,9,2,0
20240530-0534-44f4-2dcf-0bc7d2998193_19_13,39,147,4,24,20,13,9,5,0,0,0,0,5,frac+sup+sub+sqrt+env,1192,83,0,0,False,143,222,1,41,101,32,568,68,11,5,0
20240530-0649-08f8-dbdc-e647da599475_%e4%b8%80.16_126,11,70,2,6,5,6,0,0,0,0,0,0,3,frac+sup+sub,567,61,2,2,True,26,145,0,1,24,53,258,50,10,0,0
20240530-0649-08f8-dbdc-e647da599475_%e4%b8%80.16_186,4,5,2,2,2,0,0,0,0,0,0,0,2,frac+sup,119,33,0,0,False,14,40,0,2,16,22,19,3,3,0,0
20240530-0649-08f8-dbdc-e647da599475_%e4%b8%80.16_197,15,58,2,12,3,0,0,0,0,0,0,0,2,frac+sup,708,52,2,2,True,12,199,1,9,102,40,316,22,7,0,0
20240530-0649-08f8-dbdc-e647da599475_%e4%b8%80.16_33,12,44,2,7,3,0,0,0,0,0,0,0,2,frac+sup,490,51,2,2,True,13,148,0,4,55,17,210,34,9,0,0
20240530-0649-08f8-dbdc-e647da599475_%e4%b8%80.17_117,14,21,2,6,7,0,0,0,0,0,0,0,2,frac+sup,411,56,0,0,False,74,64,0,28,47,60,83,50,5,0,0
20240530-0649-08f8-dbdc-e647da599475_%e4%b8%80.17_126,44,35,2,11,19,2,0,0,0,0,0,0,3,frac+sup+sub,641,62,0,0,False,127,93,0,27,82,91,129,82,10,0,0
20240530-0649-08f8-dbdc-e647da599475_%e4%b8%80.17_157,8,7,1,3,4,0,0,0,0,0,0,0,2,frac+sup,110,27,0,0,False,18,15,0,4,15,12,27,18,1,0,0
20240530-0649-08f8-dbdc-e647da599475_%e4%b8%80.17_177,14,16,2,5,7,1,1,0,0,0,0,0,4,frac+sup+sub+sqrt,318,60,0,0,False,54,52,1,12,51,38,60,42,8,0,0
20240530-0649-08f8-dbdc-e647da599475_%e4%b8%80.17_199,13,31,2,6,11,1,0,0,0,0,0,0,3,frac+sup+sub,340,35,0,0,False,61,58,0,13,45,32,111,17,3,0,0
20240530-0703-3456-733b-887290986497_%e4%b8%80.16_06,26,64,3,1,0,7,13,2,0,5,0,0,5,frac+sub+sqrt+env+accent,749,80,0,0,False,104,109,21,35,61,54,230,84,49,2,0
20240530-0703-3456-733b-887290986497_%e4%b8%80.16_110,20,16,1,0,0,0,8,0,0,2,0,0,2,sqrt+accent,584,65,0,0,False,211,54,7,39,68,35,74,63,33,0,0
20240530-0703-3456-733b-887290986497_%e4%b8%80.16_153,23,42,3,2,3,0,8,2,0,5,0,0,5,frac+sup+sqrt+env+accent,730,76,0,0,False,225,81,16,45,77,36,146,69,33,2,0
20240530-0703-3456-733b-887290986497_%e4%b8%80.16_174,90,140,3,5,9,12,26,4,0,10,0,0,6,frac+sup+sub+sqrt+env+accent,1762,94,0,0,False,440,196,42,92,165,91,524,144,60,8,0
20240530-0703-3456-733b-887290986497_%e4%b8%80.16_26,20,11,1,0,1,1,2,1,0,1,0,0,5,sup+sub+sqrt+env+accent,342,75,0,0,False,135,23,4,15,32,16,38,54,23,2,0
20240530-0703-3456-733b-887290986497_%e4%b8%80.16_41,23,55,3,2,4,4,10,2,0,4,0,0,6,frac+sup+sub+sqrt+env+accent,698,84,0,0,False,138,93,19,39,70,50,203,49,35,2,0
20240530-0703-3456-733b-887290986497_%e4%b8%80.16_76,40,82,3,16,3,7,12,2,0,7,0,0,6,frac+sup+sub+sqrt+env+accent,937,98,2,1,True,184,105,16,39,67,38,340,100,46,2,0
20240530-0703-3456-733b-887290986497_%e4%b8%80.16_79,13,0,0,0,0,0,0,0,0,0,0,0,0,,187,36,2,1,True,94,1,0,24,14,2,0,50,2,0,0
20240530-0703-3456-733b-887290986497_%e4%b8%80.18_103,20,48,3,9,13,0,0,0,0,0,0,2,3,frac+sup+textcircled,691,69,0,0,False,138,67,0,53,67,102,188,53,23,0,0
20240530-0703-3456-733b-887290986497_%e4%b8%80.18_175,21,26,2,12,10,0,0,0,0,0,0,0,2,frac+sup,470,44,0,0,False,96,44,0,28,40,76,106,65,15,0,0
20240530-0703-3456-733b-887290986497_%e4%b8%80.18_39,29,56,2,9,13,6,0,0,0,0,0,0,3,frac+sup+sub,715,67,1,1,True,122,87,0,53,72,78,198,72,33,0,0
20240530-0703-3456-733b-887290986497_%e4%b8%80.18_62,27,126,3,11,9,13,0,1,0,0,0,0,4,frac+sup+sub+env,1168,63,1,1,True,182,173,5,57,117,104,451,62,16,1,0
20240530-0703-3456-733b-887290986497_%e4%b8%80.18_77,5,14,2,3,2,0,0,0,0,0,0,2,3,frac+sup+textcircled,184,33,0,0,False,39,17,0,13,18,26,52,17,2,0,0
20240531-0326-07c4-0b1f-f46695729681_3f360ebd-4172-4ace-a096-351f1246f27a_6分,14,107,4,6,6,6,4,0,5,7,0,0,6,frac+sup+sub+sqrt+bigop+accent,653,59,1,1,True,83,119,0,7,55,38,311,31,9,0,0
20240531-0326-07c4-0b1f-f46695729681_9409bc74-93cc-4db7-a80e-e2cb217fde5f_10分,16,106,4,2,8,8,2,0,8,10,0,6,7,frac+sup+sub+sqrt+bigop+accent+textcircled,618,58,1,1,True,76,103,0,14,50,33,310,28,4,0,0
20240531-0326-07c4-0b1f-f46695729681_a3d6d9bd-9e36-49bd-86e1-fe1282485ee0_15分,17,136,4,5,9,8,1,0,6,13,0,0,6,frac+sup+sub+sqrt+bigop+accent,834,62,3,2,True,106,162,0,15,75,46,400,17,13,0,0
20240531-0326-07c4-0b1f-f46695729681_e08838d7-9ecd-4783-8f6d-0bc91b524238_2分,5,44,4,2,2,2,1,0,2,5,0,0,6,frac+sup+sub+sqrt+bigop+accent,244,32,0,0,False,45,29,0,2,22,16,126,0,4,0,0
20240601-0350-192d-da04-e8389a313036_2f7c8d66-5034-4ba8-bce7-43d90752db49_9分,18,58,2,11,4,1,5,0,0,0,0,3,5,frac+sup+sub+sqrt+textcircled,533,56,2,1,True,54,99,0,9,66,44,226,31,4,0,0
20240601-0350-192d-da04-e8389a313036_53fc5449-a9d3-4817-9fd9-81ec90e61efd_6分,11,13,1,6,0,2,0,0,0,0,0,0,2,frac+sub,197,49,0,0,False,23,37,0,7,20,14,57,34,5,0,0
20240601-0350-192d-da04-e8389a313036_77414e5a-83b1-4397-b8d5-92744bab762d_8分,27,56,2,6,17,4,2,1,0,0,0,2,6,frac+sup+sub+sqrt+env+textcircled,512,51,0,0,False,59,130,4,14,70,20,195,14,5,1,0
20240601-0350-192d-da04-e8389a313036_b0e197b3-64d8-4cdb-ac5a-2a5cdee07ebc_4分,33,73,2,2,18,8,3,10,0,0,0,0,5,frac+sup+sub+sqrt+env,672,48,0,0,False,65,123,32,50,69,18,273,23,9,10,0
20240613-0229-220a-0208-95e115843956_102f9e95-95d2-45b4-a7a7-6acf602aec1c_4分,6,1,1,1,0,0,0,0,0,0,0,0,1,frac,104,32,0,0,False,2,51,0,2,14,4,5,13,13,0,0
20240613-0229-220a-0208-95e115843956_4630fce3-75ba-4887-85a4-cfc97d3e1374_11分,21,83,2,8,5,6,0,0,4,6,0,0,5,frac+sup+sub+bigop+accent,735,55,3,2,True,58,223,0,10,76,46,259,27,36,0,0
20240613-0229-220a-0208-95e115843956_4cfe0b85-405a-479f-ac23-bd14d6c186f6_13分,19,7,1,3,1,0,0,0,0,1,0,0,3,frac+sup+accent,479,55,0,0,False,5,210,0,7,53,55,27,95,27,0,0
20240613-0229-220a-0208-95e115843956_ede768a5-6ef8-42d0-866c-f3695d023f04_13分,18,12,1,4,1,0,0,0,0,1,0,0,3,frac+sup+accent,357,55,7,5,True,4,153,0,5,42,26,48,53,26,0,0
20240623-1240-549f-0cb9-f7e8e9206574_0b175e4e-ba72-4076-b801-699940eb7f6d_5分,6,10,1,1,2,0,1,0,0,0,0,0,3,frac+sup+sqrt,96,29,0,0,False,15,22,1,3,14,4,34,2,1,0,0
20240623-1240-549f-0cb9-f7e8e9206574_122afb88-1a5e-4d97-90b8-6755f06c0f0b_10分,27,64,3,15,10,1,5,0,0,0,0,0,4,frac+sup+sub+sqrt,808,54,0,0,False,140,115,2,74,83,26,348,18,2,0,0
20240623-1240-549f-0cb9-f7e8e9206574_abaad2d3-f09a-4c0e-86b9-d50191b87d89_10分,53,79,2,18,16,0,11,0,0,0,0,0,3,frac+sup+sqrt,1017,84,1,1,True,233,148,1,111,106,15,323,72,8,0,0
20240623-1240-549f-0cb9-f7e8e9206574_d851b61b-e209-4355-9e2e-f9853cc200c3_17分,39,94,3,23,13,1,9,0,0,0,0,0,4,frac+sup+sub+sqrt,1153,63,0,0,False,248,168,4,78,139,48,442,16,10,0,0
20240628-0645-02ef-8458-629f36313291_0143fb1c-e492-40bc-9dad-605e4dabb30b_7分,18,26,1,4,0,0,0,0,0,6,0,0,2,frac+accent,349,64,9,3,True,48,37,0,9,33,42,106,71,3,0,0
20240628-0645-02ef-8458-629f36313291_a2e4d21d-9b40-4af3-9cef-16f11b7a76da_10分,12,24,1,6,0,0,0,0,0,3,0,0,2,frac+accent,322,64,8,2,True,30,48,0,8,23,16,106,90,1,0,0
20240628-0645-02ef-8458-629f36313291_d318674e-5941-4724-861a-ce890d7d3c93_10分,11,26,1,6,0,0,0,0,0,3,0,0,2,frac+accent,301,46,4,1,True,36,50,0,5,31,34,118,24,3,0,0
20240628-0645-02ef-8458-629f36313291_de787772-1b4e-4332-a3d2-945b53960eba_10分,9,85,1,6,0,4,0,0,0,4,0,0,3,frac+sub+accent,573,47,0,0,False,38,114,0,5,42,4,325,40,5,0,0
20240831-0559-00d4-f3a0-312594238393_0d807ab1-0706-446b-9b6f-127d9b2b055f_5分,8,10,1,1,3,1,3,0,0,0,0,0,4,frac+sup+sub+sqrt,108,37,0,0,False,19,18,0,6,8,8,36,8,5,0,0
20240831-0559-00d4-f3a0-312594238393_0de55a29-21c8-43e0-a6dc-0b37c72cc3f8_17分,31,82,3,10,11,13,5,2,0,0,0,0,5,frac+sup+sub+sqrt+env,807,86,0,0,False,183,94,1,46,97,34,303,35,11,3,0
20240831-0559-00d4-f3a0-312594238393_14084815-0770-4c13-8525-ba3cd7c55653_10分,21,116,3,12,12,12,8,3,0,0,0,0,5,frac+sup+sub+sqrt+env,944,63,0,0,False,148,139,0,42,110,36,425,30,9,5,0
20240831-0559-00d4-f3a0-312594238393_33ae5879-bfbb-40b7-aba0-b689e404b879_12分,24,175,3,15,14,16,7,6,0,0,0,0,5,frac+sup+sub+sqrt+env,1319,64,0,0,False,208,192,0,39,139,44,661,20,8,8,0
20240831-0559-00d4-f3a0-312594238393_49e93702-d4f6-4772-9622-415889894a8c_15分,25,88,3,13,17,14,6,3,0,0,0,0,5,frac+sup+sub+sqrt+env,722,58,0,0,False,160,72,2,37,84,32,313,14,5,3,0
20240831-0559-00d4-f3a0-312594238393_9a52d081-6be1-43d4-b9bb-cde1382632c8_2分,10,7,2,1,5,1,0,0,0,0,0,0,3,frac+sup+sub,83,28,0,0,False,21,13,0,8,11,4,23,2,1,0,0
20240831-0559-00d4-f3a0-312594238393_a4e34643-aeb2-4a62-8a1e-7fc607a07f0a_5分,7,24,3,2,4,2,0,3,0,0,0,0,4,frac+sup+sub+env,222,40,0,0,False,39,37,0,3,20,14,95,5,6,3,0
20240831-0559-00d4-f3a0-312594238393_eed68e53-8429-4990-acd7-2457ca98f65c_17分,22,75,3,13,12,9,9,1,0,0,0,0,5,frac+sup+sub+sqrt+env,621,63,0,0,False,101,98,0,22,70,26,270,26,7,1,0
20240914-0247-1893-abf0-959227894781_044e98f3-f677-42ae-84e1-b1f678ed4957_5分,17,8,1,0,0,0,0,0,0,0,0,8,1,textcircled,244,51,0,0,False,18,93,0,9,23,4,24,53,20,0,0
20240914-0247-1893-abf0-959227894781_1c44ef3c-d758-4b8b-9de8-ab95b1e53db7_5分,2,1,1,0,0,0,0,1,0,0,0,0,1,env,54,25,0,0,False,10,18,0,2,6,0,8,6,2,2,0
20240914-0247-1893-abf0-959227894781_647db91f-bfdc-42b7-aac5-11d3353d833c_8分,15,3,1,0,0,0,0,3,0,0,0,0,1,env,191,52,0,0,False,21,71,0,7,18,5,24,32,10,3,0
20240914-0247-1893-abf0-959227894781_6552f279-7b56-413f-900f-3cd1d3151941_15分,13,1,1,0,0,0,0,1,0,0,0,0,1,env,190,60,0,0,False,24,61,0,6,21,8,8,51,10,1,0
20240914-0247-1893-abf0-959227894781_8f19e975-de77-4261-a376-41314c8868e0_1分,29,10,1,0,0,6,0,0,0,0,0,4,2,sub+textcircled,352,51,0,0,False,44,130,0,22,49,14,30,48,15,0,0
20240914-0247-1893-abf0-959227894781_d1a44965-92ec-4ef6-ae01-b6f81ca78271_1分,9,2,1,0,0,0,0,1,0,0,0,0,1,env,216,50,0,0,False,19,78,0,1,27,16,16,47,10,2,0
20240914-0247-1893-abf0-959227894781_ed1e9923-2d33-4740-b117-2dd8ce69c6de_7分,20,5,1,0,0,0,0,1,0,0,0,4,2,env+textcircled,345,75,1,1,True,26,94,0,13,23,6,20,148,14,1,0
20240914-0247-1893-abf0-959227894781_f1ef7d2e-db57-4542-ae20-197588c901ac_5分,12,11,2,0,0,5,0,2,0,0,0,3,3,sub+env+textcircled,231,59,0,0,False,15,77,0,6,26,6,43,47,9,2,0
20240914-0945-24c4-a8a0-ff44d4785971_15fdd12a-c5b0-4f8a-9a99-111b00bd7817_17分,28,33,2,5,9,3,5,0,0,0,0,2,5,frac+sup+sub+sqrt+textcircled,408,68,1,1,True,79,50,0,17,46,66,109,39,2,0,0
20240914-0945-24c4-a8a0-ff44d4785971_2c3d1a34-9567-4082-9aa9-ee88d39462ea_16分,19,56,3,9,10,0,6,0,0,0,0,2,4,frac+sup+sqrt+textcircled,539,61,0,0,False,96,77,1,9,76,36,194,39,11,0,0
20240914-0945-24c4-a8a0-ff44d4785971_5c512ec7-d678-43de-b419-22d82cb24ad0_6分,17,50,3,7,9,0,3,0,0,0,0,0,3,frac+sup+sqrt,464,41,0,0,False,88,74,0,8,69,30,174,19,2,0,0
20240914-0945-24c4-a8a0-ff44d4785971_8c2a7c70-55b3-49f3-af40-9d37f79d6e85_2分,10,21,2,4,4,0,0,1,0,0,0,1,4,frac+sup+env+textcircled,266,39,0,0,False,49,46,0,8,38,20,85,17,1,2,0
20240914-0945-24c4-a8a0-ff44d4785971_c8268b9d-8624-4470-acc1-228075ae0bf6_5分,9,13,2,5,3,0,2,0,0,0,0,0,3,frac+sup+sqrt,148,35,0,0,False,28,19,0,5,19,18,49,8,2,0,0
20240914-0945-24c4-a8a0-ff44d4785971_ceaddeb7-18dc-450b-94df-55a8e1d61573_6分,23,45,2,11,9,1,2,0,0,0,0,2,5,frac+sup+sub+sqrt+textcircled,588,57,0,0,False,97,95,0,26,81,60,171,46,12,0,0
20240914-0945-24c4-a8a0-ff44d4785971_edac0b1c-4724-443a-8dae-f22450bd7afe_17分,22,75,3,6,12,0,9,2,0,0,0,4,5,frac+sup+sqrt+env+textcircled,886,96,2,2,True,134,138,4,53,115,78,265,81,16,2,0
20240914-0945-24c4-a8a0-ff44d4785971_f4503b8d-3503-401e-a6d9-7998284b39e2_13分,29,69,2,10,11,0,7,0,0,0,0,2,4,frac+sup+sqrt+textcircled,665,67,0,0,False,116,84,0,15,83,70,237,52,8,0,0
20240921-0901-1788-78a9-4d077e859896_0c831607-b5ac-4b6a-9dca-377b0b73fe83_4分,9,10,2,3,0,0,2,2,0,0,0,0,3,frac+sqrt+env,137,30,0,0,False,32,16,0,5,20,6,52,4,0,2,0
20240921-0901-1788-78a9-4d077e859896_1c2bf9a4-2146-4e68-8ac9-215a364288c1_8分,17,29,2,6,1,0,9,1,0,0,0,0,4,frac+sup+sqrt+env,363,40,0,0,False,84,56,0,19,46,14,130,9,2,3,0
20240921-0901-1788-78a9-4d077e859896_313b297d-e760-453c-9594-4c0e12846396_1分,5,6,1,2,1,0,0,0,0,0,0,0,2,frac+sup,80,18,0,0,False,21,8,0,4,13,4,28,2,0,0,0
20240921-0901-1788-78a9-4d077e859896_a4dfd6ca-736b-44ba-9929-da82132af018_12分,32,36,2,18,5,0,3,0,0,0,0,0,3,frac+sup+sqrt,484,42,0,0,False,94,97,0,11,90,18,160,14,0,0,0
20240921-0901-1788-78a9-4d077e859896_adafd518-966f-46fa-b7e9-fc0083876c15_7分,11,7,1,0,2,2,3,0,0,0,0,0,3,sup+sub+sqrt,128,35,0,0,False,28,31,0,8,23,6,21,10,1,0,0
20240921-0901-1788-78a9-4d077e859896_dcdae4b2-ccb3-44d4-a0fd-21291a701c65_10分,26,54,2,16,0,0,7,2,0,0,0,0,3,frac+sqrt+env,640,43,0,0,False,130,91,0,29,87,16,265,18,1,3,0
20240921-0901-1788-78a9-4d077e859896_f03503e8-50fe-443c-8e14-d2fb732d978d_15分,37,25,2,7,4,3,4,2,0,0,0,0,5,frac+sup+sub+sqrt+env,454,46,0,0,False,93,100,0,14,86,30,110,16,2,3,0
20240921-0901-1788-78a9-4d077e859896_f159bc68-8d4a-4d08-acc9-dc6c34f3331c_1分,22,18,1,2,6,0,3,0,0,0,0,0,3,frac+sup+sqrt,276,36,0,0,False,66,51,0,14,48,14,60,22,1,0,0
20240921-1326-35bf-d4da-a7484d474119_1d0b2968-98f5-4285-8137-463ee5d86999_1分,22,14,2,5,0,0,1,1,0,3,0,3,5,frac+sqrt+env+accent+textcircled,311,58,0,0,False,77,45,1,26,26,28,69,11,27,1,0
20240921-1326-35bf-d4da-a7484d474119_a648ed4d-35dc-40d2-abe1-8ea39704338f_3分,10,0,0,0,0,0,0,0,0,0,0,0,0,,82,24,0,0,False,43,2,0,7,9,4,0,15,2,0,0
20240921-1326-35bf-d4da-a7484d474119_c3e928ff-f0dd-40d0-8581-6285647feabb_7分,23,25,3,4,1,0,5,0,0,4,0,0,4,frac+sup+sqrt+accent,643,82,0,0,False,160,62,11,59,51,42,129,88,41,0,0
20240921-1326-35bf-d4da-a7484d474119_c4fc77bc-382f-405b-a184-04f583b3c876_15分,26,19,2,5,0,0,3,5,0,2,0,0,4,frac+sqrt+env+accent,651,98,1,1,True,175,53,13,56,65,34,120,98,30,7,0
20240921-1326-35bf-d4da-a7484d474119_cf38c8aa-595f-429c-94b5-46ebf74b7a7d_8分,18,15,2,3,1,0,2,1,0,3,0,0,5,frac+sup+sqrt+env+accent,392,75,0,0,False,80,45,2,42,33,32,86,41,30,1,0
20240921-1326-35bf-d4da-a7484d474119_da62b73c-d73a-4045-8b75-879d101147d5_10分,35,33,2,3,0,3,2,2,0,9,1,0,6,frac+sub+sqrt+env+accent+stackrel,667,89,0,0,False,156,77,2,53,65,40,149,77,46,2,0
20240921-1326-35bf-d4da-a7484d474119_e2a70e2c-4598-4e13-b9bb-3b903ce7be27_15分,26,40,2,5,1,0,2,2,0,11,0,0,5,frac+sup+sqrt+env+accent,889,109,0,0,False,181,109,11,70,96,52,210,99,57,4,0
20240921-1326-35bf-d4da-a7484d474119_fcaf9a05-fcc8-426d-bc0e-4415b3c316c9_14分,20,14,2,3,0,0,1,1,0,4,0,0,4,frac+sqrt+env+accent,302,69,0,0,False,63,36,6,17,26,24,69,40,20,1,0
20240923-2324-49b5-f43a-97ab09267401_265637b1-62a9-448c-9492-5f797d13e8b4_16分,26,15,1,0,8,4,0,0,0,0,0,3,3,sup+sub+textcircled,309,48,0,0,False,54,63,0,36,54,26,45,21,10,0,0
20240923-2324-49b5-f43a-97ab09267401_2faf87aa-8322-4ce1-b9a5-7efdcf9186e6_1分,15,4,1,0,2,0,0,0,0,0,0,2,2,sup+textcircled,193,42,0,0,False,28,44,0,24,48,16,12,15,6,0,0
20240923-2324-49b5-f43a-97ab09267401_450ecf4a-13c1-4223-b975-25402c743323_14分,18,10,1,0,6,4,0,0,0,0,0,0,2,sup+sub,279,58,1,1,True,50,49,0,31,47,28,30,31,13,0,0
20240923-2324-49b5-f43a-97ab09267401_5346d0dc-8569-4863-90ad-29c5e2a04dd9_15分,49,13,1,0,9,3,0,0,0,0,0,0,2,sup+sub,583,66,0,0,False,110,104,0,55,98,82,39,67,28,0,0
20240923-2324-49b5-f43a-97ab09267401_a21811e0-8bf5-47c3-bed0-49af0015e652_3分,10,2,1,0,0,0,0,0,0,0,0,2,1,textcircled,125,33,0,0,False,24,26,0,14,31,10,6,8,6,0,0
20240923-2324-49b5-f43a-97ab09267401_abe85132-be27-48cb-be02-ca88765df33d_6分,9,1,1,0,1,0,0,0,0,0,0,0,1,sup,99,37,0,0,False,12,20,0,16,22,10,3,13,3,0,0
20240923-2324-49b5-f43a-97ab09267401_bcc8b70a-9bc4-44c9-a0a7-c95646e4a929_14分,35,53,3,3,12,10,0,0,0,0,0,4,4,frac+sup+sub+textcircled,700,73,0,0,False,109,114,0,61,82,64,167,63,40,0,0
20240923-2324-49b5-f43a-97ab09267401_e7bd5056-2d1d-445e-b594-572ca9bf0236_6分,25,12,1,0,1,2,0,2,0,0,0,3,4,sup+sub+env+textcircled,402,47,0,0,False,84,80,0,50,104,20,46,8,7,3,0
20240924-0905-346e-b41d-1fccc0899844_8344f017-ff4c-4d03-8fbf-b21786358058_13分,9,49,2,5,0,6,0,1,0,0,0,0,3,frac+sub+env,439,45,0,0,False,58,73,0,7,51,42,179,24,3,2,0
20240924-0905-346e-b41d-1fccc0899844_b29e3e37-a5f5-4cc5-b4db-576a6f2a3f1b_13分,9,35,2,3,0,4,0,1,0,0,0,0,3,frac+sub+env,352,45,0,0,False,45,58,0,9,40,42,126,24,7,1,0
20240924-0905-346e-b41d-1fccc0899844_e545a7f5-913e-45ba-82fd-08038454b2ad_3分,6,6,1,3,0,0,0,1,0,0,0,0,2,frac+env,122,31,0,0,False,21,18,0,10,16,14,33,9,0,1,0
20240924-0905-346e-b41d-1fccc0899844_e5e926a1-d113-4d8b-a769-6945a8c0e6b7_13分,12,56,2,9,0,7,0,0,0,0,0,0,2,frac+sub,578,49,0,0,False,81,90,0,27,61,66,202,35,16,0,0
20240928-0620-59ab-d462-ce31f8175240_05178323-3eae-444c-a9d8-30d59e1e9f03_2分,4,2,1,0,0,0,0,0,0,0,0,2,1,textcircled,35,19,0,0,False,4,9,0,0,6,4,6,5,1,0,0
20240928-0620-59ab-d462-ce31f8175240_2205e6bf-5e01-4e9c-9620-214117f218ac_14分,19,18,1,7,4,0,1,0,0,0,0,5,4,frac+sup+sqrt+textcircled,340,69,0,0,False,31,63,0,8,52,14,72,88,12,0,0
20240928-0620-59ab-d462-ce31f8175240_58c93922-5d89-41c7-8dd1-12200e805f93_14分,26,31,2,12,10,1,3,1,0,0,0,0,5,frac+sup+sub+sqrt+env,486,57,0,0,False,65,103,0,21,102,26,133,27,7,2,0
20240928-0620-59ab-d462-ce31f8175240_7c99a9e5-bcd9-49f6-a95c-d4e7789f5880_13分,33,67,3,17,14,8,10,3,0,0,0,0,5,frac+sup+sub+sqrt+env,827,63,0,0,False,88,155,0,43,160,32,266,59,21,3,0
20241004-0638-348e-9d5e-eca74e078914_03f27266-8f98-48f4-bffe-693a8945eef8_9分,44,62,1,15,13,1,9,1,0,0,0,8,6,frac+sup+sub+sqrt+env+textcircled,723,59,0,0,False,92,137,1,11,117,64,237,39,23,2,0
20241004-0638-348e-9d5e-eca74e078914_1d0f2b8d-3ae7-4cc4-b776-219ef591d5fa_2分,8,11,2,3,2,1,0,1,0,0,0,2,5,frac+sup+sub+env+textcircled,173,51,0,0,False,27,28,0,9,24,18,44,17,4,2,0
20241004-0638-348e-9d5e-eca74e078914_c5f444dd-0b74-4460-b284-0dc3f7d98c8a_15分,47,45,2,22,7,0,4,0,0,0,0,5,4,frac+sup+sqrt+textcircled,668,57,0,0,False,90,116,0,23,111,64,193,59,12,0,0
20241004-0638-348e-9d5e-eca74e078914_f3849988-e398-4126-96c4-37f65fb0e895_15分,25,52,1,16,7,3,4,0,0,0,0,8,5,frac+sup+sub+sqrt+textcircled,591,49,2,2,True,87,119,7,6,105,38,202,23,4,0,0
20241009-0850-4705-a0a6-c8d549427706_2eedb377-62ad-4807-a94a-e74bbe6526ea_10分,12,21,2,5,0,3,0,1,0,0,0,0,3,frac+sub+env,365,61,1,1,True,50,53,12,21,24,20,137,27,18,3,0
20241009-0850-4705-a0a6-c8d549427706_4d619f9e-9cdd-473a-ab25-af28badfd8fe_9分,35,73,2,14,0,25,0,1,0,0,0,3,4,frac+sub+env+textcircled,1020,86,1,1,True,165,169,0,77,66,54,365,64,56,4,0
20241009-0850-4705-a0a6-c8d549427706_b18ecd59-2f2d-4d8e-941b-6501c66c324d_6分,11,44,1,8,0,10,0,0,0,4,0,0,3,frac+sub+accent,417,31,0,0,False,74,47,0,30,36,6,216,4,4,0,0
20241009-0850-4705-a0a6-c8d549427706_b3291045-8a1e-42da-8684-eb60ed248c10_13分,26,83,2,14,0,24,0,1,0,0,0,0,3,frac+sub+env,948,54,0,0,False,168,121,0,79,69,18,449,31,10,3,0
20241010-0319-05b2-1860-4b15c3755465_62f45065-0b72-4a15-a3e3-cc3e89d46ff3_10分,19,51,1,1,0,7,0,0,0,0,0,0,2,frac+sub,470,51,6,2,True,54,129,0,4,15,22,155,50,41,0,0
20241010-0319-05b2-1860-4b15c3755465_7c452e86-5f96-4f15-9280-1659330e222d_13分,14,21,1,3,1,4,0,0,0,1,0,0,4,frac+sup+sub+accent,322,69,4,2,True,37,82,1,6,30,28,77,33,28,0,0
20241010-0319-05b2-1860-4b15c3755465_a81930ce-9dcb-4cfa-8b5f-41a0f8065944_5分,6,8,1,3,2,0,0,0,0,2,0,0,3,frac+sup+accent,124,32,0,0,False,5,48,0,3,19,6,30,5,8,0,0
20241010-0319-05b2-1860-4b15c3755465_bdd02026-0274-46d4-9ae6-f8e59d09d637_7分,24,36,2,6,2,6,0,0,0,3,0,0,4,frac+sup+sub+accent,442,47,2,2,True,26,163,0,13,56,16,122,28,18,0,0
20241010-0319-05b2-1860-4b15c3755465_d363e6eb-f102-4bee-818a-108ec00cc6c3_1分,4,0,0,0,0,0,0,0,0,0,0,0,0,,69,26,0,0,False,3,32,0,0,5,12,0,9,8,0,0
20241010-0319-05b2-1860-4b15c3755465_da94190a-15ce-4a03-809a-fc1f71a06dd5_10分,17,97,1,3,1,9,0,0,0,1,0,0,4,frac+sup+sub+accent,844,67,3,1,True,99,199,1,2,27,106,299,43,68,0,0
20241010-0319-05b2-1860-4b15c3755465_e90b53fe-31d0-492e-9e43-542068617437_13分,23,60,2,5,2,7,0,0,0,2,0,0,4,frac+sup+sub+accent,691,80,7,5,True,58,180,1,12,27,72,192,70,79,0,0
20241010-0319-05b2-1860-4b15c3755465_f4fb1983-21a8-4d08-8547-63821a863520_10分,14,5,1,2,1,1,0,0,0,1,0,0,4,frac+sup+sub+accent,223,54,2,2,True,6,82,0,8,12,22,19,56,18,0,0
20241014-0317-4134-65bd-138c24747169_2370a8dc-0ebc-4ca9-bad2-4785fe8496b9_2分,8,7,2,2,3,0,0,0,0,0,0,0,2,frac+sup,105,24,0,0,False,15,27,0,0,21,8,27,4,3,0,0
20241014-0317-4134-65bd-138c24747169_2ea41859-653a-4de8-b00b-ae8688699c3e_6分,13,26,2,7,9,1,0,0,0,0,0,0,3,frac+sup+sub,271,27,0,0,False,47,54,0,18,48,10,92,2,0,0,0
20241014-0317-4134-65bd-138c24747169_55de3fc0-e5a5-472e-8eac-dfdb36cd8445_1分,14,20,2,5,8,0,0,0,0,0,0,0,2,frac+sup,297,37,0,0,False,51,61,2,7,59,20,70,27,0,0,0
20241014-0317-4134-65bd-138c24747169_6f920f9a-21d5-48a6-bcfb-0d6911d1ed63_6分,6,13,2,3,3,0,0,0,0,0,0,0,2,frac+sup,125,25,0,0,False,17,28,0,2,20,6,49,2,1,0,0
20241014-0317-4134-65bd-138c24747169_816f0936-4707-40ca-81b1-8e9d32fb7e9e_1分,11,14,2,5,3,0,0,0,0,0,0,0,2,frac+sup,292,42,0,0,False,47,52,0,8,51,22,60,52,0,0,0
20241014-0317-4134-65bd-138c24747169_88fbeb80-0289-4f7b-9eac-c499d1ab6ac4_15分,25,59,2,18,6,4,0,0,0,0,0,0,3,frac+sup+sub,701,48,0,0,False,95,129,1,19,120,30,243,49,15,0,0
20241014-0317-4134-65bd-138c24747169_b6461be5-3aa9-436e-a24e-5ff760f2c678_3分,17,27,2,10,8,0,0,0,0,0,0,0,2,frac+sup,414,45,0,0,False,62,70,0,13,70,34,109,53,3,0,0
20241014-0317-4134-65bd-138c24747169_bd5575df-6425-4622-a3c3-c3a297359077_8分,32,31,2,15,7,0,0,1,0,0,0,4,4,frac+sup+env+textcircled,460,52,0,0,False,77,83,0,25,75,30,130,36,2,2,0
20241016-1008-4182-bd64-022e67280108_216d5d63-fe28-4b77-b65d-da0e41b9eb74_13分,16,37,2,15,0,0,4,0,0,0,0,0,2,frac+sqrt,449,35,0,0,False,11,67,48,32,62,54,169,2,4,0,0
20241016-1008-4182-bd64-022e67280108_2bcf3f40-e931-475c-a615-2e25a1afd43a_11分,17,37,2,15,1,0,5,0,0,0,0,0,3,frac+sup+sqrt,468,36,0,0,False,13,69,55,30,74,54,165,1,7,0,0
20241016-1008-4182-bd64-022e67280108_6cc2a561-7f1b-44a3-b863-eacb9830294e_5分,6,9,1,4,0,0,0,0,0,0,0,0,1,frac,153,23,2,1,True,8,14,24,9,25,24,45,3,1,0,0
20241016-1008-4182-bd64-022e67280108_e6c417c0-2f01-48c5-b64f-70f12d7262f8_8分,17,30,2,13,1,0,5,0,0,0,0,0,3,frac+sup+sqrt,390,35,0,0,False,4,71,51,27,64,36,134,2,1,0,0
20241019-0126-44fb-4fe6-1e3427505345_1fb143ba-85d1-42e1-9e47-d1f8fdf63210_2分,21,64,3,12,17,4,3,0,0,0,0,0,4,frac+sup+sub+sqrt,692,64,3,2,True,131,123,0,45,85,31,246,22,9,0,0
20241019-0126-44fb-4fe6-1e3427505345_89dacc3b-640a-4d37-b50b-fc7fab413e1f_9分,15,24,2,7,3,3,4,1,0,0,0,0,5,frac+sup+sub+sqrt+env,312,59,0,0,False,58,75,0,10,41,12,93,22,0,1,0
20241019-0126-44fb-4fe6-1e3427505345_e03d9562-f0db-4653-9667-5a70daca7aaf_1分,23,13,1,2,4,2,0,1,0,0,0,0,4,frac+sup+sub+env,383,68,4,2,True,118,43,0,44,43,16,48,56,13,2,0
20241019-0126-44fb-4fe6-1e3427505345_fc5238c2-f12d-495e-b272-f5a45b6dec45_1分,23,39,2,11,5,3,1,0,0,0,0,0,4,frac+sup+sub+sqrt,642,77,3,2,True,185,85,0,55,80,26,161,46,4,0,0
20241019-0158-00ca-a543-a6bf38020076_07f5d9f0-41cd-4460-8a9c-7b5eac6dfe2a_10分,38,51,3,16,8,2,8,4,0,0,0,6,6,frac+sup+sub+sqrt+env+textcircled,704,69,0,0,False,89,134,0,31,113,38,217,58,16,8,0
20241019-0158-00ca-a543-a6bf38020076_20cf5477-c6bd-4e2d-a3da-bc0fa22f6d54_15分,30,45,2,13,7,6,8,0,0,0,0,0,4,frac+sup+sub+sqrt,604,76,0,0,False,88,105,0,29,79,58,173,63,9,0,0
20241019-0158-00ca-a543-a6bf38020076_4183ce12-63d7-4c16-9106-57afdaf8c70a_11分,44,67,3,13,11,10,6,4,0,0,0,3,6,frac+sup+sub+sqrt+env+textcircled,952,79,0,0,False,127,183,2,37,155,96,265,55,24,8,0
20241019-0158-00ca-a543-a6bf38020076_48874be6-1225-4c81-b386-d255e1e7a5c5_10分,26,49,2,9,5,10,4,0,0,0,0,4,5,frac+sup+sub+sqrt+textcircled,533,59,0,0,False,72,107,1,18,73,46,171,28,17,0,0
20241019-0158-00ca-a543-a6bf38020076_8782501b-57f8-4dbc-9921-166d7e43ca5c_9分,48,44,2,10,11,12,6,1,0,0,0,0,5,frac+sup+sub+sqrt+env,723,79,10,9,True,106,118,0,36,95,80,159,115,13,1,0
20241019-0158-00ca-a543-a6bf38020076_94928102-caf7-4ddd-b246-c40a90b8aaec_6分,15,13,1,2,2,4,2,0,0,0,0,0,4,frac+sup+sub+sqrt,206,41,0,0,False,29,49,0,8,33,30,43,5,9,0,0
20241019-0158-00ca-a543-a6bf38020076_b077c858-6330-45e1-8b72-6b0150a486ba_7分,10,9,1,0,3,2,2,0,0,0,0,0,3,sup+sub+sqrt,189,48,0,0,False,25,41,1,7,34,26,27,19,9,0,0
20241019-0158-00ca-a543-a6bf38020076_f8163c42-7d8b-409c-a8be-7924369a00d0_12分,26,27,1,7,3,1,5,2,0,0,0,0,5,frac+sup+sub+sqrt+env,398,59,0,0,False,43,98,1,14,68,26,109,26,11,2,0
20241019-0227-52b6-99a2-f1537a819343_02c8d717-05eb-4626-9264-4591799c1843_14分,29,243,3,5,7,14,7,0,0,18,0,0,5,frac+sup+sub+sqrt+accent,1414,69,0,0,False,214,202,5,65,94,36,747,42,9,0,0
20241019-0227-52b6-99a2-f1537a819343_26362160-b331-40de-acad-019cd3f4c6ae_10分,15,213,3,4,7,7,7,2,0,10,0,0,6,frac+sup+sub+sqrt+env+accent,1197,63,0,0,False,166,178,0,34,74,42,659,39,3,2,0
20241019-0227-52b6-99a2-f1537a819343_70b4d83a-7a5f-4cda-8e4d-c4069d10cdab_17分,28,224,3,3,6,15,5,0,0,18,0,0,5,frac+sup+sub+sqrt+accent,1411,68,0,0,False,250,185,5,59,96,40,708,50,18,0,0
20241019-0227-52b6-99a2-f1537a819343_85573ad2-0053-43aa-a706-4a37e3851d84_2分,8,73,1,0,0,7,0,0,0,3,0,0,2,sub+accent,431,28,0,0,False,77,68,0,7,29,12,223,3,12,0,0
20241020-0046-0851-a7f9-515436295214_14515edf-ff6d-4b4b-9c72-ec89ec124b17_1分,3,4,1,2,0,0,0,0,0,2,0,0,2,frac+accent,85,26,0,0,False,3,35,0,4,16,4,16,1,6,0,0
20241020-0046-0851-a7f9-515436295214_2958c153-5f93-4b43-9f30-beac31fa79b5_8分,9,30,5,4,1,1,2,0,1,3,0,0,6,frac+sup+sub+sqrt+bigop+accent,250,50,3,1,True,26,62,0,2,31,14,94,15,6,0,0
20241020-0046-0851-a7f9-515436295214_4ba50e7d-0ecc-4b7a-b964-a4d57144703d_14分,19,85,4,5,7,8,2,0,7,11,0,0,6,frac+sup+sub+sqrt+bigop+accent,635,53,1,1,True,64,155,0,15,87,38,249,10,17,0,0
20241020-0046-0851-a7f9-515436295214_99c55aae-c9a6-459b-a9f7-e3e19ee84d9c_12分,15,83,4,8,5,5,3,0,5,9,0,0,6,frac+sup+sub+sqrt+bigop+accent,505,49,3,3,True,61,103,0,2,47,28,243,8,13,0,0
20241020-0046-0851-a7f9-515436295214_bf2facba-c5ab-43a2-971b-7ae9533ad227_7分,29,130,4,4,12,14,2,0,8,17,0,0,6,frac+sup+sub+sqrt+bigop+accent,988,80,6,2,True,112,211,0,9,115,66,378,60,37,0,0
20241020-0046-0851-a7f9-515436295214_c804e529-000a-4072-9af6-49e055687f92_7分,10,55,5,5,2,3,2,0,2,7,0,0,6,frac+sup+sub+sqrt+bigop+accent,384,43,0,0,False,39,88,0,7,47,20,171,4,8,0,0
20241020-0046-0851-a7f9-515436295214_f0ad01be-cc9b-4198-8a7b-30a07fba622b_3分,10,46,4,2,4,4,1,0,4,8,0,0,6,frac+sup+sub+sqrt+bigop+accent,262,37,0,0,False,43,30,0,5,26,20,130,5,3,0,0
20241020-0046-0851-a7f9-515436295214_f7005b88-7d4b-4715-b096-8e3351555c11_5分,10,9,2,2,0,0,1,0,0,3,0,0,3,frac+sqrt+accent,170,34,1,1,True,8,66,0,7,29,12,39,4,5,0,0
20241023-0024-0506-9a48-60cef0502423_5d5ee2b2-de80-41a1-83f7-a10de5824dc7_7分,18,48,2,9,10,1,5,0,0,0,0,2,5,frac+sup+sub+sqrt+textcircled,501,49,0,0,False,111,87,0,26,62,10,194,11,0,0,0
20241023-0024-0506-9a48-60cef0502423_7b4b895e-24c2-43a7-80d2-f883d576eeb2_1分,10,20,2,3,5,2,5,0,0,0,0,0,4,frac+sup+sub+sqrt,203,44,0,0,False,47,38,0,13,20,4,68,10,3,0,0
20241023-0024-0506-9a48-60cef0502423_a0dc9351-c23d-43c9-a7f5-0279ca163be5_7分,8,25,2,3,6,1,4,0,0,0,0,0,4,frac+sup+sub+sqrt,255,35,0,0,False,71,39,0,12,32,4,89,8,0,0,0
20241023-0024-0506-9a48-60cef0502423_ad8a1f4e-32ee-40ce-8b86-0a7d00a017b0_14分,25,79,2,13,15,4,10,0,0,0,0,2,5,frac+sup+sub+sqrt+textcircled,862,67,0,0,False,120,171,14,58,96,22,357,22,2,0,0
20241023-0024-0506-9a48-60cef0502423_b2d1b755-f719-46c7-b8b7-fb25684c5dbb_1分,5,17,2,2,4,0,3,0,0,0,0,0,3,frac+sup+sqrt,130,24,0,0,False,6,38,0,13,14,4,55,0,0,0,0
20241023-0024-0506-9a48-60cef0502423_b64c9bbb-e54a-4b2d-8732-3c23947bbad7_12分,25,62,3,14,10,2,8,0,0,0,0,1,5,frac+sup+sub+sqrt+textcircled,690,63,0,0,False,153,119,3,50,76,22,226,39,2,0,0
20241023-0024-0506-9a48-60cef0502423_cc660024-6a47-4bea-993e-ca02a365833f_10分,16,51,2,8,10,1,4,0,0,0,0,2,5,frac+sup+sub+sqrt+textcircled,530,53,0,0,False,106,85,0,29,54,8,231,15,2,0,0
20241023-0024-0506-9a48-60cef0502423_d50f0e3b-3c19-4d16-a212-24e91d7db335_5分,9,28,2,6,3,1,5,0,0,0,0,0,4,frac+sup+sub+sqrt,239,32,0,0,False,41,47,0,5,24,6,110,3,3,0,0
20241025-1528-2592-e3ca-c1be6d204091_1b1dc285-74d9-47dc-a0ac-29853048945c_12分,25,19,1,5,6,4,0,0,0,0,0,3,4,frac+sup+sub+textcircled,509,68,0,0,False,83,101,0,21,111,48,69,70,6,0,0
20241025-1528-2592-e3ca-c1be6d204091_4341b8a4-5d53-4904-a636-0b1b788213ac_17分,21,55,1,17,0,0,0,0,0,0,0,0,1,frac,848,37,0,0,False,195,161,0,22,144,32,275,8,11,0,0
20241025-1528-2592-e3ca-c1be6d204091_4bbb4902-5c3f-4153-bfca-cbc95b8f7bbf_15分,30,34,2,11,10,2,3,0,0,0,0,3,5,frac+sup+sub+sqrt+textcircled,606,74,0,0,False,92,107,0,22,110,50,128,83,14,0,0
20241025-1528-2592-e3ca-c1be6d204091_920197c6-5e32-4325-8d31-97a74853f4f6_6分,11,30,2,9,0,0,0,0,0,0,0,0,1,frac,383,38,1,1,True,72,67,0,11,45,22,150,11,5,0,0
20241027-1420-030a-3c00-89d88d678752_0333d409-327d-4e90-b655-95d174c779bd_15分,18,44,3,12,3,5,0,4,0,0,0,0,4,frac+sup+sub+env,426,43,0,0,False,45,74,0,23,45,16,200,7,12,4,0
20241027-1420-030a-3c00-89d88d678752_076fbc49-3fb5-4f7e-ab7a-f1bf2c92052f_9分,30,40,2,15,0,8,3,0,0,0,0,0,3,frac+sub+sqrt,437,49,0,0,False,56,89,0,19,52,20,168,22,11,0,0
20241027-1420-030a-3c00-89d88d678752_0d1c991b-0845-4694-baa1-9b8330fda589_3分,18,27,2,6,0,6,0,2,0,0,0,0,3,frac+sub+env,369,59,0,0,False,44,74,0,17,43,18,127,29,15,2,0
20241027-1420-030a-3c00-89d88d678752_190daaa1-9c2b-44eb-b261-87551555402f_6分,13,25,2,7,0,6,3,1,0,0,0,0,4,frac+sub+sqrt+env,271,63,0,0,False,31,52,0,8,25,14,104,26,10,1,0
20241027-1420-030a-3c00-89d88d678752_5ce8246f-2ed7-4fbe-b786-6ebce2f28aca_11分,21,43,2,12,0,8,0,2,0,0,0,3,4,frac+sub+env+textcircled,508,59,0,0,False,69,96,0,19,57,20,195,32,18,2,0
20241027-1420-030a-3c00-89d88d678752_aada606b-5eb2-43b4-9ea7-fde346f02757_9分,14,19,1,6,0,8,0,0,0,0,0,0,2,frac+sub,220,42,0,0,False,34,41,0,15,18,12,75,16,9,0,0
20241027-1420-030a-3c00-89d88d678752_bd080975-ce1e-40f5-b461-995abe173b42_15分,16,57,2,13,1,8,2,3,0,0,0,0,5,frac+sup+sub+sqrt+env,722,75,0,0,False,107,104,0,49,68,34,275,52,29,4,0
20241027-1420-030a-3c00-89d88d678752_e2c42327-bca3-4412-aacd-cdf7d9dec45c_6分,21,49,3,8,1,12,2,2,0,0,0,0,5,frac+sup+sub+sqrt+env,519,69,0,0,False,65,94,0,26,54,18,207,38,13,4,0
20241030-0149-33a7-8128-278274335153_118b1025-9d87-4ae3-9218-950eb110e7a9_13分,34,61,2,21,8,0,9,0,0,0,0,6,4,frac+sup+sqrt+textcircled,589,50,0,0,False,3,108,55,66,72,16,239,25,5,0,0
20241030-0149-33a7-8128-278274335153_2366f817-1b2f-4979-ac30-19e0227eed21_2分,12,18,1,5,5,1,0,0,0,0,0,0,3,frac+sup+sub,219,38,0,0,False,4,45,28,30,27,8,64,11,2,0,0
20241030-0149-33a7-8128-278274335153_7e8725aa-7904-4434-b157-b92b3b85fc77_6分,20,32,2,12,7,1,0,0,0,0,0,0,3,frac+sup+sub,376,49,0,0,False,6,59,45,60,44,8,130,22,2,0,0
20241030-0149-33a7-8128-278274335153_edda2ca6-7b1b-4750-af34-b15db50de007_1分,3,3,1,0,1,1,0,0,0,0,0,0,2,sup+sub,38,14,0,0,False,6,10,0,0,8,4,9,0,1,0,0
20241102-0017-1236-2efc-6ca061656043_01dbfc93-1383-4365-bfd5-a6762a30441f_13分,22,11,1,0,2,5,0,3,0,0,0,0,3,sup+sub+env,261,44,0,0,False,44,49,5,15,53,24,48,12,8,3,0
20241102-0017-1236-2efc-6ca061656043_23e4b05b-927c-4a32-a368-5aa8b9338f83_6分,13,11,1,4,0,3,0,2,0,0,0,0,3,frac+sub+env,189,39,0,0,False,27,32,4,4,37,6,56,15,5,3,0
20241102-0017-1236-2efc-6ca061656043_5a509a2e-05cc-4993-bc72-c63b6a890f64_5分,5,3,1,0,0,1,0,2,0,0,0,0,2,sub+env,61,28,0,0,False,10,8,1,3,11,2,19,4,1,2,0
20241102-0017-1236-2efc-6ca061656043_80049b54-93b2-4b04-b480-6e586ec24136_4分,7,3,1,0,0,1,0,1,0,0,0,1,3,sub+env+textcircled,72,34,0,0,False,8,13,1,4,12,6,14,11,2,1,0
20241102-0017-1236-2efc-6ca061656043_957ef5f5-7a6c-4d14-99ca-da52d0899b55_5分,9,4,1,2,0,2,0,0,0,0,0,0,2,frac+sub,77,24,0,0,False,12,16,2,4,16,6,16,5,0,0,0
20241102-0017-1236-2efc-6ca061656043_cfb70c97-cdff-48a1-b9e2-00d429067551_15分,17,33,2,4,0,10,0,3,0,0,0,6,4,frac+sub+env+textcircled,493,59,1,1,True,59,96,10,16,66,50,131,34,27,4,0
20241102-0017-1236-2efc-6ca061656043_dc8a97d1-425e-4615-8d55-d39e0defa669_12分,25,31,2,6,6,8,0,3,0,0,0,0,4,frac+sup+sub+env,503,62,1,1,True,63,91,13,25,90,40,131,23,21,6,0
20241102-0017-1236-2efc-6ca061656043_e2a9ea48-82a5-467f-8cb4-662b4cdc3be7_16分,22,21,1,2,4,8,0,4,0,0,0,0,4,frac+sup+sub+env,447,75,0,0,False,79,55,9,23,67,26,94,69,20,5,0
20241104-0722-2680-8137-2d6d5f150681_10e401bc-3b6d-4f9a-b53b-673d240e2fbe_13分,26,34,2,7,11,4,0,2,0,0,0,0,4,frac+sup+sub+env,572,62,0,0,False,122,96,0,16,104,48,139,34,9,4,0
20241104-0722-2680-8137-2d6d5f150681_25e6c52a-33f3-4861-8508-759378f40f0b_7分,32,29,2,4,16,1,0,1,0,0,0,0,4,frac+sup+sub+env,513,53,0,0,False,120,97,0,13,98,62,104,16,2,1,0
20241104-0722-2680-8137-2d6d5f150681_65923c08-0800-415f-97a9-434341f1cf44_17分,34,48,2,11,20,5,0,2,0,0,0,0,4,frac+sup+sub+env,766,75,0,0,False,129,145,0,37,138,72,186,46,11,2,0
20241104-0722-2680-8137-2d6d5f150681_a942d90e-e7be-4762-b675-b449c718c893_1分,9,6,1,0,3,0,0,2,0,0,0,0,2,sup+env,157,31,0,0,False,38,27,0,5,32,18,28,6,1,2,0
20241105-0955-09df-58f6-50853c239122_28527c73-9e76-4eb6-9570-80da641da06b_6分,19,26,3,5,7,0,4,1,0,0,0,0,4,frac+sup+sqrt+env,383,68,1,1,True,48,79,0,16,66,20,106,43,3,2,0
20241105-0955-09df-58f6-50853c239122_2e15d18e-bdb8-4b47-b333-ca58c64f6780_9分,14,28,3,2,6,2,4,0,0,0,0,0,4,frac+sup+sub+sqrt,304,64,0,0,False,35,57,0,18,42,16,92,40,4,0,0
20241105-0955-09df-58f6-50853c239122_5ad174b0-bf1d-4991-8db1-698997ee86b3_13分,13,28,3,3,7,1,3,1,0,0,0,0,5,frac+sup+sub+sqrt+env,371,69,0,0,False,47,64,0,17,60,22,102,48,9,2,0
20241105-0955-09df-58f6-50853c239122_e6dd35f4-2a71-40a7-95db-28ca768b9769_6分,8,0,0,0,0,0,0,0,0,0,0,0,0,,90,42,0,0,False,8,18,0,3,17,10,0,29,5,0,0
20241111-0647-4514-3304-461c24876781_1730d24a-cd32-4cd3-9d54-1e0d9f2f677b_1分,14,57,3,6,7,13,0,1,0,0,0,0,4,frac+sup+sub+env,423,39,0,0,False,61,76,0,6,47,12,208,12,0,1,0
20241111-0647-4514-3304-461c24876781_391aa093-8708-4369-b79c-7103381b10c9_7分,24,113,3,15,15,21,0,2,0,0,0,0,4,frac+sup+sub+env,853,52,0,0,False,100,142,0,26,84,36,423,38,2,2,0
20241111-0647-4514-3304-461c24876781_47702678-1162-46fa-8d0a-df649ce552e0_15分,19,138,3,14,13,13,0,2,0,0,0,2,5,frac+sup+sub+env+textcircled,1016,57,0,0,False,99,195,0,31,93,40,524,22,10,2,0
20241111-0647-4514-3304-461c24876781_61da4317-6fa3-4af0-82a5-8539a6e1ceea_15分,24,109,3,14,10,22,0,2,0,0,0,0,4,frac+sup+sub+env,899,63,0,0,False,113,156,0,28,90,40,423,45,2,2,0
20241111-0647-4514-3304-461c24876781_69f17b6f-b5c2-4ed2-ac57-70b2a32d73bb_15分,39,158,3,20,14,31,0,2,0,0,0,0,4,frac+sup+sub+env,1240,71,0,0,False,159,218,0,28,134,44,596,54,5,2,0
20241111-0647-4514-3304-461c24876781_7bbb0c30-37a4-4155-b889-f67a1ff2d97d_3分,5,14,2,0,0,3,0,1,0,0,0,1,3,sub+env+textcircled,149,32,0,0,False,20,32,0,5,17,10,57,3,2,3,0
20241111-0647-4514-3304-461c24876781_99ae1e4a-7d76-4101-abf8-dc12548b5b0e_15分,19,106,3,10,12,16,0,3,0,0,0,0,4,frac+sup+sub+env,781,40,0,0,False,84,152,0,19,81,30,407,5,0,3,0
20241111-0647-4514-3304-461c24876781_b1fa7263-aa31-4210-9d15-f07d5a3304ab_3分,12,25,2,0,0,11,0,1,0,0,0,0,2,sub+env,206,40,0,0,False,33,38,0,11,23,6,80,13,1,1,0
20241112-0121-00e7-bd8d-b6064f251325_070f3789-e221-4884-a857-f87c31cec0a3_13分,56,89,3,10,2,4,23,2,0,11,1,0,7,frac+sup+sub+sqrt+env+accent+stackrel,1045,115,3,3,True,201,126,2,83,87,38,349,109,46,4,0
20241112-0121-00e7-bd8d-b6064f251325_3b25a506-cb02-436a-87c0-7d421722961f_7分,25,36,3,7,1,0,5,1,0,6,1,0,6,frac+sup+sqrt+env+accent+stackrel,641,108,1,1,True,150,48,0,55,35,34,157,120,41,1,0
20241112-0121-00e7-bd8d-b6064f251325_3edc9af1-ac7b-4fb9-b223-4d72bca79dc4_15分,15,1,1,0,1,0,0,0,0,0,0,0,1,sup,175,56,0,0,False,74,3,0,25,11,2,5,52,3,0,0
20241112-0121-00e7-bd8d-b6064f251325_8d9344a3-d2d9-40d8-b6bc-322e3bd5c06e_8分,58,102,3,15,4,10,21,3,0,10,1,0,7,frac+sup+sub+sqrt+env+accent+stackrel,1195,104,2,2,True,236,141,0,88,105,47,414,109,49,6,0
20241122-0347-1978-19b6-955c89533702_58a47869-44e6-4831-9169-ed0aa7acdd92_14分,24,26,2,5,11,1,1,0,0,0,0,0,4,frac+sup+sub+sqrt,604,55,3,1,True,65,263,0,13,78,22,98,28,37,0,0
20241122-0347-1978-19b6-955c89533702_6d6e8584-4c2b-43f7-b0f3-4e3fc0a5fbe9_15分,28,14,1,4,8,0,1,0,0,0,0,0,3,frac+sup+sqrt,608,70,16,4,True,72,219,0,9,102,36,50,75,44,1,0
20241122-0347-1978-19b6-955c89533702_708a08af-1068-44d6-b271-cb85538dc5a1_13分,18,12,2,1,2,1,0,0,0,0,0,3,4,frac+sup+sub+textcircled,459,92,20,6,True,38,137,0,20,48,58,42,89,27,0,0
20241122-0347-1978-19b6-955c89533702_978e1f0f-c8e9-447e-a693-70f8bbf192b9_5分,6,3,1,2,1,0,0,0,0,0,0,0,2,frac+sup,120,39,0,0,False,13,39,0,7,14,16,13,10,8,0,0
20241128-0044-5022-bb5a-27cbed652622_568ee226-57de-4b0d-b3cf-e011de49a5b8_11分,17,66,2,4,6,16,0,1,0,0,0,3,5,frac+sup+sub+env+textcircled,583,56,0,0,False,107,92,0,23,89,36,217,11,7,1,0
20241128-0044-5022-bb5a-27cbed652622_618b65ec-e7eb-4da8-b2c3-8d9e69628d51_17分,49,109,2,10,17,27,0,0,0,0,0,1,4,frac+sup+sub+textcircled,1023,54,1,1,True,172,191,0,46,187,46,351,17,13,0,0
20241128-0044-5022-bb5a-27cbed652622_9816640e-e34c-4920-aa95-eb1d6854b077_7分,16,49,2,3,2,14,0,0,0,0,0,4,4,frac+sup+sub+textcircled,382,35,1,1,True,68,58,0,15,52,16,159,14,0,0,0
20241128-0044-5022-bb5a-27cbed652622_e597c7a1-fa37-472e-9080-60f6fde081d2_17分,24,61,2,1,8,17,0,0,0,0,0,0,3,frac+sup+sub,515,35,0,0,False,108,78,0,21,94,18,189,6,1,0,0
20241128-0108-029c-c655-0b001c327790_05255419-3f3e-4d83-8bba-ee2534307a59_11分,11,34,2,9,1,0,3,0,0,0,0,0,3,frac+sup+sqrt,451,47,0,0,False,56,74,31,17,49,32,156,32,4,0,0
20241128-0108-029c-c655-0b001c327790_0769dc8d-873f-4ffa-9452-85ceaec5d923_11分,18,39,2,13,2,0,4,0,0,0,0,0,3,frac+sup+sqrt,482,45,0,0,False,51,81,36,19,53,34,175,27,6,0,0
20241128-0108-029c-c655-0b001c327790_44ed9101-16e7-47b9-8a5e-d217134c6b7e_13分,13,42,2,12,0,0,5,0,0,0,0,0,2,frac+sqrt,530,49,0,0,False,55,93,42,17,68,22,196,25,12,0,0
20241128-0108-029c-c655-0b001c327790_b7c4d194-cf5e-420e-b5d1-7323d9568ed2_6分,9,14,2,6,0,0,4,0,0,0,0,0,2,frac+sqrt,168,29,0,0,False,18,30,8,11,17,14,62,6,2,0,0
20241201-0113-29ac-03f4-b586ce898784_0d73a268-3cbd-4635-8773-8e4480c08957_1分,8,13,2,3,3,0,3,0,0,0,0,0,3,frac+sup+sqrt,131,45,1,1,True,14,20,0,10,10,6,45,23,3,0,0
20241201-0113-29ac-03f4-b586ce898784_7064beff-3055-41b3-8b61-82c4d8544c81_5分,8,29,3,5,4,2,3,2,0,0,0,0,5,frac+sup+sub+sqrt+env,257,46,0,0,False,34,40,0,5,33,16,113,9,5,2,0
20241201-0113-29ac-03f4-b586ce898784_7ef794b0-9d91-4a43-abe8-db229be72df3_15分,30,128,3,17,17,15,4,2,0,0,0,0,5,frac+sup+sub+sqrt+env,1090,80,2,2,True,160,187,0,34,120,38,480,56,13,2,0
20241201-0113-29ac-03f4-b586ce898784_85c32d0f-a5b9-4222-9d7d-ad9f60c23216_17分,20,54,3,10,10,5,5,0,0,0,0,0,4,frac+sup+sub+sqrt,651,52,0,0,False,100,139,0,10,112,66,208,12,4,0,0
20241201-0113-29ac-03f4-b586ce898784_90a48549-4f4d-42ab-81be-11ccd5210740_10分,16,70,3,6,11,4,3,3,0,0,0,0,5,frac+sup+sub+sqrt+env,600,68,0,0,False,83,120,1,6,68,24,251,38,6,3,0
20241201-0113-29ac-03f4-b586ce898784_ab845c3f-9e14-4d1c-bb00-a54ed171390a_8分,18,93,3,9,10,6,4,0,0,0,0,8,5,frac+sup+sub+sqrt+textcircled,785,80,2,1,True,142,118,0,25,93,34,305,56,12,0,0
20241202-0259-57fc-be86-7770be113739_89cec065-64bd-4f9a-a0ab-4f7f540944f5_15分,21,35,2,2,6,6,1,1,0,0,0,1,6,frac+sup+sub+sqrt+env+textcircled,486,100,1,1,True,69,69,1,29,47,31,114,105,20,1,0
20241202-0259-57fc-be86-7770be113739_9ee8538d-286e-4739-8857-703a25a84190_15分,36,54,3,5,7,9,2,2,0,0,0,2,6,frac+sup+sub+sqrt+env+textcircled,642,88,1,1,True,113,89,0,65,70,20,192,77,12,4,0
20241202-0259-57fc-be86-7770be113739_b3929099-49a0-46e7-921c-12aa1ed63306_8分,7,30,3,2,4,3,2,2,0,0,0,0,5,frac+sup+sub+sqrt+env,248,43,0,0,False,36,42,0,6,24,18,104,12,4,2,0
20241202-0259-57fc-be86-7770be113739_e6740d6b-3d24-45c0-824f-bd3bd5937e39_11分,21,32,2,1,8,3,2,1,0,0,0,2,6,frac+sup+sub+sqrt+env+textcircled,527,95,1,1,True,90,53,0,49,42,20,109,141,22,1,0
20241202-0745-00bd-057e-07b365368833_0be211b8-e34a-414e-bb03-594e063d036c_8分,14,43,2,7,9,6,4,0,0,0,0,0,4,frac+sup+sub+sqrt,352,42,0,0,False,42,67,0,16,45,16,151,11,4,0,0
20241202-0745-00bd-057e-07b365368833_3401eda3-585e-41b4-9d34-9516ac7a4a03_10分,20,103,3,12,13,6,5,3,0,0,0,0,5,frac+sup+sub+sqrt+env,785,38,0,0,False,148,108,0,31,82,38,366,8,0,4,0
20241202-0745-00bd-057e-07b365368833_780670c8-cbb9-4931-a13f-a411685a1836_15分,18,132,3,11,10,10,6,2,0,0,0,0,5,frac+sup+sub+sqrt+env,984,43,0,0,False,158,140,0,48,112,36,481,5,1,3,0
20241202-0745-00bd-057e-07b365368833_7bd91455-8a29-4d7e-be12-d771244bd887_1分,11,25,2,3,2,6,0,0,0,0,0,0,3,frac+sup+sub,227,42,0,0,False,26,36,0,24,21,4,89,25,2,0,0
20241202-0745-00bd-057e-07b365368833_822b9323-e2e6-4fe4-9818-bba2f340a66c_3分,12,45,3,6,7,5,2,1,0,0,0,0,5,frac+sup+sub+sqrt+env,405,32,0,0,False,93,47,0,33,47,10,171,2,0,2,0
20241202-0745-00bd-057e-07b365368833_a9b7112d-34c3-455a-b43d-4285b78426f2_10分,26,161,3,13,16,9,8,1,0,0,0,2,6,frac+sup+sub+sqrt+env+textcircled,985,46,0,0,False,128,169,0,33,81,26,528,12,7,1,0
20241202-0745-00bd-057e-07b365368833_b96e9f62-61ed-4bea-bb08-28501dd453cd_2分,8,41,3,3,3,4,2,0,0,0,0,0,4,frac+sup+sub+sqrt,296,28,0,0,False,52,35,0,25,27,6,143,7,1,0,0
20241202-0745-00bd-057e-07b365368833_c67ba5dc-bb5a-432b-878e-f7a87b16f00b_7分,18,87,3,7,10,9,4,0,0,0,0,0,4,frac+sup+sub+sqrt,607,33,0,0,False,125,77,0,21,63,20,291,8,2,0,0
20241204-0912-4931-cee0-757084929852_0a734658-3ca0-4bb8-ba01-8a1e4c61c238_12分,21,27,2,12,1,9,0,0,0,0,0,0,3,frac+sup+sub,466,50,0,0,False,82,63,0,19,87,66,111,34,4,0,0
20241204-0912-4931-cee0-757084929852_360291ff-8945-4d54-9e5d-38fc6a737612_11分,24,15,1,0,0,7,0,1,0,0,0,0,2,sub+env,337,46,0,0,False,70,44,0,19,62,62,50,24,5,1,0
20241204-0912-4931-cee0-757084929852_4879d72b-937b-4fb3-b7b9-f753a30a5dbd_2分,19,12,1,6,0,5,0,0,0,0,0,0,2,frac+sub,270,42,0,0,False,54,36,0,31,50,38,48,11,2,0,0
20241204-0912-4931-cee0-757084929852_58737a6d-43f8-4b7c-ad01-1048ee41c4c4_10分,26,24,1,10,2,8,0,0,0,0,0,2,4,frac+sup+sub+textcircled,455,55,0,0,False,65,73,0,32,72,64,92,39,18,0,0
20241204-0912-4931-cee0-757084929852_67e45705-9490-47f6-b9b0-c563191b0d12_5分,16,10,1,2,0,4,0,0,0,0,0,0,2,frac+sub,288,38,0,0,False,71,19,0,17,44,79,34,19,5,0,0
20241204-0912-4931-cee0-757084929852_b7cc74ed-3984-4bbc-8a46-1dc951bf1be1_1分,3,3,1,0,0,2,0,0,0,0,0,0,1,sub,47,22,0,0,False,9,4,0,4,5,10,9,5,1,0,0
20241204-0912-4931-cee0-757084929852_e1f3ee0a-75d9-4002-a33f-b06c84e1b07d_15分,35,22,1,8,1,7,0,0,0,0,0,0,3,frac+sup+sub,476,40,0,0,False,94,73,0,34,90,67,92,22,4,0,0
20241204-0912-4931-cee0-757084929852_ebe4fdbc-b8fd-4051-80c2-7726a6c06474_15分,37,35,2,10,2,11,0,2,0,0,0,2,5,frac+sup+sub+env+textcircled,603,51,0,0,False,113,78,0,50,98,91,137,32,2,2,0
20241208-0044-3879-15a0-b4e8e8859025_54dbfe70-2cbc-449f-bf23-a473fea5f6d1_5分,12,19,2,1,1,9,0,0,0,0,0,0,3,frac+sup+sub,175,37,0,0,False,33,28,0,7,23,6,59,18,1,0,0
20241208-0044-3879-15a0-b4e8e8859025_59b46904-42ef-4644-b439-1a1940a5b592_5分,16,27,2,1,1,12,0,0,0,0,0,3,4,frac+sup+sub+textcircled,242,42,0,0,False,42,46,0,4,33,6,83,27,1,0,0
20241208-0044-3879-15a0-b4e8e8859025_73a4c682-fd55-4804-b53c-05f6be7bb491_13分,30,61,3,8,6,17,0,0,0,0,0,3,4,frac+sup+sub+textcircled,553,63,0,0,False,86,81,10,15,69,28,213,48,3,0,0
20241208-0044-3879-15a0-b4e8e8859025_7cf7e935-8eef-436a-bf27-86700fb83b40_7分,34,72,2,9,8,19,0,0,0,0,0,0,3,frac+sup+sub,681,67,0,0,False,124,101,10,16,102,20,248,59,1,0,0
20241208-0044-3879-15a0-b4e8e8859025_7f412348-bce7-41ac-aa6e-d2344f224bce_7分,14,41,2,4,3,13,0,0,0,0,0,0,3,frac+sup+sub,330,37,0,0,False,64,44,9,10,44,8,135,15,1,0,0
20241208-0044-3879-15a0-b4e8e8859025_8e0674ca-b359-4bfd-a9b5-0bdbba8873ea_5分,11,24,2,1,1,10,0,0,0,0,0,0,3,frac+sup+sub,229,41,0,0,False,43,39,0,4,33,6,74,25,5,0,0
20241208-0044-3879-15a0-b4e8e8859025_e4254750-849d-4c23-961a-478d495f4c7f_8分,24,52,2,8,8,17,0,0,0,0,0,0,3,frac+sup+sub,513,59,0,0,False,89,74,6,30,70,20,182,36,6,0,0
20241208-0044-3879-15a0-b4e8e8859025_f02a1e57-5262-45ce-9c43-4f2861d879a4_1分,5,15,1,0,0,5,0,0,0,0,0,3,2,sub+textcircled,116,19,0,0,False,25,20,0,2,20,2,45,2,0,0,0
20241209-0017-251f-9c58-8b337a271745_0524ca9d-742f-43f0-b79d-eb853e37e57c_9分,14,25,2,8,4,2,1,1,0,0,0,0,5,frac+sup+sub+sqrt+env,421,73,0,0,False,50,94,0,6,58,32,110,64,6,1,0
20241209-0017-251f-9c58-8b337a271745_059f1eb7-e6aa-476e-8a99-88a2ef0eeb09_3分,19,31,2,7,7,10,0,1,0,0,0,0,4,frac+sup+sub+env,460,56,0,0,False,61,113,0,11,57,20,118,70,9,1,0
20241209-0017-251f-9c58-8b337a271745_3c121e65-3cdf-4cd6-b7fe-5fdf80a5d82e_2分,3,8,2,2,2,0,0,2,0,0,0,0,3,frac+sup+env,135,30,0,0,False,18,34,0,2,19,12,42,1,5,2,0
20241209-0017-251f-9c58-8b337a271745_632e8183-092c-4d69-aeb4-7bcfaf906639_9分,17,41,2,13,8,4,1,3,0,0,0,4,6,frac+sup+sub+sqrt+env+textcircled,633,71,0,0,False,78,144,0,26,87,40,180,61,14,3,0
20241210-0232-092d-dd83-4f7631328560_06a181c7-5b0e-4539-afe2-47e2ca82fcb1_4分,7,42,2,6,3,7,0,0,0,0,0,0,3,frac+sup+sub,372,48,0,0,False,57,51,0,3,43,22,166,23,7,0,0
20241210-0232-092d-dd83-4f7631328560_6e98afe2-9912-4fed-b456-ddc406de28d3_8分,18,88,3,18,1,15,0,1,0,0,0,3,5,frac+sup+sub+env+textcircled,668,50,0,0,False,97,96,0,12,63,38,339,19,3,1,0
20241210-0232-092d-dd83-4f7631328560_7fdc72eb-cf7b-44ce-a3b1-c663e3bd0d6a_17分,16,117,2,14,9,12,0,1,0,0,0,0,4,frac+sup+sub+env,990,67,2,1,True,153,126,0,29,144,28,456,34,19,1,0
20241210-0232-092d-dd83-4f7631328560_a8b801c9-716b-4a81-b633-88dad5ca66c1_17分,19,98,2,16,0,18,0,0,0,0,0,0,2,frac+sub,798,51,0,0,False,123,111,0,21,88,38,388,21,8,0,0
20241210-0244-030b-a440-408aa1706839_1b18fcd7-570a-42e7-9361-6e13a59f2f77_1分,15,15,1,1,2,8,0,0,0,0,0,0,3,frac+sup+sub,220,38,0,0,False,34,37,0,20,41,24,49,13,2,0,0
20241210-0244-030b-a440-408aa1706839_3c4f0dad-bc02-4125-88e8-0d5d9ecab558_4分,8,13,2,2,1,3,0,1,0,0,0,2,5,frac+sup+sub+env+textcircled,168,51,0,0,False,15,31,0,15,20,18,50,15,3,1,0
20241210-0244-030b-a440-408aa1706839_401e7bd2-4a8e-40c5-927b-23a39c3adb18_8分,17,17,2,7,0,7,0,0,0,0,0,0,2,frac+sub,380,63,0,0,False,55,49,0,21,34,58,65,87,11,0,0
20241210-0244-030b-a440-408aa1706839_6d0c06ce-8f91-4afb-a39c-6dc6a193a3e8_4分,5,6,1,1,0,3,0,0,0,0,0,0,2,frac+sub,89,28,0,0,False,14,14,0,8,14,10,20,7,2,0,0
20241210-0244-030b-a440-408aa1706839_7e8fa60b-40c1-4aed-a2d7-cbbbea9a6ef6_8分,8,11,2,2,0,4,0,0,0,0,0,0,2,frac+sub,153,38,0,0,False,22,23,0,11,18,26,39,12,2,0,0
20241210-0244-030b-a440-408aa1706839_8131aff3-d99a-4dd3-9832-19954407ea60_17分,17,21,2,6,2,6,0,1,0,0,0,0,4,frac+sup+sub+env,273,49,1,1,True,31,42,0,28,27,33,85,22,4,1,0
20241210-0244-030b-a440-408aa1706839_d08dace4-955b-40dc-a248-79cb72ccfaa8_14分,17,32,2,7,7,7,0,1,0,0,0,0,4,frac+sup+sub+env,344,56,0,0,False,24,55,0,26,28,32,119,51,8,1,0
20241210-0244-030b-a440-408aa1706839_d32cb343-324a-4aa1-91d5-dad40e8cf50a_14分,16,16,2,3,1,6,0,1,0,0,0,0,4,frac+sup+sub+env,264,54,0,0,False,43,33,0,22,31,36,61,35,2,1,0
20241210-0319-3742-f4bb-44624e894002_97fb4e2e-37d2-424c-87c8-c73c5c165236_3分,22,89,3,8,9,9,0,0,0,0,0,0,3,frac+sup+sub,710,48,0,0,False,95,181,0,8,75,34,295,18,4,0,0
20241210-0319-3742-f4bb-44624e894002_a49b9e97-8a1e-4cd3-8c2a-89132b087c1f_12分,32,148,3,17,15,15,6,1,0,0,0,0,5,frac+sup+sub+sqrt+env,1208,90,0,0,False,160,278,1,26,127,52,509,42,12,1,0
20241210-0319-3742-f4bb-44624e894002_c2155762-1a8d-44f7-915d-5632ec28292e_13分,23,117,3,15,12,14,1,3,0,0,0,0,5,frac+sup+sub+sqrt+env,922,68,0,0,False,124,184,2,16,84,48,416,37,6,5,0
20241210-0319-3742-f4bb-44624e894002_cd4769fa-c030-4755-a17a-97c31c928e04_4分,6,15,2,1,2,2,0,0,0,0,0,0,3,frac+sup+sub,146,34,0,0,False,23,30,0,15,14,8,49,3,4,0,0
20241211-2345-5128-f205-6590f3689273_86e44a09-d14a-4db1-bdff-45f7c16fcd05_7分,38,123,4,21,9,15,4,1,0,0,0,0,5,frac+sup+sub+sqrt+env,1011,87,3,3,True,125,166,3,52,83,32,488,50,11,1,0
20241211-2345-5128-f205-6590f3689273_9313fee8-a8bc-4958-86e2-8fd0213fc8a7_12分,27,88,3,17,13,11,2,3,0,0,0,0,5,frac+sup+sub+sqrt+env,727,65,0,0,False,103,121,1,25,74,32,345,14,9,3,0
20241211-2345-5128-f205-6590f3689273_d850b0db-76f3-4f07-a4ad-917f66606329_17分,25,143,3,15,14,12,1,4,0,0,0,3,6,frac+sup+sub+sqrt+env+textcircled,1089,75,1,1,True,135,205,2,17,99,44,540,28,14,5,0
20241211-2345-5128-f205-6590f3689273_da5f7a51-8ed8-4f48-b87a-2061b98eb215_1分,8,14,2,2,5,0,2,0,0,0,0,0,3,frac+sup+sqrt,108,31,0,0,False,14,19,0,4,11,2,50,8,0,0,0
20241214-0055-5965-cac6-3dd47f449294_220cbc36-ed1c-49fe-9d26-c9275c5ec195_9分,20,41,2,10,8,12,0,0,0,0,0,0,3,frac+sup+sub,424,35,0,0,False,56,117,0,31,48,14,155,2,1,0,0
20241214-0055-5965-cac6-3dd47f449294_2de0e8ff-aa69-45af-bbb8-f7937ed69cd7_15分,28,59,2,0,15,11,0,5,0,0,0,0,3,sup+sub+env,640,61,5,2,True,114,131,0,32,79,36,212,23,6,7,0
20241214-0055-5965-cac6-3dd47f449294_7bc978fd-1331-4c76-a77c-fa0052fa462b_9分,11,7,2,1,2,0,0,2,0,0,0,0,3,frac+sup+env,158,45,2,1,True,19,47,0,11,14,8,35,20,2,2,0
20241214-0055-5965-cac6-3dd47f449294_7d8bb926-9665-441c-9db0-eac1e2b05712_3分,5,6,1,2,2,0,0,0,0,0,0,0,2,frac+sup,91,28,0,0,False,15,20,0,6,12,8,26,3,1,0,0
20241220-1341-16dd-2f35-1d8bc1052208_2b1121bf-c061-4b32-be6e-f5856288c0e9_3分,18,21,1,14,0,0,0,0,0,0,0,0,1,frac,351,52,0,0,False,27,46,33,29,32,22,105,44,13,0,0
20241220-1341-16dd-2f35-1d8bc1052208_44ce5b07-f571-46f2-b831-d67846155095_10分,17,26,1,13,0,0,0,0,0,0,0,0,1,frac,384,56,0,0,False,36,58,40,11,41,24,130,29,15,0,0
20241220-1341-16dd-2f35-1d8bc1052208_bb9de268-c02a-47f0-90e3-6767758be0e0_4分,7,10,1,5,0,0,0,0,0,0,0,0,1,frac,141,32,0,0,False,15,23,16,2,17,6,50,9,3,0,0
20241220-1341-16dd-2f35-1d8bc1052208_f9f2e652-849f-4073-ac8c-27720e56ab3c_13分,25,41,2,14,2,0,0,7,0,0,0,4,4,frac+sup+env+textcircled,526,55,0,0,False,23,79,40,24,28,38,240,27,20,7,0
20241221-0109-2916-880e-88f442319771_1ececd67-6301-4ddc-9d63-c9bf01be5e3d_3分,11,23,2,6,3,0,1,0,0,0,0,0,3,frac+sup+sqrt,230,36,0,0,False,28,45,0,1,32,16,95,11,2,0,0
20241221-0109-2916-880e-88f442319771_513d1c2b-e528-49c2-83ec-5e1a7bf429d1_9分,25,30,3,4,8,0,8,0,0,0,0,0,3,frac+sup+sqrt,434,64,2,1,True,70,66,0,25,58,36,100,64,15,0,0
20241221-0109-2916-880e-88f442319771_a38e08b0-af57-4fd3-bf04-201ef62815fc_13分,28,33,3,7,8,0,4,2,0,0,0,0,4,frac+sup+sqrt+env,498,74,3,2,True,72,74,0,24,55,33,123,104,11,2,0
20241221-0109-2916-880e-88f442319771_a4016e33-8412-482b-be9d-283db2d39379_13分,25,64,3,10,13,0,6,1,0,0,0,0,4,frac+sup+sqrt+env,721,82,2,1,True,96,121,0,30,85,46,247,82,11,3,0
20241221-0142-492a-638f-838180241144_005c9c1a-fcc9-47a3-b550-ca901bda1eda_17分,23,60,2,6,17,7,0,0,0,0,0,0,3,frac+sup+sub,612,76,19,6,True,36,152,25,70,54,6,200,61,8,0,0
20241221-0142-492a-638f-838180241144_ba6d480c-a075-4256-a32a-3e0d6a83427a_9分,25,41,2,11,1,19,0,0,0,0,0,0,3,frac+sup+sub,429,68,8,5,True,31,88,38,14,42,8,157,40,11,0,0
20241221-0142-492a-638f-838180241144_be59eecc-cb53-4524-95ae-42967a2c1323_17分,32,61,2,12,14,9,0,1,0,0,0,0,4,frac+sup+sub+env,575,69,7,4,True,45,144,25,32,50,12,226,36,3,2,0
20241221-0142-492a-638f-838180241144_f2ec0999-f451-438f-a208-2a06f442be8e_4分,6,4,1,2,0,0,0,0,0,0,0,0,1,frac,67,19,0,0,False,2,16,14,1,9,4,20,1,0,0,0
20250101-1234-41fb-4dbe-2aa6af055018_08bc530b-e821-48d6-bb87-6a80c4b31469_7分,16,26,2,4,0,1,0,1,0,3,0,0,4,frac+sub+env+accent,521,80,3,2,True,75,59,1,8,26,56,120,142,30,4,0
20250101-1234-41fb-4dbe-2aa6af055018_35d20485-adb2-4f8d-8490-241a208af274_13分,11,37,1,4,0,6,0,0,0,1,0,0,3,frac+sub+accent,344,51,2,1,True,51,45,1,6,7,42,123,57,12,0,0
20250101-1234-41fb-4dbe-2aa6af055018_49d2d57e-5d12-4191-bc3a-f7459e518c57_14分,15,36,1,8,0,4,0,0,0,0,0,4,3,frac+sub+textcircled,405,61,1,1,True,7,80,0,2,30,14,164,98,10,0,0
20250101-1234-41fb-4dbe-2aa6af055018_9ce64736-c0c9-4d2a-9d93-fa667a88b7fe_10分,5,18,1,5,0,2,0,0,0,0,0,0,2,frac+sub,175,21,0,0,False,6,44,0,1,18,12,86,8,0,0,0
20250101-1234-41fb-4dbe-2aa6af055018_a98bd81b-4958-4108-9149-ddb30bb591fa_7分,9,2,1,1,0,0,0,0,0,0,0,0,1,frac,146,34,2,1,True,1,49,0,0,2,28,10,26,30,0,0
20250101-1234-41fb-4dbe-2aa6af055018_c694dcf1-46c2-4447-8d24-187216faa349_15分,29,90,2,4,0,14,0,0,0,1,0,0,3,frac+sub+accent,763,89,23,8,True,80,106,1,10,25,56,300,140,45,0,0
20250101-1234-41fb-4dbe-2aa6af055018_de0c9d5d-79e8-4f14-955f-b9f5b0b99602_15分,22,24,1,6,0,2,0,0,0,2,0,0,3,frac+sub+accent,571,91,22,8,True,45,42,0,12,19,60,100,239,54,0,0
20250101-1234-41fb-4dbe-2aa6af055018_df8455bc-7da2-47d5-a9e7-df0c1a4ee4a6_7分,10,2,1,1,0,0,0,0,0,0,0,0,1,frac,142,49,6,2,True,3,7,0,5,3,34,10,69,11,0,0
20250117-0541-386c-dc45-0db105390174_a94b6925-a491-423f-8b80-ad1e7c66ae15_8分,27,40,2,5,0,4,12,2,0,5,1,0,6,frac+sub+sqrt+env+accent+stackrel,633,100,2,1,True,150,65,1,37,40,30,146,132,30,2,0
20250117-0541-386c-dc45-0db105390174_b2ab6df6-0813-439b-869e-4984628d1fb9_2分,6,0,0,0,0,0,0,0,0,0,0,0,0,,96,42,0,0,False,40,2,0,6,4,4,0,36,4,0,0
20250117-0541-386c-dc45-0db105390174_b3e03cb9-bea3-43bd-aeba-1e9eaac794e3_1分,23,41,3,1,1,7,2,4,0,7,0,0,6,frac+sup+sub+sqrt+env+accent,494,62,1,1,True,88,77,1,21,53,26,163,31,30,4,0
20250117-0541-386c-dc45-0db105390174_dade6cd0-f4e9-48d0-b0d1-7e0261cdcd5a_13分,74,80,3,10,8,6,21,4,0,7,0,0,6,frac+sup+sub+sqrt+env+accent,1084,113,0,0,False,295,115,4,92,85,28,304,120,37,4,0
20250119-1223-0088-cad5-6b2d87045944_2a414518-2ae9-4024-bc3c-d93a04e44772_10分,38,29,3,3,0,5,0,2,0,4,0,0,4,frac+sub+env+accent,508,78,0,0,False,133,58,1,42,41,28,119,57,27,2,0
20250119-1223-0088-cad5-6b2d87045944_486fed60-6aa3-4bf8-a533-07d6d6a97a04_15分,30,22,2,4,0,0,2,1,0,6,0,0,4,frac+sqrt+env+accent,428,79,0,0,False,148,24,2,36,41,18,91,46,21,1,0
20250119-1223-0088-cad5-6b2d87045944_7765656d-68a2-4728-896e-d4b9aabb95ec_15分,28,36,2,6,0,6,2,3,0,1,0,0,5,frac+sub+sqrt+env+accent,735,77,0,0,False,140,105,3,67,49,44,195,66,63,3,0
20250119-1223-0088-cad5-6b2d87045944_8f25fa96-d801-417e-8480-d5fbddb7cf55_10分,30,61,2,6,0,7,1,5,0,5,0,0,5,frac+sub+sqrt+env+accent,785,71,1,1,True,122,134,1,32,67,48,276,53,44,8,0
20250119-1223-0088-cad5-6b2d87045944_96fd64e4-4eeb-4592-9234-d762baccefba_10分,34,61,3,8,0,8,3,2,0,10,0,0,5,frac+sub+sqrt+env+accent,898,80,0,0,False,163,133,1,68,59,58,289,63,60,4,0
20250119-1223-0088-cad5-6b2d87045944_bdbcfcc4-f469-4841-ad4e-5fcf4812a89d_7分,21,54,3,6,0,5,1,2,0,3,0,0,5,frac+sub+sqrt+env+accent,681,74,0,0,False,162,95,2,35,56,32,222,48,27,2,0
20250119-1223-0088-cad5-6b2d87045944_d95b969b-9bfa-4149-ba0d-8609ef148209_15分,32,42,2,6,0,4,5,9,0,0,1,0,5,frac+sub+sqrt+env+stackrel,835,95,1,1,True,228,85,2,52,66,30,231,83,49,9,0
20250119-1223-0088-cad5-6b2d87045944_ee3ea3f3-1a28-490b-a94a-fc7753f0f527_6分,14,0,0,0,0,0,0,0,0,0,0,0,0,,165,36,1,1,True,87,1,0,16,16,2,0,39,4,0,0
20250121-0245-46d8-f17c-d5cc04862354_29566a27-a71b-4491-9aa8-ba5876aba27d_13分,33,64,3,14,18,1,8,0,0,0,0,2,5,frac+sup+sub+sqrt+textcircled,579,49,3,3,True,11,95,53,77,57,16,236,27,7,0,0
20250121-0245-46d8-f17c-d5cc04862354_667a4003-ce34-4d98-8d64-62a9085d3d90_9分,16,78,3,12,10,0,6,0,0,0,0,0,3,frac+sup+sqrt,677,34,0,0,False,7,112,68,92,60,20,290,10,18,0,0
20250121-0245-46d8-f17c-d5cc04862354_a0e07251-6531-4901-b59f-1a08f92b7831_7分,8,18,2,4,4,0,2,0,0,0,0,0,3,frac+sup+sqrt,160,21,0,0,False,1,27,20,21,16,8,62,4,1,0,0
20250121-0245-46d8-f17c-d5cc04862354_c6b1670f-bcbe-475a-ab29-f04df014844b_5分,16,54,3,9,9,0,4,1,0,0,0,3,5,frac+sup+sqrt+env+textcircled,463,39,0,0,False,1,74,52,60,45,14,201,12,3,1,0
20250217-1101-1539-c3d8-2b27a5505899_17bb92d9-f9e2-409a-bd5d-1de9393655ff_17分,19,130,3,16,10,8,6,0,0,0,0,0,4,frac+sup+sub+sqrt,1081,90,0,0,False,117,211,0,8,115,50,484,72,24,0,0
20250217-1101-1539-c3d8-2b27a5505899_24d091b9-7b43-4fbf-9829-ddb24cc77e81_3分,4,12,2,2,2,0,2,0,0,0,0,0,3,frac+sup+sqrt,106,34,0,0,False,12,18,0,7,10,2,42,15,0,0,0
20250217-1101-1539-c3d8-2b27a5505899_2f2239ea-3f2b-4497-b1b0-8376f0e008f8_17分,21,129,3,17,11,14,3,2,0,0,0,0,5,frac+sup+sub+sqrt+env,1004,78,2,1,True,123,184,0,16,95,46,485,32,19,4,0
20250217-1101-1539-c3d8-2b27a5505899_a0295265-4c4c-4fa3-a68d-a16971a3e83b_7分,19,82,3,10,5,7,7,2,0,0,0,0,5,frac+sup+sub+sqrt+env,640,53,0,0,False,75,121,0,30,60,20,314,11,7,2,0
20250218-0056-53cb-2fbb-2807f3072164_14df3011-4cb3-4eb7-aff5-f1635510d6eb_11分,30,92,3,3,10,22,0,0,2,0,0,2,5,frac+sup+sub+bigop+textcircled,912,126,14,6,True,168,102,0,38,87,58,280,151,28,0,0
20250218-0056-53cb-2fbb-2807f3072164_1d70d392-288a-476b-b631-bd9625db8864_2分,20,53,2,0,3,14,0,0,2,0,0,0,3,sup+sub+bigop,428,67,4,3,True,78,58,0,22,54,20,151,36,9,0,0
20250218-0056-53cb-2fbb-2807f3072164_24478eb9-fd0c-4bbf-8a9b-9a149c773a30_1分,5,8,1,3,0,4,0,0,0,0,0,0,2,frac+sub,129,28,0,0,False,5,50,0,1,22,12,32,3,4,0,0
20250218-0056-53cb-2fbb-2807f3072164_b15952d7-ee36-4bee-8b9d-eceef5fd2b41_8分,33,72,2,3,6,23,0,0,0,0,0,5,4,frac+sup+sub+textcircled,716,73,3,3,True,141,132,0,20,103,34,222,47,17,0,0
20250221-1402-042f-9397-dfb9fa005691_0dabdea0-54d9-4b2c-8973-b47559468123_8分,17,61,3,11,9,13,0,1,1,0,0,0,5,frac+sup+sub+env+bigop,512,61,9,5,True,53,84,31,27,32,18,230,35,1,1,0
20250221-1402-042f-9397-dfb9fa005691_1fe4ab5e-1009-4f99-8de2-7c32ad7b1981_2分,2,20,2,2,2,2,0,0,1,1,0,0,5,frac+sup+sub+bigop+accent,137,24,0,0,False,11,23,11,1,7,12,70,1,1,0,0
20250221-1402-042f-9397-dfb9fa005691_3114043c-b973-489d-bea8-e177fb158d2d_7分,14,49,3,10,5,13,0,0,4,3,0,0,5,frac+sup+sub+bigop+accent,379,59,11,5,True,40,61,23,11,24,16,167,36,1,0,0
20250221-1402-042f-9397-dfb9fa005691_f74119ff-bea2-4ae9-83fb-b6af8d7de613_13分,11,57,2,8,3,10,0,0,1,0,0,0,4,frac+sup+sub+bigop,488,47,7,4,True,52,97,37,9,33,16,219,23,2,0,0
20250225-0441-337a-701a-860e7a571293_013ca8e4-47a9-4b3c-885e-2d45803d311a_15分,15,37,2,3,5,14,0,0,0,0,0,0,3,frac+sup+sub,357,46,0,0,False,67,47,0,16,45,10,121,48,3,0,0
20250225-0441-337a-701a-860e7a571293_27a7f56e-c0f8-413a-9ad2-48e4dab3a4e2_7分,9,29,2,3,1,9,0,0,0,0,0,0,3,frac+sup+sub,239,32,0,0,False,52,32,0,3,37,0,99,14,2,0,0
20250225-0441-337a-701a-860e7a571293_3f30fdb9-4b7a-4195-9707-2905a5f1bee9_11分,18,66,2,6,7,16,0,1,0,0,0,0,4,frac+sup+sub+env,553,50,0,0,False,110,72,0,32,74,12,229,15,8,1,0
20250225-0441-337a-701a-860e7a571293_562bd8c4-d3f4-4745-8ef0-6294bdb49552_2分,29,65,2,4,6,28,0,0,0,0,0,0,3,frac+sup+sub,592,58,0,0,False,85,121,0,15,81,18,209,59,4,0,0
20250225-0441-337a-701a-860e7a571293_943ab8da-8078-48be-9ce4-67f9e647ffd9_6分,6,15,2,3,0,4,0,0,0,0,0,0,2,frac+sub,135,32,0,0,False,25,14,0,2,14,6,57,15,2,0,0
20250225-0441-337a-701a-860e7a571293_bfe0cc4d-3813-43f5-93a7-b1388f8f0332_11分,20,45,2,6,4,16,0,0,0,0,0,0,3,frac+sup+sub,397,37,0,0,False,89,61,0,5,63,16,149,13,1,0,0
20250225-0441-337a-701a-860e7a571293_cd1b67b9-b50c-4cfc-8622-2e5ab979d319_10分,12,37,2,4,3,12,0,0,0,0,0,0,3,frac+sup+sub,324,48,0,0,False,52,58,0,16,47,6,125,16,4,0,0
20250225-0441-337a-701a-860e7a571293_dcd8d09b-0a0a-42b1-9034-43a4b35ab530_4分,14,35,2,6,2,13,0,0,0,0,0,0,3,frac+sup+sub,340,39,0,0,False,63,45,0,17,43,12,125,29,6,0,0
20250225-1109-2036-d5a8-48cb2a607426_15_167,14,34,2,8,3,2,3,0,0,0,0,0,4,frac+sup+sub+sqrt,459,55,0,0,False,69,92,1,35,61,32,138,25,6,0,0
20250225-1109-2036-d5a8-48cb2a607426_15_37,34,30,2,10,3,1,3,0,0,0,0,3,5,frac+sup+sub+sqrt+textcircled,498,88,1,1,True,73,88,3,36,61,22,118,80,17,0,0
20250225-1109-2036-d5a8-48cb2a607426_15_41,12,20,2,5,2,0,3,1,0,0,0,0,4,frac+sup+sqrt+env,233,50,0,0,False,38,34,0,13,32,6,87,15,6,2,0
20250225-1109-2036-d5a8-48cb2a607426_15_80,28,42,2,17,2,1,2,0,0,0,0,3,5,frac+sup+sub+sqrt+textcircled,621,71,0,0,False,115,85,4,42,83,18,180,57,37,0,0
20250225-1109-2036-d5a8-48cb2a607426_16_01,29,103,3,12,5,7,15,3,0,6,0,0,6,frac+sup+sub+sqrt+env+accent,1015,98,0,0,False,165,135,0,53,74,44,415,79,45,5,0
20250225-1109-2036-d5a8-48cb2a607426_16_113,20,44,3,6,0,3,5,2,0,4,1,0,6,frac+sub+sqrt+env+accent+stackrel,518,89,0,0,False,103,58,3,28,34,26,178,58,26,4,0
20250225-1109-2036-d5a8-48cb2a607426_16_159,16,3,1,1,1,0,0,0,0,0,1,0,3,frac+sup+stackrel,189,49,0,0,False,83,8,0,13,16,4,13,41,11,0,0
20250225-1109-2036-d5a8-48cb2a607426_16_181,24,40,3,7,1,0,10,1,0,5,0,0,5,frac+sup+sqrt+env+accent,505,80,0,0,False,75,66,2,36,32,32,178,51,31,2,0
20250225-1109-2036-d5a8-48cb2a607426_16_29,21,47,4,6,1,0,7,2,0,3,0,0,5,frac+sup+sqrt+env+accent,658,96,1,1,True,137,64,2,37,46,31,205,99,34,3,0
20250225-1109-2036-d5a8-48cb2a607426_17_116,30,49,2,11,11,12,1,0,0,0,0,0,4,frac+sup+sub+sqrt,662,58,0,0,False,105,85,0,41,86,94,175,58,18,0,0
20250225-1109-2036-d5a8-48cb2a607426_17_143,6,1,1,1,0,0,0,0,0,0,0,0,1,frac,77,30,0,0,False,16,6,0,8,12,16,5,11,3,0,0
20250225-1109-2036-d5a8-48cb2a607426_17_192,28,75,2,9,7,12,0,0,0,0,0,0,3,frac+sup+sub,859,77,1,1,True,134,119,0,28,99,98,255,107,19,0,0
20250225-1109-2036-d5a8-48cb2a607426_17_37,37,93,3,17,18,20,0,0,0,0,0,0,3,frac+sup+sub,947,62,0,0,False,144,127,0,42,100,126,341,49,18,0,0
20250225-1109-2036-d5a8-48cb2a607426_19_109,5,11,1,2,1,1,0,0,0,0,0,0,3,frac+sup+sub,126,25,0,0,False,3,35,0,0,16,14,51,6,1,0,0
20250225-1109-2036-d5a8-48cb2a607426_19_114,21,75,1,7,0,17,0,0,0,0,0,0,2,frac+sub,696,50,0,0,False,70,177,0,6,75,24,251,58,35,0,0
20250225-1109-2036-d5a8-48cb2a607426_19_199,7,13,2,4,1,5,0,0,0,0,0,0,3,frac+sup+sub,121,23,0,0,False,11,32,0,2,15,10,49,1,1,0,0
20250225-1109-2036-d5a8-48cb2a607426_19_20,27,122,2,8,8,19,0,1,0,0,0,0,4,frac+sup+sub+env,1173,77,2,2,True,184,275,1,15,162,50,401,65,17,3,0
20250225-1109-2036-d5a8-48cb2a607426_19_51,26,71,2,13,4,11,0,0,0,0,0,4,4,frac+sup+sub+textcircled,724,74,4,3,True,44,205,0,4,72,32,287,69,11,0,0
20250225-1206-579f-9e1b-6ca63e934625_16_21,21,65,2,3,2,16,10,0,0,8,0,0,5,frac+sup+sub+sqrt+accent,632,76,0,0,False,126,87,0,43,58,30,219,44,25,0,0
20250225-1206-579f-9e1b-6ca63e934625_16_36,26,77,3,5,1,18,8,1,0,5,3,3,8,frac+sup+sub+sqrt+env+accent+stackrel+textcircled,839,109,1,1,True,173,101,0,44,53,24,284,109,48,3,0
20250225-1206-579f-9e1b-6ca63e934625_16_77,26,53,3,1,0,19,6,2,0,4,0,0,5,frac+sub+sqrt+env+accent,578,96,0,0,False,110,77,0,34,35,25,189,83,23,2,0
20250225-1206-579f-9e1b-6ca63e934625_16_80,10,12,1,0,0,5,0,0,0,0,1,0,2,sub+stackrel,166,36,1,1,True,61,13,0,10,11,4,38,24,5,0,0
20250225-1206-579f-9e1b-6ca63e934625_17_113,2,12,1,1,1,2,0,0,0,0,0,0,3,frac+sup+sub,89,27,0,0,False,4,19,0,0,6,6,44,10,0,0,0
20250225-1206-579f-9e1b-6ca63e934625_17_14,23,65,1,4,12,5,0,0,0,0,0,10,4,frac+sup+sub+textcircled,603,70,14,6,True,42,127,0,11,53,28,213,113,16,0,0
20250225-1206-579f-9e1b-6ca63e934625_17_153,20,37,2,6,9,6,0,0,0,1,0,0,4,frac+sup+sub+accent,495,63,2,1,True,62,107,0,11,58,58,141,53,5,0,0
20250225-1206-579f-9e1b-6ca63e934625_17_22,4,12,1,3,0,0,0,0,0,0,0,0,1,frac,104,17,0,0,False,0,29,0,0,11,2,60,1,1,0,0
20250225-1206-579f-9e1b-6ca63e934625_17_23,18,67,1,11,5,10,0,0,0,0,0,2,4,frac+sup+sub+textcircled,591,61,4,2,True,29,140,0,7,56,38,273,42,6,0,0
20250225-1206-579f-9e1b-6ca63e934625_17_80,5,15,1,3,2,0,0,0,0,0,0,0,2,frac+sup,190,37,2,2,True,9,44,0,4,20,8,67,33,5,0,0
20250225-1206-579f-9e1b-6ca63e934625_17_86,14,58,1,11,3,3,0,0,0,5,0,0,4,frac+sup+sub+accent,528,57,0,0,False,21,122,0,8,52,32,258,33,2,0,0
20250225-1206-579f-9e1b-6ca63e934625_17_98,36,99,1,11,11,16,0,0,0,0,0,3,4,frac+sup+sub+textcircled,952,65,0,0,False,77,214,0,5,104,46,379,124,3,0,0
20250302-0119-5504-3ab4-d65aee370319_15_106,10,38,2,7,4,4,0,0,0,0,0,0,3,frac+sup+sub,323,44,0,0,False,37,62,0,2,25,27,146,21,3,0,0
20250302-0119-5504-3ab4-d65aee370319_15_143,13,30,1,9,0,0,0,0,0,0,0,0,1,frac,389,50,0,0,False,27,102,0,7,41,24,150,32,6,0,0
20250302-0119-5504-3ab4-d65aee370319_15_185,2,11,2,2,0,2,0,0,0,0,0,0,2,frac+sub,99,23,0,0,False,5,17,0,1,5,8,47,15,1,0,0
20250302-0119-5504-3ab4-d65aee370319_15_190,9,83,2,6,5,5,0,0,0,0,0,0,3,frac+sup+sub,539,46,0,0,False,45,116,0,6,33,16,301,18,4,0,0
20250302-0119-5504-3ab4-d65aee370319_15_45,9,31,2,6,3,3,0,0,0,0,0,0,3,frac+sup+sub,253,43,0,0,False,20,49,0,1,18,12,115,35,3,0,0
20250302-0119-5504-3ab4-d65aee370319_15_56,13,186,2,9,6,6,0,0,0,0,0,0,3,frac+sup+sub,1053,46,0,0,False,93,211,0,8,51,24,638,24,4,0,0
20250302-0119-5504-3ab4-d65aee370319_15_67,16,46,2,11,4,4,0,0,0,0,0,0,3,frac+sup+sub,523,49,0,0,False,38,118,0,9,32,46,198,78,4,0,0
20250302-0119-5504-3ab4-d65aee370319_15_79,13,14,1,9,0,0,0,0,0,1,0,0,2,frac+accent,220,37,0,0,False,26,59,0,3,19,24,68,18,3,0,0
20250302-0119-5504-3ab4-d65aee370319_16_11,6,5,1,0,4,0,0,0,0,0,0,0,1,sup,88,29,0,0,False,24,7,0,2,13,16,15,9,2,0,0
20250302-0119-5504-3ab4-d65aee370319_16_153,47,27,1,0,15,4,0,0,0,0,0,5,3,sup+sub+textcircled,623,69,0,0,False,114,71,0,46,83,62,83,147,17,0,0
20250302-0119-5504-3ab4-d65aee370319_16_183,21,26,1,0,13,0,0,0,0,0,0,3,2,sup+textcircled,547,75,3,2,True,107,41,0,30,70,90,78,109,22,0,0
20250302-0119-5504-3ab4-d65aee370319_16_195,16,21,2,3,10,0,0,0,0,0,0,2,3,frac+sup+textcircled,310,53,0,0,False,84,16,0,8,41,50,71,35,5,0,0
20250302-0119-5504-3ab4-d65aee370319_17_121,32,110,3,2,1,14,1,5,0,13,1,0,7,frac+sup+sub+sqrt+env+accent+stackrel,1073,82,1,1,True,150,175,4,31,83,50,428,89,47,16,0
20250302-0119-5504-3ab4-d65aee370319_17_15,7,1,1,1,0,0,0,0,0,0,0,0,1,frac,69,33,3,1,True,30,2,1,5,3,2,5,21,0,0,0
20250302-0119-5504-3ab4-d65aee370319_17_184,29,57,2,3,2,4,8,2,0,6,1,1,8,frac+sup+sub+sqrt+env+accent+stackrel+textcircled,835,108,4,2,True,214,81,6,50,64,32,204,144,36,4,0
20250302-0119-5504-3ab4-d65aee370319_17_38,35,47,3,1,1,9,1,4,0,11,1,0,7,frac+sup+sub+sqrt+env+accent+stackrel,739,83,1,1,True,122,129,3,41,76,50,188,76,49,5,0
20250302-0137-149c-2df1-36ddec844180_16038f95-40c1-42ac-8d6b-c8e56393ba72_1分,9,22,2,1,4,0,4,0,0,0,0,0,3,frac+sup+sqrt,218,55,4,2,True,29,27,0,5,16,16,70,50,5,0,0
20250302-0137-149c-2df1-36ddec844180_1b66b51a-dca7-410b-8628-badda23c6cd7_4分,16,95,3,9,9,9,3,1,0,0,0,0,5,frac+sup+sub+sqrt+env,643,49,0,0,False,95,88,0,16,48,40,335,9,10,2,0
20250302-0137-149c-2df1-36ddec844180_48e104eb-2f75-4b8c-a167-ee3afffaf23b_7分,24,213,3,13,14,18,1,6,0,0,0,2,6,frac+sup+sub+sqrt+env+textcircled,1433,80,3,2,True,175,240,1,37,92,46,773,46,14,9,0
20250302-0137-149c-2df1-36ddec844180_74d6b2a8-33d5-4959-b8e3-9b59644416e1_17分,43,173,3,15,19,31,8,4,0,0,0,3,6,frac+sup+sub+sqrt+env+textcircled,1279,89,1,1,True,206,208,3,25,135,48,585,46,17,6,0
20250302-0137-149c-2df1-36ddec844180_970a376e-10b1-4484-9ab5-db7bfc4ebc01_14分,24,74,2,3,14,5,4,2,0,0,0,2,6,frac+sup+sub+sqrt+env+textcircled,713,89,5,3,True,127,117,0,26,65,42,240,69,25,2,0
20250302-0137-149c-2df1-36ddec844180_cee2e1fe-33b9-41b0-8324-a6340f6a6073_10分,23,90,3,8,15,12,6,2,0,0,0,2,6,frac+sup+sub+sqrt+env+textcircled,938,119,6,3,True,180,109,1,31,98,68,323,98,27,3,0
20250302-0137-149c-2df1-36ddec844180_da8f05f6-ba66-42b9-acf8-d398abfe76c1_7分,27,175,2,13,19,18,4,0,0,0,0,2,5,frac+sup+sub+sqrt+textcircled,1176,67,0,0,False,148,208,0,31,97,56,581,44,11,0,0
20250302-0137-149c-2df1-36ddec844180_f9ad41e1-3b8c-478e-ab45-419dccde2353_4分,11,34,2,2,3,5,2,1,0,1,0,0,6,frac+sup+sub+sqrt+env+accent,256,49,2,1,True,34,37,0,2,21,20,115,20,6,1,0
20250302-2343-271e-0255-bb6b16097802_%e4%ba%8c.15_150,10,7,1,3,1,1,0,0,0,0,0,0,3,frac+sup+sub,120,41,1,1,True,4,28,0,5,17,4,31,30,1,0,0
20250302-2343-271e-0255-bb6b16097802_%e4%ba%8c.15_159,20,44,1,7,0,0,0,0,0,0,0,7,2,frac+textcircled,518,67,3,3,True,17,109,0,0,52,22,206,106,6,0,0
20250302-2343-271e-0255-bb6b16097802_%e4%ba%8c.15_185,20,55,1,13,4,0,0,0,0,0,0,0,2,frac+sup,646,74,6,4,True,23,151,0,14,69,8,267,105,9,0,0
20250302-2343-271e-0255-bb6b16097802_%e4%ba%8c.15_75,16,45,2,10,4,3,0,0,0,0,0,0,3,frac+sup+sub,465,54,2,1,True,25,112,0,8,47,34,205,30,4,0,0
20250302-2343-271e-0255-bb6b16097802_%e4%ba%8c.16_07,24,35,2,4,3,6,2,1,0,3,0,0,6,frac+sup+sub+sqrt+env+accent,495,82,0,0,False,122,61,0,28,46,19,135,65,17,2,0
20250302-2343-271e-0255-bb6b16097802_%e4%ba%8c.16_135,56,107,4,10,20,11,14,6,0,8,0,0,6,frac+sup+sub+sqrt+env+accent,1086,101,1,1,True,247,122,1,39,107,38,399,94,31,8,0
20250302-2343-271e-0255-bb6b16097802_%e4%ba%8c.16_174,15,0,0,0,0,0,0,0,0,0,0,0,0,,117,21,0,0,False,65,1,0,9,15,2,0,24,1,0,0
20250302-2343-271e-0255-bb6b16097802_%e4%ba%8c.16_94,51,41,3,3,7,4,5,2,0,4,0,0,6,frac+sup+sub+sqrt+env+accent,786,89,2,2,True,235,84,2,62,89,36,162,79,34,3,0
20250302-2343-271e-0255-bb6b16097802_%e4%ba%8c.19_137,4,0,0,0,0,0,0,0,0,0,0,0,0,,25,9,0,0,False,0,9,0,0,0,10,0,1,5,0,0
20250302-2343-271e-0255-bb6b16097802_%e4%ba%8c.19_138,17,26,2,4,1,11,0,0,0,0,0,0,3,frac+sup+sub,275,53,0,0,False,35,53,0,12,28,14,86,40,7,0,0
20250302-2343-271e-0255-bb6b16097802_%e4%ba%8c.19_146,17,61,2,9,0,11,0,0,0,0,0,0,2,frac+sub,594,52,7,4,True,76,107,0,9,79,20,221,67,15,0,0
20250302-2343-271e-0255-bb6b16097802_%e4%ba%8c.19_152,16,77,2,7,7,12,0,0,0,0,0,0,3,frac+sup+sub,557,35,0,0,False,61,86,0,23,29,48,247,46,17,0,0
20250302-2343-271e-0255-bb6b16097802_%e4%ba%8c.19_168,3,0,0,0,0,0,0,0,0,0,0,0,0,,49,17,0,0,False,0,15,0,3,0,16,0,6,9,0,0
20250302-2343-271e-0255-bb6b16097802_%e4%ba%8c.19_181,3,0,0,0,0,0,0,0,0,0,0,0,0,,19,8,0,0,False,0,7,0,1,0,8,0,0,3,0,0
20250302-2343-271e-0255-bb6b16097802_%e4%ba%8c.19_41,3,0,0,0,0,0,0,0,0,0,0,0,0,,34,18,0,0,False,0,8,0,1,0,10,0,9,6,0,0
20250302-2343-271e-0255-bb6b16097802_%e4%ba%8c.19_82,9,44,2,4,0,7,0,0,0,0,0,0,2,frac+sub,327,44,0,0,False,43,51,0,7,22,26,146,22,10,0,0
20250312-0525-572b-de86-077383136434_2313ac1b-2303-4062-b87b-39f3220a495a_10分,34,70,2,6,23,7,0,0,0,0,0,2,4,frac+sup+sub+textcircled,899,52,0,0,False,157,99,0,51,115,116,238,89,34,0,0
20250312-0525-572b-de86-077383136434_5150a3c1-0012-4ffa-b897-34a523dab9e6_11分,32,66,2,6,20,8,0,0,0,0,0,0,3,frac+sup+sub,775,56,0,0,False,142,92,0,59,101,92,218,55,16,0,0
20250312-0525-572b-de86-077383136434_83e1ade7-8e5e-4668-93d0-45a58488669d_2分,13,17,2,1,10,0,0,0,0,0,0,0,2,frac+sup,287,35,0,0,False,71,27,0,16,47,46,53,19,8,0,0
20250312-0525-572b-de86-077383136434_ad758629-8a89-43b8-b9f3-c86a589850f6_13分,26,30,2,5,15,4,1,0,0,0,0,0,4,frac+sup+sub+sqrt,440,59,0,0,False,88,42,0,32,58,64,102,49,5,0,0
20250313-0420-3002-dba2-032627236196_20071919-5642-492e-80f4-5d19cfb669f1_12分,22,111,2,7,13,17,0,0,0,0,0,3,4,frac+sup+sub+textcircled,861,47,0,0,False,128,154,0,20,141,42,353,21,2,0,0
20250313-0420-3002-dba2-032627236196_bcf49a96-a73d-47d6-9d20-92284371da29_5分,17,69,2,4,13,10,0,0,0,0,0,0,3,frac+sup+sub,649,52,0,0,False,84,133,0,21,110,53,215,25,8,0,0
20250313-0420-3002-dba2-032627236196_e0fef02c-606a-45c9-b639-f0c749ea7238_5分,6,29,2,3,4,5,0,0,0,0,0,0,3,frac+sup+sub,190,24,0,0,False,36,24,0,5,24,2,93,5,1,0,0
20250313-0420-3002-dba2-032627236196_ea2d8329-0fe4-4132-9688-d6bca2e954ae_12分,20,89,2,2,14,18,0,0,0,0,0,3,4,frac+sup+sub+textcircled,702,49,1,1,True,115,132,0,22,112,24,273,22,2,0,0
20250313-1400-2500-5378-ebc2bb567847_4a093d49-0b2b-49d4-bccb-727ec2ff0c88_10分,34,83,3,16,19,8,7,1,0,0,0,3,6,frac+sup+sub+sqrt+env+textcircled,669,51,0,0,False,98,125,0,32,73,20,304,10,6,1,0
20250313-1400-2500-5378-ebc2bb567847_7591be9e-1aab-49ce-b130-d4735ce20ab0_14分,61,167,3,20,30,16,4,4,0,0,0,0,5,frac+sup+sub+sqrt+env,1644,106,0,0,False,232,305,3,51,182,86,621,132,26,6,0
20250313-1400-2500-5378-ebc2bb567847_83c98392-a810-4d30-b3dc-0bf59b7e3cd9_11分,23,118,3,14,12,8,2,3,0,1,0,3,7,frac+sup+sub+sqrt+env+accent+textcircled,1033,92,1,1,True,127,187,0,28,93,44,441,87,23,3,0
20250313-1400-2500-5378-ebc2bb567847_8658b578-a190-47e5-b439-fde3745f3dc1_5分,15,42,2,4,4,7,2,3,0,2,0,0,6,frac+sup+sub+sqrt+env+accent,382,42,0,0,False,64,65,0,18,38,16,165,5,8,3,0
20250313-1400-2500-5378-ebc2bb567847_95bc82ae-1336-435e-896a-20a773fedfb2_4分,17,33,3,2,4,3,1,2,0,0,0,0,5,frac+sup+sub+sqrt+env,366,60,0,0,False,65,61,0,11,39,12,136,33,6,3,0
20250313-1400-2500-5378-ebc2bb567847_bfecf49f-65fd-489e-82d5-a4a0f9ccd279_4分,5,17,2,3,3,0,3,1,0,0,0,0,4,frac+sup+sqrt+env,145,39,0,0,False,14,23,0,0,11,6,68,18,3,2,0
20250313-1400-2500-5378-ebc2bb567847_d616e8b2-0daf-483a-b62c-98857acbe44f_17分,35,192,3,23,22,14,5,5,0,0,0,5,6,frac+sup+sub+sqrt+env+textcircled,1573,92,0,0,False,170,313,1,25,166,68,729,74,22,5,0
20250313-1400-2500-5378-ebc2bb567847_edd084c6-cfab-4d38-98c3-fd068fc489af_5分,7,29,4,2,3,2,1,3,0,0,0,0,5,frac+sup+sub+sqrt+env,240,40,0,0,False,27,40,0,6,17,14,118,8,6,4,0
20250317-0248-35af-e23f-767470737670_226ea838-c3ad-41f2-b783-b1820cedeb16_6分,10,11,2,1,3,0,5,0,0,0,0,0,3,frac+sup+sqrt,126,27,0,0,False,18,23,0,28,12,6,37,1,1,0,0
20250317-0248-35af-e23f-767470737670_5cd0f0c4-54ea-4410-8823-fa4dbf2e9360_11分,20,63,3,7,7,0,4,0,0,0,0,2,4,frac+sup+sqrt+textcircled,620,63,0,0,False,68,110,0,72,72,12,237,38,11,0,0
20250317-0248-35af-e23f-767470737670_e56674a8-205a-46e4-955c-88bb00ecfec8_15分,22,59,3,10,11,0,8,0,0,0,0,0,3,frac+sup+sqrt,509,50,0,0,False,48,100,0,45,58,16,213,22,7,0,0
20250317-0248-35af-e23f-767470737670_e7379e74-6b80-49a6-a80f-7723e9832daa_14分,23,73,3,12,12,0,7,0,0,0,0,2,4,frac+sup+sqrt+textcircled,579,50,0,0,False,42,108,0,62,54,6,281,24,2,0,0
20250318-0232-212e-1b20-51170d808187_1e08a6fe-8123-4bed-a35c-c0d4161bc70d_4分,16,132,2,12,15,11,2,0,0,0,0,0,4,frac+sup+sub+sqrt,824,47,1,1,True,77,233,0,11,30,22,424,24,3,0,0
20250318-0232-212e-1b20-51170d808187_7116ae05-6f6d-4624-95ce-0074fb950c8e_15分,16,40,2,1,12,7,2,0,0,0,0,0,4,frac+sup+sub+sqrt,347,57,3,3,True,48,64,0,3,28,10,122,65,7,0,0
20250318-0232-212e-1b20-51170d808187_a9d3e9e0-d020-430b-8cf7-145e247ca434_2分,8,27,1,3,5,4,0,0,0,0,0,0,3,frac+sup+sub,209,28,0,0,False,36,36,0,8,34,6,87,1,1,0,0
20250318-0232-212e-1b20-51170d808187_c745ab1e-5fac-4388-8018-9c73bc844b7a_8分,13,94,2,7,10,4,2,2,0,0,0,0,5,frac+sup+sub+sqrt+env,674,60,2,2,True,65,143,0,9,35,30,330,48,10,4,0
20250319-0655-370a-74cd-51a8f4894818_0784c817-87fd-47ff-bf97-30c2d4323d6f_3分,7,6,1,5,0,0,0,0,0,0,0,0,1,frac,160,47,3,2,True,20,12,12,10,11,22,30,37,6,0,0
20250319-0655-370a-74cd-51a8f4894818_1076d1c9-d35b-49f4-bc55-6e0c5a90c2ff_5分,7,10,1,7,0,0,0,0,0,0,0,0,1,frac,170,40,0,0,False,20,26,15,5,22,14,50,15,3,0,0
20250319-0655-370a-74cd-51a8f4894818_363ff2fb-218a-414d-951d-9fb75b925a13_10分,29,31,1,15,8,0,0,0,0,0,0,0,2,frac+sup,533,74,4,1,True,66,96,37,27,92,28,137,44,6,0,0
20250319-0655-370a-74cd-51a8f4894818_6bde2c03-207e-48b2-9357-6fa1253f39b2_14分,18,17,1,8,4,0,0,0,0,0,0,0,2,frac+sup,302,51,0,0,False,45,50,20,19,43,16,77,25,7,0,0
20250319-0655-370a-74cd-51a8f4894818_9e8d5572-1c94-4ef0-8fb5-2189b87f141a_17分,26,26,2,10,7,0,2,0,0,0,0,0,3,frac+sup+sqrt,534,73,0,0,False,72,91,29,45,84,44,110,47,12,0,0
20250319-0655-370a-74cd-51a8f4894818_a4f25bcf-5b9e-43e6-a055-a8e35a4f8c27_6分,16,19,1,8,3,0,0,0,0,0,0,0,2,frac+sup,305,48,0,0,False,47,47,21,16,47,20,89,16,2,0,0
20250319-0655-370a-74cd-51a8f4894818_b00fa8a5-d2a7-4ea5-b4ca-0aa0e2eb4e4a_5分,12,16,1,9,1,0,0,0,0,0,0,0,2,frac+sup,245,45,0,0,False,28,36,27,8,31,16,78,18,3,0,0
20250319-0655-370a-74cd-51a8f4894818_be583e5a-202f-4a57-ae0d-34b45257d9f3_10分,23,21,1,9,6,0,0,0,0,0,0,0,2,frac+sup,389,52,0,0,False,63,67,27,19,66,26,93,24,4,0,0
20250326-0220-1718-331e-183c3b616473_0504d1fd-09b2-4212-8aae-7f75be8e0c67_7分,13,20,2,5,7,0,0,0,0,0,0,0,2,frac+sup,226,31,0,0,False,44,28,0,13,33,24,78,5,1,0,0
20250326-0220-1718-331e-183c3b616473_157d9e16-35f8-4210-a073-89fe5866c0f9_7分,21,32,3,3,12,6,2,2,0,0,0,0,5,frac+sup+sub+sqrt+env,344,54,0,0,False,59,57,2,11,55,24,116,17,1,2,0
20250326-0220-1718-331e-183c3b616473_5293f372-3635-4351-969a-7ea58b46512b_3分,8,6,2,1,3,0,0,0,0,0,0,0,2,frac+sup,106,29,0,0,False,22,16,0,6,20,12,22,7,1,0,0
20250326-0220-1718-331e-183c3b616473_5f6bf153-544c-4d00-b999-bb6124f256da_8分,25,60,2,10,9,6,0,1,0,0,0,2,5,frac+sup+sub+env+textcircled,772,58,1,1,True,164,104,0,36,126,68,225,39,9,1,0
20250326-0220-1718-331e-183c3b616473_65551f0a-38a6-4dfc-9985-65dcc1568b1f_4分,45,68,3,14,19,1,6,1,0,0,0,0,5,frac+sup+sub+sqrt+env,886,73,1,1,True,218,104,0,45,153,55,256,44,9,2,0
20250326-0220-1718-331e-183c3b616473_d89793de-d4cb-44e2-9ee4-951ab8562f20_7分,14,18,2,2,8,0,0,0,0,0,0,0,2,frac+sup,195,35,0,0,False,33,29,0,14,24,22,62,9,2,0,0
20250326-0220-1718-331e-183c3b616473_d94c67b9-2e91-4e22-85fb-f7b73b833c3b_7分,19,55,3,11,13,0,0,0,0,0,0,0,2,frac+sup,572,36,0,0,False,126,58,0,31,83,38,225,8,3,0,0
20250326-0220-1718-331e-183c3b616473_e1fc5b44-666f-4b83-85d7-27f4f20d066a_3分,32,34,2,7,16,2,0,1,0,0,0,0,4,frac+sup+sub+env,444,55,0,0,False,79,70,0,17,79,35,129,31,3,1,0
20250329-0006-1715-d919-a0cc14102670_31763732-7363-4eb4-a6ae-43a18ca9d4a7_3分,31,40,2,18,3,4,1,0,0,1,0,0,5,frac+sup+sub+sqrt+accent,677,56,1,1,True,102,189,0,17,140,26,178,23,2,0,0
20250329-0006-1715-d919-a0cc14102670_49a8ef4d-0591-4de6-97b8-ecd60fe0b2a2_13分,11,19,2,5,2,3,0,2,0,1,0,0,5,frac+sup+sub+env+accent,216,33,0,0,False,33,50,0,3,36,8,79,1,4,2,0
20250329-0006-1715-d919-a0cc14102670_608037b2-cb28-470a-9d66-b3c75e430c25_8分,18,29,2,10,2,4,0,1,0,1,0,0,5,frac+sup+sub+env+accent,408,50,1,1,True,50,114,0,9,67,12,135,18,1,2,0
20250329-0006-1715-d919-a0cc14102670_aa26716b-62e1-4273-ba48-ebe497176055_13分,20,27,2,9,3,4,0,1,0,1,0,0,5,frac+sup+sub+env+accent,438,55,0,0,False,54,123,0,23,74,14,123,23,2,2,0
20250824-0231-5998-1040-afb4c7110116_15_03,7,12,1,2,1,6,0,0,0,0,0,0,3,frac+sup+sub,138,32,0,0,False,26,19,0,6,15,18,44,8,2,0,0
20250824-0231-5998-1040-afb4c7110116_15_119,23,115,2,13,15,10,0,0,0,0,0,3,4,frac+sup+sub+textcircled,986,34,0,0,False,70,229,0,15,157,24,481,7,3,0,0
20250824-0231-5998-1040-afb4c7110116_15_137,31,63,1,5,5,20,0,0,0,0,0,3,4,frac+sup+sub+textcircled,579,48,0,0,False,94,103,0,11,87,42,211,27,4,0,0
20250824-0231-5998-1040-afb4c7110116_15_34,13,54,2,9,3,8,0,1,0,0,0,0,4,frac+sup+sub+env,526,37,0,0,False,52,99,0,9,79,24,257,2,3,1,0
20250824-0231-5998-1040-afb4c7110116_16_127,5,6,2,1,2,1,0,0,0,0,0,0,3,frac+sup+sub,152,61,11,3,True,3,42,1,5,11,4,22,58,6,0,0
20250824-0231-5998-1040-afb4c7110116_16_25,18,65,3,6,7,8,0,0,3,6,0,0,5,frac+sup+sub+bigop+accent,666,90,8,2,True,73,184,0,13,75,20,211,72,18,0,0
20250824-0231-5998-1040-afb4c7110116_16_64,22,65,3,5,12,7,0,0,3,4,0,0,5,frac+sup+sub+bigop+accent,738,94,8,2,True,69,192,8,26,87,8,221,91,36,0,0
20250824-0231-5998-1040-afb4c7110116_16_92,16,65,3,7,8,8,0,0,4,5,0,0,5,frac+sup+sub+bigop+accent,487,69,1,1,True,53,110,1,15,44,8,205,38,13,0,0
20250824-0231-5998-1040-afb4c7110116_17_115,47,28,2,7,10,0,0,0,0,0,0,3,3,frac+sup+textcircled,544,58,0,0,False,108,84,0,30,87,81,108,34,12,0,0
20250824-0231-5998-1040-afb4c7110116_17_183,29,59,3,6,13,12,2,0,0,0,0,0,4,frac+sup+sub+sqrt,779,80,3,1,True,139,101,3,36,107,86,197,82,28,0,0
20250824-0231-5998-1040-afb4c7110116_17_37,17,13,2,5,3,0,0,0,0,0,0,0,2,frac+sup,205,42,0,0,False,37,33,0,15,35,14,55,13,3,0,0
20250824-0231-5998-1040-afb4c7110116_17_68,40,39,2,8,12,1,0,0,0,0,0,4,4,frac+sup+sub+textcircled,667,61,0,0,False,119,92,0,52,104,84,139,60,17,0,0
20250824-0231-5998-1040-afb4c7110116_18_109,14,17,1,5,1,2,0,0,0,3,0,0,4,frac+sup+sub+accent,242,55,4,2,True,29,29,0,5,18,29,73,54,5,0,0
20250824-0231-5998-1040-afb4c7110116_18_123,25,76,2,11,7,17,0,1,0,0,0,0,4,frac+sup+sub+env,743,90,13,6,True,71,98,0,37,60,30,291,141,14,1,0
20250824-0231-5998-1040-afb4c7110116_18_128,41,127,2,29,6,27,0,0,0,0,0,0,3,frac+sup+sub,1110,86,13,7,True,111,181,9,18,111,28,499,146,7,0,0
20250824-0231-5998-1040-afb4c7110116_18_132,2,4,1,1,0,1,0,0,0,0,0,0,2,frac+sub,37,15,0,0,False,1,9,0,0,3,4,18,1,1,0,0
20250825-0258-3866-a577-42ed1b311756_15_125,20,9,2,3,3,1,0,0,0,0,0,0,3,frac+sup+sub,540,97,17,8,True,65,175,6,17,78,50,33,92,24,0,0
20250825-0258-3866-a577-42ed1b311756_15_136,6,6,2,3,1,1,0,0,0,0,0,0,3,frac+sup+sub,158,41,0,0,False,10,58,0,5,29,16,24,10,6,0,0
20250825-0258-3866-a577-42ed1b311756_15_172,19,5,1,2,3,0,0,0,0,0,0,0,2,frac+sup,388,78,10,5,True,52,130,0,7,61,38,19,66,15,0,0
20250825-0258-3866-a577-42ed1b311756_15_18,18,18,2,7,3,2,1,0,0,0,0,0,4,frac+sup+sub+sqrt,524,60,2,1,True,62,183,3,18,89,58,72,25,14,0,0
20250825-0258-3866-a577-42ed1b311756_16_101,23,76,2,1,18,8,0,1,0,0,0,0,4,frac+sup+sub+env,759,48,0,0,False,92,182,0,23,159,48,244,8,1,2,0
20250825-0258-3866-a577-42ed1b311756_16_119,17,108,1,0,12,16,0,0,0,0,0,0,2,sup+sub,876,40,0,0,False,118,184,0,17,138,85,324,9,1,0,0
20250825-0258-3866-a577-42ed1b311756_16_134,20,71,2,2,13,15,0,1,0,0,0,1,5,frac+sup+sub+env+textcircled,595,52,0,0,False,91,114,0,20,84,30,234,19,0,3,0
20250825-0258-3866-a577-42ed1b311756_16_158,4,8,2,0,0,4,0,2,0,0,0,0,2,sub+env,91,34,0,0,False,11,18,0,5,9,4,34,7,1,2,0
20250825-0258-3866-a577-42ed1b311756_16_182,7,10,2,1,0,6,0,0,0,0,0,0,2,frac+sub,106,23,0,0,False,14,25,0,6,18,8,32,1,2,0,0
20250825-0258-3866-a577-42ed1b311756_16_36,12,67,2,0,4,10,0,1,0,0,0,0,3,sup+sub+env,528,52,0,0,False,91,83,0,15,74,32,211,16,4,2,0
20250825-0258-3866-a577-42ed1b311756_16_45,7,6,1,0,0,3,0,0,0,0,0,0,1,sub,75,19,0,0,False,14,18,0,0,15,8,18,1,1,0,0
20250825-0258-3866-a577-42ed1b311756_16_73,5,13,2,0,0,5,0,1,0,0,0,3,3,sub+env+textcircled,117,38,0,0,False,16,21,0,3,13,6,44,11,2,1,0
20250825-0258-3866-a577-42ed1b311756_18_03,29,58,3,12,5,2,8,1,0,2,0,0,6,frac+sup+sub+sqrt+env+accent,795,129,5,4,True,137,100,6,41,52,39,249,129,41,1,0
20250825-0258-3866-a577-42ed1b311756_18_146,31,54,3,13,2,4,10,0,0,3,0,0,5,frac+sup+sub+sqrt+accent,532,73,1,1,True,63,87,2,39,36,22,222,40,21,0,0
20250825-0258-3866-a577-42ed1b311756_18_40,27,33,3,6,1,0,5,1,0,5,0,0,5,frac+sup+sqrt+env+accent,504,81,0,0,False,112,54,4,47,42,22,156,42,24,1,0
20250825-0258-3866-a577-42ed1b311756_18_99,7,5,1,0,2,0,1,0,0,0,0,0,2,sup+sqrt,126,45,3,1,True,40,15,0,14,14,2,15,20,6,0,0
20250827-0746-4910-63db-fb026a157065_15_101,9,6,1,1,2,1,0,0,0,0,0,0,3,frac+sup+sub,145,34,1,1,True,32,23,0,9,32,20,20,5,4,0,0
20250827-0746-4910-63db-fb026a157065_15_117,20,8,1,1,3,2,0,0,0,0,0,0,3,frac+sup+sub,282,50,0,0,False,50,54,0,25,72,34,26,14,7,0,0
20250827-0746-4910-63db-fb026a157065_15_17,12,9,2,0,3,2,1,1,0,0,0,0,4,sup+sub+sqrt+env,204,44,1,1,True,42,34,0,15,49,24,32,4,2,2,0
20250827-0746-4910-63db-fb026a157065_15_170,7,3,1,0,1,2,0,0,0,0,0,0,2,sup+sub,129,47,0,0,False,29,15,0,13,26,20,9,12,5,0,0
20250827-0746-4910-63db-fb026a157065_15_189,25,15,1,1,3,4,0,2,0,0,0,0,4,frac+sup+sub+env,462,78,1,1,True,87,69,0,28,99,48,62,57,9,3,0
20250827-0746-4910-63db-fb026a157065_15_71,14,9,1,0,2,3,0,1,0,0,0,0,3,sup+sub+env,271,62,0,0,False,51,43,0,22,58,28,37,22,6,4,0
20250827-0746-4910-63db-fb026a157065_15_79,16,9,1,2,2,4,0,1,0,0,0,0,4,frac+sup+sub+env,224,62,0,0,False,38,39,1,21,47,18,36,18,5,1,0
20250827-0746-4910-63db-fb026a157065_15_96,16,22,1,2,4,3,0,2,0,0,0,2,5,frac+sup+sub+env+textcircled,517,84,1,1,True,84,92,1,21,110,34,92,64,11,8,0
20250827-0746-4910-63db-fb026a157065_16_09,24,22,1,10,4,3,0,0,0,0,0,2,4,frac+sup+sub+textcircled,527,52,0,0,False,81,84,0,20,78,62,86,79,37,0,0
20250827-0746-4910-63db-fb026a157065_16_103,12,5,1,0,5,0,0,0,0,0,0,0,1,sup,263,54,0,0,False,55,50,0,16,46,34,15,43,4,0,0
20250827-0746-4910-63db-fb026a157065_16_116,24,28,2,11,5,0,0,1,0,0,0,6,4,frac+sup+env+textcircled,510,54,0,0,False,87,90,1,14,79,49,126,35,27,2,0
20250827-0746-4910-63db-fb026a157065_16_68,22,44,3,10,6,5,1,1,0,0,0,2,6,frac+sup+sub+sqrt+env+textcircled,675,71,0,0,False,110,132,1,20,92,28,182,66,42,2,0
20250827-0746-4910-63db-fb026a157065_17_116,19,44,2,8,4,6,0,3,0,0,0,0,4,frac+sup+sub+env,523,62,0,0,False,58,93,0,18,65,58,171,46,11,3,0
20250827-0746-4910-63db-fb026a157065_17_119,19,58,2,8,8,7,0,0,0,0,0,0,3,frac+sup+sub,667,67,0,0,False,89,104,0,15,72,84,198,77,28,0,0
20250827-0746-4910-63db-fb026a157065_17_68,6,11,2,4,3,0,0,0,0,0,0,0,2,frac+sup,153,30,0,0,False,33,15,0,4,26,18,45,11,1,0,0
20250827-0746-4910-63db-fb026a157065_17_73,43,114,2,17,25,14,2,0,0,0,0,0,4,frac+sup+sub+sqrt,1104,61,0,0,False,146,236,0,38,156,99,386,37,6,0,0
20250827-0746-4910-63db-fb026a157065_19_00,15,35,2,7,10,0,0,0,0,0,0,2,3,frac+sup+textcircled,458,60,2,1,True,93,43,0,16,41,52,121,69,23,0,0
20250827-0746-4910-63db-fb026a157065_19_05,10,24,2,5,8,0,0,0,0,0,0,0,2,frac+sup,209,29,0,0,False,44,25,0,12,20,18,82,7,1,0,0
20250827-0746-4910-63db-fb026a157065_19_117,16,24,2,8,8,0,0,0,0,0,0,0,2,frac+sup,310,43,0,0,False,54,34,0,17,31,38,88,41,7,0,0
20250827-0746-4910-63db-fb026a157065_19_176,32,76,2,21,15,1,1,1,0,0,0,2,6,frac+sup+sub+sqrt+env+textcircled,990,65,0,0,False,184,116,0,52,119,116,293,75,34,1,0
20250827-0746-4910-63db-fb026a157065_19_184,20,25,2,8,8,0,0,0,0,0,0,0,2,frac+sup,434,49,1,1,True,86,45,0,27,46,58,93,59,20,0,0
20250827-0746-4910-63db-fb026a157065_19_35,21,42,2,7,8,0,0,0,0,0,0,3,3,frac+sup+textcircled,594,69,0,0,False,127,63,0,38,76,66,144,68,12,0,0
20250827-0746-4910-63db-fb026a157065_19_66,14,29,2,5,6,0,0,0,0,0,0,3,3,frac+sup+textcircled,347,43,0,0,False,63,32,0,18,26,40,105,49,14,0,0
20250827-0746-4910-63db-fb026a157065_19_94,10,26,2,3,7,0,0,0,0,0,0,0,2,frac+sup,231,34,0,0,False,50,26,0,11,19,22,88,9,6,0,0
20250828-0742-3331-8c0e-60f42c401241_15_11,20,28,2,5,15,3,0,0,0,0,0,0,3,frac+sup+sub,388,45,0,0,False,31,102,0,26,57,42,96,29,5,0,0
20250828-0742-3331-8c0e-60f42c401241_15_159,32,28,2,6,14,2,0,0,0,0,0,0,3,frac+sup+sub,552,65,1,1,True,76,138,0,34,82,65,96,49,12,0,0
20250828-0742-3331-8c0e-60f42c401241_15_188,13,7,1,1,3,1,0,0,0,0,0,0,3,frac+sup+sub,208,40,0,0,False,34,45,0,11,37,34,23,20,4,0,0
20250828-0742-3331-8c0e-60f42c401241_15_78,17,15,1,3,7,1,0,0,0,0,0,0,3,frac+sup+sub,362,60,0,0,False,45,65,0,26,39,64,51,50,22,0,0
20250828-0742-3331-8c0e-60f42c401241_16_112,12,35,2,8,5,3,0,0,0,0,0,0,3,frac+sup+sub,364,66,5,3,True,30,86,0,2,33,25,133,47,8,0,0
20250828-0742-3331-8c0e-60f42c401241_16_157,15,30,2,5,4,4,0,0,0,0,0,0,3,frac+sup+sub,298,58,5,3,True,12,92,2,7,20,12,114,31,8,0,0
20250828-0742-3331-8c0e-60f42c401241_16_172,12,129,2,6,6,6,0,0,0,0,0,0,3,frac+sup+sub,733,31,0,0,False,60,162,0,3,45,16,437,7,3,0,0
20250828-0742-3331-8c0e-60f42c401241_16_85,12,39,2,9,4,4,0,0,0,0,0,0,3,frac+sup+sub,367,37,5,4,True,17,119,0,0,43,14,157,10,7,0,0
20250828-0742-3331-8c0e-60f42c401241_16_93,6,3,2,1,1,0,0,0,0,0,0,0,2,frac+sup,93,39,6,2,True,2,33,0,1,7,6,11,30,3,0,0
20250828-0742-3331-8c0e-60f42c401241_17_04,3,3,1,0,0,3,0,0,0,0,0,0,1,sub,41,23,1,1,True,11,4,0,3,2,2,9,9,1,0,0
20250828-0742-3331-8c0e-60f42c401241_17_37,36,142,3,12,0,25,16,2,0,8,0,0,5,frac+sub+sqrt+env+accent,1115,104,1,1,True,141,196,0,38,42,31,526,101,36,4,0
20250828-0742-3331-8c0e-60f42c401241_17_52,31,110,3,12,0,20,13,4,0,5,2,0,6,frac+sub+sqrt+env+accent+stackrel,883,82,1,1,True,136,144,1,36,44,24,408,55,29,6,0
20250828-0742-3331-8c0e-60f42c401241_17_76,37,142,3,10,0,29,10,5,0,12,1,0,6,frac+sub+sqrt+env+accent+stackrel,1248,91,1,1,True,208,176,2,66,55,42,513,119,55,12,0
20250829-0225-35b5-4745-e35fe5638955_16_106,16,18,2,6,2,1,0,1,0,0,0,0,4,frac+sup+sub+env,452,101,7,4,True,20,118,0,6,30,32,77,149,19,1,0
20250829-0225-35b5-4745-e35fe5638955_16_118,10,2,1,2,0,0,0,0,0,0,0,0,1,frac,194,60,0,0,False,9,56,0,5,12,20,10,72,10,0,0
20250829-0225-35b5-4745-e35fe5638955_16_133,12,35,2,7,3,2,0,0,0,0,0,0,3,frac+sup+sub,397,51,0,0,False,25,137,0,7,36,30,133,20,9,0,0
20250829-0225-35b5-4745-e35fe5638955_16_162,23,40,1,7,3,6,0,0,0,0,0,0,3,frac+sup+sub,562,108,7,2,True,34,130,2,11,37,39,152,139,18,0,0
20250829-0225-35b5-4745-e35fe5638955_16_52,18,38,2,8,5,5,0,0,0,0,0,0,3,frac+sup+sub,465,64,1,1,True,21,138,0,7,37,47,154,51,10,0,0
20250829-0225-35b5-4745-e35fe5638955_16_55,29,42,2,9,6,6,0,0,0,0,0,0,3,frac+sup+sub,690,98,5,5,True,35,198,0,14,42,33,160,192,16,0,0
20250829-0225-35b5-4745-e35fe5638955_16_79,19,7,2,4,1,0,0,0,0,0,0,0,2,frac+sup,245,61,1,1,True,16,83,0,9,28,22,31,47,9,0,0
20250829-0225-35b5-4745-e35fe5638955_16_97,13,44,2,7,3,2,0,0,0,0,0,0,3,frac+sup+sub,560,84,1,1,True,29,177,0,6,37,36,168,93,14,0,0
20250829-0225-35b5-4745-e35fe5638955_17_120,29,65,2,19,5,1,9,1,0,1,0,0,6,frac+sup+sub+sqrt+env+accent,693,77,2,1,True,79,108,19,60,76,18,284,39,8,2,0
20250829-0225-35b5-4745-e35fe5638955_17_126,15,28,2,6,3,1,5,0,0,2,0,0,5,frac+sup+sub+sqrt+accent,240,45,0,0,False,40,29,4,23,21,6,108,7,2,0,0
20250829-0225-35b5-4745-e35fe5638955_17_157,9,23,2,5,2,0,5,0,0,2,0,0,4,frac+sup+sqrt+accent,181,30,0,0,False,28,16,11,18,16,6,83,1,2,0,0
20250829-0225-35b5-4745-e35fe5638955_17_185,12,16,2,4,3,1,5,0,0,0,0,0,4,frac+sup+sub+sqrt,172,43,0,0,False,30,28,1,15,18,6,58,16,0,0,0
20250829-0225-35b5-4745-e35fe5638955_17_20,14,37,3,8,4,1,7,0,0,1,0,0,5,frac+sup+sub+sqrt+accent,301,45,0,0,False,46,44,0,25,28,4,147,6,1,0,0
20250829-0225-35b5-4745-e35fe5638955_17_77,24,52,2,19,3,1,8,0,0,1,0,0,5,frac+sup+sub+sqrt+accent,560,72,0,0,False,63,74,12,52,50,26,224,47,12,0,0
20250829-0225-35b5-4745-e35fe5638955_17_81,40,68,2,29,0,0,17,1,0,1,0,0,4,frac+sqrt+env+accent,690,71,0,0,False,66,94,23,60,58,24,305,53,6,1,0
20250829-0225-35b5-4745-e35fe5638955_17_98,15,20,2,6,1,1,8,0,0,1,0,0,5,frac+sup+sub+sqrt+accent,211,46,0,0,False,35,24,1,35,17,8,76,13,2,0,0
20250829-0225-35b5-4745-e35fe5638955_19_10,26,52,2,18,12,1,0,1,0,0,0,0,4,frac+sup+sub+env,820,73,0,0,False,103,128,0,35,103,98,230,98,23,2,0
20250829-0225-35b5-4745-e35fe5638955_19_174,27,56,2,21,12,1,0,1,0,0,0,0,4,frac+sup+sub+env,905,91,4,4,True,102,171,8,33,119,99,249,107,16,1,0
20250829-0225-35b5-4745-e35fe5638955_19_180,7,10,1,2,3,0,0,0,0,0,0,0,2,frac+sup,125,30,0,0,False,16,24,0,6,21,8,42,6,2,0,0
20250829-0225-35b5-4745-e35fe5638955_19_99,32,54,2,16,15,2,0,1,0,0,0,3,5,frac+sup+sub+env+textcircled,745,76,0,0,False,98,121,1,32,94,85,209,90,14,1,0
20250829-0943-432b-04de-e316f5467146_15_163,13,8,1,3,0,0,0,1,0,0,0,2,3,frac+env+textcircled,175,41,0,0,False,31,38,0,6,37,10,40,7,2,4,0
20250829-0943-432b-04de-e316f5467146_15_188,32,7,1,3,0,0,0,2,0,0,0,2,3,frac+env+textcircled,258,50,0,0,False,51,49,0,17,58,16,37,26,2,2,0
20250829-0943-432b-04de-e316f5467146_15_191,8,8,1,2,0,0,0,1,0,0,0,3,3,frac+env+textcircled,156,45,0,0,False,20,32,0,4,29,10,40,15,2,4,0
20250829-0943-432b-04de-e316f5467146_15_195,18,4,1,3,0,0,0,0,0,0,0,1,2,frac+textcircled,135,33,0,0,False,25,30,0,11,33,12,18,3,3,0,0
20250829-0943-432b-04de-e316f5467146_16_146,36,62,2,17,17,0,0,4,0,0,0,3,4,frac+sup+env+textcircled,767,65,1,1,True,91,132,0,46,99,83,260,43,6,7,0
20250829-0943-432b-04de-e316f5467146_16_19,26,25,2,11,7,0,0,4,0,0,0,0,3,frac+sup+env,428,52,1,1,True,55,82,0,14,69,42,119,37,2,8,0
20250829-0943-432b-04de-e316f5467146_16_47,25,33,2,11,6,0,0,0,0,0,0,4,3,frac+sup+textcircled,450,52,0,0,False,53,102,0,13,73,38,137,27,7,0,0
20250829-0943-432b-04de-e316f5467146_16_91,12,8,1,3,5,0,0,0,0,0,0,0,2,frac+sup,142,38,1,1,True,23,25,0,10,21,16,30,16,1,0,0
20250829-0943-432b-04de-e316f5467146_17_03,25,86,2,1,18,8,0,0,0,0,0,0,3,frac+sup+sub,724,42,0,0,False,111,147,0,9,125,55,260,17,0,0,0
20250829-0943-432b-04de-e316f5467146_17_100,19,29,1,7,6,1,0,0,0,0,0,0,3,frac+sup+sub,367,50,0,0,False,52,84,0,9,62,34,113,11,2,0,0
20250829-0943-432b-04de-e316f5467146_17_103,12,14,1,4,3,0,0,0,0,0,0,0,2,frac+sup,209,41,0,0,False,36,39,0,4,41,22,50,16,1,0,0
20250829-0943-432b-04de-e316f5467146_17_107,13,17,1,2,6,1,0,0,0,0,0,0,3,frac+sup+sub,287,39,0,0,False,61,47,0,7,49,54,55,13,1,0,0
20250829-0943-432b-04de-e316f5467146_17_108,8,12,1,0,4,0,0,0,0,0,0,0,1,sup,154,27,0,0,False,31,24,0,3,28,24,36,7,1,0,0
20250829-0943-432b-04de-e316f5467146_17_12,14,26,2,5,7,1,0,0,0,0,0,0,3,frac+sup+sub,309,37,0,0,False,50,55,4,4,56,38,92,6,4,0,0
20250829-0943-432b-04de-e316f5467146_17_41,6,6,1,1,1,0,0,0,0,0,0,0,2,frac+sup,106,29,0,0,False,17,17,0,3,19,18,22,10,0,0,0
20250829-0943-432b-04de-e316f5467146_17_43,7,6,1,0,2,0,0,0,0,0,0,0,1,sup,96,23,0,0,False,18,14,0,5,19,16,18,6,0,0,0
20250829-0943-432b-04de-e316f5467146_18_113,30,94,2,13,17,6,0,1,0,0,0,0,4,frac+sup+sub+env,870,60,0,0,False,122,173,0,27,112,70,327,32,6,1,0
20250829-0943-432b-04de-e316f5467146_18_115,12,7,2,3,2,0,0,0,0,0,0,0,2,frac+sup,136,29,0,0,False,33,19,0,7,22,16,29,9,1,0,0
20250829-0943-432b-04de-e316f5467146_18_126,19,78,2,6,8,8,0,3,0,0,0,0,4,frac+sup+sub+env,701,52,0,0,False,79,133,0,15,88,70,278,25,9,4,0
20250829-0943-432b-04de-e316f5467146_18_40,24,78,2,6,9,8,0,2,0,0,0,2,5,frac+sup+sub+env+textcircled,715,47,0,0,False,90,142,0,14,98,81,266,21,1,2,0
20250829-0943-432b-04de-e316f5467146_18_43,30,71,2,8,12,12,0,0,0,0,0,0,3,frac+sup+sub,681,44,0,0,False,104,130,0,16,89,80,235,18,9,0,0
20250829-0943-432b-04de-e316f5467146_19_14,59,52,2,25,15,4,1,0,0,0,0,3,5,frac+sup+sub+sqrt+textcircled,783,54,0,0,False,140,179,1,8,174,44,212,23,2,0,0
20250829-0943-432b-04de-e316f5467146_19_171,6,5,1,0,3,2,0,0,0,0,0,0,2,sup+sub,67,23,0,0,False,11,18,0,2,15,4,15,1,1,0,0
20250829-0943-432b-04de-e316f5467146_19_193,37,20,1,3,13,0,0,0,0,0,0,3,3,frac+sup+textcircled,411,48,0,0,False,72,106,2,2,108,34,66,19,2,0,0
20250829-0943-432b-04de-e316f5467146_19_44,34,47,4,11,16,2,3,1,0,0,0,9,6,frac+sup+sub+sqrt+env+textcircled,651,53,0,0,False,90,133,1,36,125,56,170,22,17,1,0
20250829-0948-50a2-07a3-7a4185010420_%e4%b8%80.15_127,9,6,1,4,1,0,0,0,0,0,0,0,2,frac+sup,106,21,0,0,False,0,31,0,6,27,6,28,7,1,0,0
20250829-0948-50a2-07a3-7a4185010420_%e4%b8%80.15_150,15,27,2,10,5,1,1,0,0,0,0,0,4,frac+sup+sub+sqrt,275,27,0,0,False,0,73,0,8,44,20,117,9,4,0,0
20250829-0948-50a2-07a3-7a4185010420_%e4%b8%80.15_30,16,37,2,9,6,5,1,0,0,0,0,0,4,frac+sup+sub+sqrt,343,27,0,0,False,0,96,0,11,47,30,155,0,4,0,0
20250829-0948-50a2-07a3-7a4185010420_%e4%b8%80.15_94,25,57,2,14,12,2,4,0,0,0,0,7,5,frac+sup+sub+sqrt+textcircled,526,56,4,2,True,18,121,0,18,69,38,231,26,5,0,0
20250829-0948-50a2-07a3-7a4185010420_%e4%b8%80.16_02,30,63,2,16,1,12,0,2,0,0,0,0,4,frac+sup+sub+env,714,66,0,0,False,80,119,0,34,75,87,249,57,11,2,0
20250829-0948-50a2-07a3-7a4185010420_%e4%b8%80.16_106,8,7,2,3,0,2,0,2,0,0,0,0,3,frac+sub+env,145,42,0,0,False,20,20,0,6,27,16,37,14,3,2,0
20250829-0948-50a2-07a3-7a4185010420_%e4%b8%80.16_136,17,42,2,13,1,8,0,1,0,0,0,5,5,frac+sup+sub+env+textcircled,539,48,0,0,False,70,85,0,23,75,62,191,24,6,3,0
20250829-0948-50a2-07a3-7a4185010420_%e4%b8%80.16_93,19,27,1,10,1,8,0,1,0,0,0,0,4,frac+sup+sub+env,410,49,2,2,True,57,66,0,20,54,56,124,21,11,1,0
20250829-0948-50a2-07a3-7a4185010420_%e4%b8%80.17_06,16,17,2,5,6,0,3,0,0,0,0,0,3,frac+sup+sqrt,226,46,0,0,False,36,42,0,7,43,15,65,15,3,0,0
20250829-0948-50a2-07a3-7a4185010420_%e4%b8%80.17_104,10,7,1,3,2,0,0,0,0,0,0,0,2,frac+sup,138,41,0,0,False,25,22,0,5,28,16,31,9,2,0,0
20250829-0948-50a2-07a3-7a4185010420_%e4%b8%80.17_111,19,24,2,7,5,0,3,0,0,0,0,0,3,frac+sup+sqrt,309,49,0,0,False,50,56,0,13,57,18,98,16,1,0,0
20250829-0948-50a2-07a3-7a4185010420_%e4%b8%80.17_39,26,42,2,11,7,3,4,4,0,0,0,3,6,frac+sup+sub+sqrt+env+textcircled,729,77,2,2,True,95,124,0,38,121,64,180,68,33,6,0
20250829-0948-50a2-07a3-7a4185010420_%e4%b8%80.17_41,26,27,2,8,5,0,6,0,0,0,0,0,3,frac+sup+sqrt,403,65,0,0,False,62,71,0,15,74,28,109,37,7,0,0
20250829-0948-50a2-07a3-7a4185010420_%e4%b8%80.17_53,7,5,1,2,1,0,0,0,0,0,0,0,2,frac+sup,89,34,0,0,False,15,11,0,2,13,10,23,11,4,0,0
20250829-0948-50a2-07a3-7a4185010420_%e4%b8%80.17_86,49,67,2,22,12,6,5,0,0,0,0,0,4,frac+sup+sub+sqrt,736,73,0,0,False,103,144,0,24,100,36,269,57,3,0,0
20250829-0948-50a2-07a3-7a4185010420_%e4%b8%80.17_98,31,32,2,10,7,0,6,2,0,0,0,2,5,frac+sup+sqrt+env+textcircled,456,74,0,0,False,70,81,0,14,81,24,132,42,10,2,0
20250829-0948-50a2-07a3-7a4185010420_%e4%b8%80.18_02,10,8,1,0,1,4,0,0,0,0,0,0,2,sup+sub,196,43,0,0,False,30,32,0,12,21,34,38,26,3,0,0
20250829-0948-50a2-07a3-7a4185010420_%e4%b8%80.18_03,14,37,2,2,4,9,1,0,0,0,0,0,4,frac+sup+sub+sqrt,403,48,0,0,False,58,80,0,37,43,44,119,17,5,0,0
20250829-0948-50a2-07a3-7a4185010420_%e4%b8%80.18_09,5,5,1,0,0,2,0,0,0,0,0,0,1,sub,94,27,0,0,False,15,19,0,8,10,16,15,8,3,0,0
20250829-0948-50a2-07a3-7a4185010420_%e4%b8%80.18_28,28,41,2,8,7,9,3,0,0,0,0,0,4,frac+sup+sub+sqrt,593,57,0,0,False,96,110,0,35,78,64,167,29,14,0,0
20250829-0948-50a2-07a3-7a4185010420_%e4%b8%80.18_33,13,39,2,3,10,11,3,0,0,0,0,0,4,frac+sup+sub+sqrt,320,37,0,0,False,40,62,0,18,35,34,127,2,2,0,0
20250829-0948-50a2-07a3-7a4185010420_%e4%b8%80.18_34,16,12,1,2,0,5,0,0,0,0,0,0,2,frac+sub,218,33,0,0,False,16,56,0,15,39,36,42,11,3,0,0
20250829-0948-50a2-07a3-7a4185010420_%e4%b8%80.18_38,24,37,2,3,6,11,4,0,0,0,0,0,4,frac+sup+sub+sqrt,446,48,0,0,False,70,94,0,36,62,52,119,7,6,0,0
20250829-0948-50a2-07a3-7a4185010420_%e4%b8%80.18_39,21,54,2,6,9,15,3,0,0,0,0,0,4,frac+sup+sub+sqrt,644,55,0,0,False,81,136,0,56,83,76,176,26,10,0,0
20250829-0948-50a2-07a3-7a4185010420_%e4%b8%80.19_108,40,127,3,10,21,14,0,0,0,0,0,0,3,frac+sup+sub,1044,63,0,0,False,197,150,3,27,135,76,409,40,7,0,0
20250829-0948-50a2-07a3-7a4185010420_%e4%b8%80.19_109,32,102,3,12,14,6,3,1,0,0,0,0,5,frac+sup+sub+sqrt+env,931,56,2,1,True,137,172,2,39,126,72,355,23,4,1,0
20250829-0948-50a2-07a3-7a4185010420_%e4%b8%80.19_23,8,8,2,4,3,0,0,0,0,0,0,0,2,frac+sup,148,35,0,0,False,23,25,0,6,22,16,34,22,0,0,0
20250829-0948-50a2-07a3-7a4185010420_%e4%b8%80.19_73,29,110,3,6,15,13,0,1,0,0,0,3,5,frac+sup+sub+env+textcircled,816,58,0,0,False,132,124,1,18,88,70,351,23,8,1,0
20250901-2343-4757-927b-89dd1c171615_16_109,12,7,1,1,5,0,0,0,0,0,0,0,2,frac+sup,155,42,0,0,False,53,15,1,27,13,2,23,19,2,0,0
20250901-2343-4757-927b-89dd1c171615_16_36,23,63,3,2,3,6,7,2,0,6,0,0,6,frac+sup+sub+sqrt+env+accent,781,97,2,2,True,161,102,3,50,57,32,221,116,37,2,0
20250901-2343-4757-927b-89dd1c171615_16_84,9,25,2,3,2,0,5,0,0,3,0,0,4,frac+sup+sqrt+accent,385,70,0,0,False,97,47,3,30,30,20,89,52,17,0,0
20250901-2343-4757-927b-89dd1c171615_16_88,16,39,2,2,2,0,5,2,0,5,0,2,6,frac+sup+sqrt+env+accent+textcircled,533,96,1,1,True,131,52,1,42,42,14,139,88,22,2,0
20250901-2343-4757-927b-89dd1c171615_17_17,15,38,2,9,6,4,0,0,0,0,0,2,4,frac+sup+sub+textcircled,498,87,7,3,True,58,109,0,3,47,36,152,83,10,0,0
20250901-2343-4757-927b-89dd1c171615_17_58,16,17,2,7,1,2,0,0,0,0,0,2,4,frac+sup+sub+textcircled,320,76,6,4,True,11,97,0,8,27,16,75,81,5,0,0
20250901-2343-4757-927b-89dd1c171615_17_68,20,52,2,7,6,9,1,0,0,0,0,4,5,frac+sup+sub+sqrt+textcircled,492,66,13,5,True,63,81,0,14,40,40,186,61,7,0,0
20250901-2343-4757-927b-89dd1c171615_17_94,2,5,2,2,2,0,0,0,0,0,0,0,2,frac+sup,76,24,0,0,False,14,18,0,0,11,12,19,1,1,0,0
20250901-2343-4757-927b-89dd1c171615_19_12,23,20,1,2,12,0,0,3,0,0,0,3,4,frac+sup+env+textcircled,382,42,0,0,False,76,42,0,20,43,64,79,46,9,3,0
20250901-2343-4757-927b-89dd1c171615_19_123,20,22,2,5,7,0,0,0,0,0,0,4,3,frac+sup+textcircled,402,42,0,0,False,81,46,0,21,57,42,78,59,18,0,0
20250901-2343-4757-927b-89dd1c171615_19_16,22,21,2,3,11,0,0,0,0,0,0,6,3,frac+sup+textcircled,461,82,2,2,True,62,48,0,18,48,56,75,128,26,0,0
20250901-2343-4757-927b-89dd1c171615_19_25,3,4,1,2,2,0,0,0,0,0,0,0,2,frac+sup,61,19,0,0,False,16,7,0,1,13,6,16,1,1,0,0
20250901-2343-4757-927b-89dd1c171615_19_26,23,67,2,13,6,6,0,2,0,0,0,5,5,frac+sup+sub+env+textcircled,723,57,0,0,False,109,109,0,28,88,86,251,39,11,2,0
20250901-2343-4757-927b-89dd1c171615_19_59,13,8,2,2,4,1,0,0,0,0,0,0,3,frac+sup+sub,201,33,0,0,False,36,25,0,13,28,30,28,33,8,0,0
20250901-2343-4757-927b-89dd1c171615_19_73,19,14,2,3,5,2,0,0,0,0,0,4,4,frac+sup+sub+textcircled,250,39,0,0,False,38,31,1,11,35,30,48,37,19,0,0
20250901-2343-4757-927b-89dd1c171615_19_90,2,4,1,2,2,0,0,0,0,0,0,0,2,frac+sup,55,19,0,0,False,13,5,0,3,8,8,16,1,1,0,0
20250903-1336-5488-d68d-1fe9c9911732_15_124,15,50,2,14,0,15,0,0,0,0,0,0,2,frac+sub,390,36,0,0,False,57,61,0,11,35,10,196,15,5,0,0
20250903-1336-5488-d68d-1fe9c9911732_15_58,27,106,3,22,4,19,0,1,0,0,0,2,5,frac+sup+sub+env+textcircled,903,52,0,0,False,121,141,0,17,111,42,443,20,7,1,0
20250903-1336-5488-d68d-1fe9c9911732_15_88,11,34,2,7,1,7,0,0,0,0,0,0,3,frac+sup+sub,349,51,1,1,True,41,53,0,15,26,24,138,45,7,0,0
20250903-1336-5488-d68d-1fe9c9911732_15_92,5,10,2,3,1,3,0,0,0,0,0,0,3,frac+sup+sub,108,33,0,0,False,19,11,0,6,11,10,40,8,3,0,0
20250903-1336-5488-d68d-1fe9c9911732_16_132,38,71,3,4,0,25,1,2,0,7,0,0,5,frac+sub+sqrt+env+accent,777,93,0,0,False,169,110,2,42,50,32,245,92,33,2,0
20250903-1336-5488-d68d-1fe9c9911732_16_186,23,48,2,2,0,13,4,2,0,7,0,0,5,frac+sub+sqrt+env+accent,644,75,0,0,False,103,103,1,43,37,36,197,80,41,3,0
20250903-1336-5488-d68d-1fe9c9911732_16_196,39,96,2,8,0,26,0,4,0,13,0,1,5,frac+sub+env+accent+textcircled,1137,86,0,0,False,175,185,2,62,90,68,380,105,62,8,0
20250903-1336-5488-d68d-1fe9c9911732_16_30,9,23,1,0,0,8,0,0,0,0,0,0,1,sub,188,34,0,0,False,61,24,0,4,8,2,71,17,1,0,0
20250903-1336-5488-d68d-1fe9c9911732_17_109,23,60,2,21,9,1,9,1,0,0,0,0,5,frac+sup+sub+sqrt+env,529,44,0,0,False,61,83,11,57,54,10,247,3,2,1,0
20250903-1336-5488-d68d-1fe9c9911732_17_15,18,46,2,15,3,1,10,0,0,0,0,0,4,frac+sup+sub+sqrt,405,46,0,0,False,61,50,7,34,43,12,182,12,4,0,0
20250903-1336-5488-d68d-1fe9c9911732_17_20,17,57,2,15,6,1,11,0,0,0,0,0,4,frac+sup+sub+sqrt,484,56,0,0,False,57,71,5,40,44,10,225,25,7,0,0
20250903-1336-5488-d68d-1fe9c9911732_17_47,18,105,3,15,8,1,14,0,0,0,0,0,4,frac+sup+sub+sqrt,749,44,0,0,False,90,117,1,25,80,13,407,15,1,0,0
20250903-1336-5488-d68d-1fe9c9911732_17_60,7,22,3,4,2,0,4,0,0,0,0,0,3,frac+sup+sqrt,167,30,0,0,False,15,26,1,20,15,2,86,1,1,0,0
20250903-1336-5488-d68d-1fe9c9911732_18_112,43,110,3,16,11,30,7,0,0,0,0,3,5,frac+sup+sub+sqrt+textcircled,991,64,2,2,True,119,225,0,46,108,32,398,56,7,0,0
20250903-1336-5488-d68d-1fe9c9911732_18_137,7,5,2,2,1,0,0,0,0,0,0,0,2,frac+sup,84,35,0,0,False,10,15,0,6,10,4,21,16,2,0,0
20250903-1336-5488-d68d-1fe9c9911732_18_183,22,129,3,11,4,15,4,3,0,0,0,4,6,frac+sup+sub+sqrt+env+textcircled,927,77,0,0,False,110,157,0,23,70,60,441,46,15,5,0
20250903-1336-5488-d68d-1fe9c9911732_18_29,27,110,2,4,12,17,5,0,0,0,0,8,5,frac+sup+sub+sqrt+textcircled,855,64,1,1,True,109,151,0,66,64,24,392,37,12,0,0
20250903-1336-5488-d68d-1fe9c9911732_19_107,17,23,1,11,6,2,0,0,0,0,0,0,3,frac+sup+sub,374,49,0,0,False,71,39,0,27,42,50,99,39,7,0,0
20250903-1336-5488-d68d-1fe9c9911732_19_126,19,16,1,6,9,0,0,0,0,0,0,0,2,frac+sup,364,59,4,4,True,83,31,0,23,36,68,62,60,1,0,0
20250903-1336-5488-d68d-1fe9c9911732_19_129,8,7,1,3,4,0,0,0,0,0,0,0,2,frac+sup,133,32,0,0,False,24,13,0,14,12,24,27,14,5,0,0
20250903-1336-5488-d68d-1fe9c9911732_19_169,21,45,1,9,9,6,0,0,0,0,0,0,3,frac+sup+sub,596,54,0,0,False,98,72,6,51,54,66,169,51,29,0,0
20250904-0316-3901-ffa0-f534d0588492_%e4%b8%89.16_131,24,41,3,9,7,1,9,1,0,0,0,0,5,frac+sup+sub+sqrt+env,518,63,1,1,True,87,74,27,56,57,22,167,21,6,1,0
20250904-0316-3901-ffa0-f534d0588492_%e4%b8%89.16_175,8,6,1,1,2,0,3,0,0,0,0,0,3,frac+sup+sqrt,101,39,0,0,False,25,13,1,15,9,4,20,12,2,0,0
20250904-0316-3901-ffa0-f534d0588492_%e4%b8%89.16_179,6,6,2,3,0,0,2,0,0,0,0,0,2,frac+sqrt,83,29,0,0,False,18,9,3,10,7,4,26,6,0,0,0
20250904-0316-3901-ffa0-f534d0588492_%e4%b8%89.16_60,20,23,2,8,6,1,2,0,0,0,0,0,4,frac+sup+sub+sqrt,378,58,0,0,False,132,23,3,53,29,4,91,34,9,0,0
20250904-0316-3901-ffa0-f534d0588492_%e4%b8%89.16_79,16,38,2,8,4,1,8,0,0,0,0,0,4,frac+sup+sub+sqrt,392,70,0,0,False,71,51,2,20,26,12,138,67,5,0,0
20250904-0316-3901-ffa0-f534d0588492_%e4%b8%89.17_188,33,144,2,5,0,28,5,1,0,4,0,0,5,frac+sub+sqrt+env+accent,1203,102,0,0,False,188,190,2,56,67,34,502,123,39,2,0
20250904-0316-3901-ffa0-f534d0588492_%e4%b8%89.17_24,47,122,3,7,10,25,8,0,0,0,0,0,4,frac+sup+sub+sqrt,1042,88,0,0,False,176,191,2,40,91,26,406,81,29,0,0
20250904-0316-3901-ffa0-f534d0588492_%e4%b8%89.17_79,24,125,2,6,1,22,3,1,0,3,0,0,6,frac+sup+sub+sqrt+env+accent,956,81,0,0,False,161,156,2,51,54,25,418,66,22,1,0
20250904-0316-3901-ffa0-f534d0588492_%e4%b8%89.17_96,5,17,1,0,0,4,0,0,0,0,0,0,1,sub,104,20,0,0,False,19,18,0,2,5,2,51,6,1,0,0
20250904-0321-09d8-4883-11af53938495_16_00,35,61,2,19,16,2,7,0,0,0,0,0,4,frac+sup+sub+sqrt,681,70,1,1,True,99,91,0,32,77,61,241,65,15,0,0
20250904-0321-09d8-4883-11af53938495_16_01,6,7,2,2,3,0,0,0,0,0,0,0,2,frac+sup,110,32,0,0,False,15,23,0,4,21,12,27,7,1,0,0
20250904-0321-09d8-4883-11af53938495_16_106,21,28,2,11,6,1,0,0,0,0,0,0,3,frac+sup+sub,397,46,0,0,False,71,52,0,29,53,51,114,20,7,0,0
20250904-0321-09d8-4883-11af53938495_16_81,26,51,2,11,13,2,10,0,0,0,0,0,4,frac+sup+sub+sqrt,568,60,0,0,False,96,72,0,33,72,72,187,30,6,0,0
20250904-0321-09d8-4883-11af53938495_17_00,51,77,2,20,27,2,0,2,0,0,0,12,5,frac+sup+sub+env+textcircled,1049,62,0,0,False,160,244,4,36,176,96,289,28,14,2,0
20250904-0321-09d8-4883-11af53938495_17_117,32,33,2,7,16,1,1,2,0,0,0,0,5,frac+sup+sub+sqrt+env,524,43,0,0,False,85,134,3,12,104,50,127,1,6,2,0
20250904-0321-09d8-4883-11af53938495_17_172,52,83,3,24,27,8,5,0,0,0,0,5,5,frac+sup+sub+sqrt+textcircled,1081,81,0,0,False,143,278,2,43,176,54,313,63,9,0,0
20250904-0321-09d8-4883-11af53938495_17_191,13,11,2,4,3,0,0,1,0,0,0,0,3,frac+sup+env,246,60,0,0,False,34,47,0,11,38,24,52,29,10,1,0
20250906-0057-2468-ab37-0e47ba776166_%e4%ba%8c.15_01,20,35,2,5,8,1,8,0,0,0,0,0,4,frac+sup+sub+sqrt,350,39,1,1,True,74,54,2,38,45,12,121,4,0,0,0
20250906-0057-2468-ab37-0e47ba776166_%e4%ba%8c.15_110,13,31,2,5,4,1,6,0,0,0,0,0,4,frac+sup+sub+sqrt,320,38,0,0,False,62,49,0,40,46,8,113,1,1,0,0
20250906-0057-2468-ab37-0e47ba776166_%e4%ba%8c.15_115,13,17,1,2,4,1,5,0,0,2,0,0,5,frac+sup+sub+sqrt+accent,195,42,0,0,False,41,21,2,34,18,12,59,6,2,0,0
20250906-0057-2468-ab37-0e47ba776166_%e4%ba%8c.15_147,15,38,2,7,5,2,6,0,0,0,0,0,4,frac+sup+sub+sqrt,403,47,0,0,False,74,57,3,46,47,12,152,8,4,0,0
20250906-0057-2468-ab37-0e47ba776166_%e4%ba%8c.15_149,23,56,2,8,9,1,7,1,0,0,0,0,5,frac+sup+sub+sqrt+env,618,62,0,0,False,105,101,8,62,83,20,213,17,8,1,0
20250906-0057-2468-ab37-0e47ba776166_%e4%ba%8c.15_18,15,22,3,4,3,1,6,0,0,0,0,0,4,frac+sup+sub+sqrt,238,50,1,1,True,39,31,2,22,25,10,78,25,6,0,0
20250906-0057-2468-ab37-0e47ba776166_%e4%ba%8c.15_29,22,36,2,3,9,1,8,0,0,0,0,0,4,frac+sup+sub+sqrt,432,55,1,1,True,77,78,2,45,59,10,129,28,4,0,0
20250906-0057-2468-ab37-0e47ba776166_%e4%ba%8c.15_34,24,56,3,6,9,1,9,1,0,0,0,0,5,frac+sup+sub+sqrt+env,605,56,0,0,False,110,99,2,73,77,16,217,7,3,1,0
20250906-0057-2468-ab37-0e47ba776166_%e4%ba%8c.16_116,20,10,1,0,9,0,0,0,0,0,0,0,1,sup,310,60,0,0,False,49,50,0,22,46,50,30,44,19,0,0
20250906-0057-2468-ab37-0e47ba776166_%e4%ba%8c.16_196,21,11,1,0,8,0,0,0,0,0,0,0,1,sup,430,78,2,2,True,67,64,0,21,57,72,33,97,19,0,0
20250906-0057-2468-ab37-0e47ba776166_%e4%ba%8c.16_29,17,13,1,0,9,2,0,0,0,0,0,0,2,sup+sub,264,46,0,0,False,44,52,0,10,44,42,39,26,7,0,0
20250906-0057-2468-ab37-0e47ba776166_%e4%ba%8c.16_31,18,14,1,0,10,2,0,0,0,0,0,0,2,sup+sub,264,45,0,0,False,46,51,0,15,47,32,42,28,3,0,0
20250906-0057-2468-ab37-0e47ba776166_%e4%ba%8c.17_118,15,29,2,10,4,2,3,0,0,0,0,0,4,frac+sup+sub+sqrt,377,61,1,1,True,42,51,18,16,39,44,127,33,7,0,0
20250906-0057-2468-ab37-0e47ba776166_%e4%ba%8c.17_141,22,74,3,20,3,0,4,0,0,0,0,0,3,frac+sup+sqrt,823,67,0,0,False,53,127,41,36,96,80,338,39,13,0,0
20250906-0057-2468-ab37-0e47ba776166_%e4%ba%8c.17_196,22,53,2,20,4,2,4,0,0,0,0,0,4,frac+sup+sub+sqrt,659,68,1,1,True,53,96,41,31,71,68,245,47,7,0,0
20250906-0057-2468-ab37-0e47ba776166_%e4%ba%8c.17_25,10,20,2,7,1,2,4,0,0,0,0,0,4,frac+sup+sub+sqrt,223,29,0,0,False,22,41,4,23,23,22,86,1,1,0,0
20250906-0057-2468-ab37-0e47ba776166_%e4%ba%8c.18_09,25,67,2,12,17,4,0,0,0,0,0,4,4,frac+sup+sub+textcircled,979,54,0,0,False,171,152,0,67,130,146,245,39,29,0,0
20250906-0057-2468-ab37-0e47ba776166_%e4%ba%8c.18_126,23,38,2,8,10,1,0,0,0,0,0,0,3,frac+sup+sub,769,63,0,0,False,124,105,0,29,88,128,144,120,31,0,0
20250906-0057-2468-ab37-0e47ba776166_%e4%ba%8c.18_47,22,37,3,8,8,4,0,0,0,0,0,4,4,frac+sup+sub+textcircled,465,45,0,0,False,76,73,0,31,54,62,133,22,14,0,0
20250906-0057-2468-ab37-0e47ba776166_%e4%ba%8c.18_80,14,30,2,11,9,0,0,0,0,0,0,0,2,frac+sup,355,29,0,0,False,55,63,0,17,60,36,120,3,1,0,0
20250906-0057-2468-ab37-0e47ba776166_%e4%ba%8c.19_00,19,57,3,9,10,8,0,0,0,0,0,0,3,frac+sup+sub,453,47,0,0,False,77,57,0,33,41,34,193,15,3,0,0
20250906-0057-2468-ab37-0e47ba776166_%e4%ba%8c.19_09,31,88,2,12,22,11,1,0,0,0,0,0,4,frac+sup+sub+sqrt,882,60,0,0,False,131,127,10,58,115,90,316,21,14,0,0
20250906-0057-2468-ab37-0e47ba776166_%e4%ba%8c.19_104,7,8,2,3,3,0,0,0,0,0,0,0,2,frac+sup,107,23,0,0,False,21,15,0,6,15,18,30,1,1,0,0
20250906-0057-2468-ab37-0e47ba776166_%e4%ba%8c.19_107,17,25,2,3,8,4,0,0,0,0,0,0,3,frac+sup+sub,345,64,0,0,False,63,38,0,26,40,54,83,35,6,0,0
20250906-0057-2468-ab37-0e47ba776166_%e4%ba%8c.19_112,12,37,2,8,10,2,0,0,0,0,0,0,3,frac+sup+sub,356,37,0,0,False,68,39,0,21,49,30,135,10,4,0,0
20250906-0057-2468-ab37-0e47ba776166_%e4%ba%8c.19_142,22,41,2,6,12,6,0,0,0,0,0,0,3,frac+sup+sub,411,45,0,0,False,77,54,0,30,49,50,139,9,3,0,0
20250906-0057-2468-ab37-0e47ba776166_%e4%ba%8c.19_31,22,20,2,5,10,1,0,0,0,0,0,0,3,frac+sup+sub,408,59,0,0,False,92,37,0,40,61,60,72,40,6,0,0
20250906-0057-2468-ab37-0e47ba776166_%e4%ba%8c.19_72,6,5,2,2,2,0,0,0,0,0,0,0,2,frac+sup,104,36,0,0,False,13,16,0,4,12,18,19,18,4,0,0
20250912-0723-5526-e880-1638d5001195_%e4%ba%8c.15_135,8,20,2,0,1,7,0,1,0,0,0,0,3,sup+sub+env,175,35,0,0,False,29,35,0,9,21,6,65,6,3,1,0
20250912-0723-5526-e880-1638d5001195_%e4%ba%8c.15_155,15,90,3,10,2,9,0,2,0,0,0,0,4,frac+sup+sub+env,853,51,0,0,False,88,156,0,5,115,56,389,37,4,3,0
20250912-0723-5526-e880-1638d5001195_%e4%ba%8c.15_24,19,72,2,11,6,12,0,2,0,0,0,0,4,frac+sup+sub+env,710,65,0,0,False,83,120,0,5,78,52,300,60,10,2,0
20250912-0723-5526-e880-1638d5001195_%e4%ba%8c.15_58,16,70,2,10,5,11,0,2,0,0,0,0,4,frac+sup+sub+env,677,55,1,1,True,84,114,0,5,81,50,296,36,9,2,0
20250912-0723-5526-e880-1638d5001195_%e4%ba%8c.16_121,21,61,3,5,4,0,9,2,0,4,0,0,5,frac+sup+sqrt+env+accent,778,108,2,1,True,170,78,1,41,65,26,241,99,53,4,0
20250912-0723-5526-e880-1638d5001195_%e4%ba%8c.16_164,21,112,3,7,1,12,12,4,0,12,0,0,6,frac+sup+sub+sqrt+env+accent,964,84,0,0,False,129,145,2,32,78,42,425,69,36,6,0
20250912-0723-5526-e880-1638d5001195_%e4%ba%8c.16_168,29,45,3,4,0,1,10,2,0,9,0,0,5,frac+sub+sqrt+env+accent,602,74,1,1,True,115,79,0,37,53,41,194,43,37,3,0
20250912-0723-5526-e880-1638d5001195_%e4%ba%8c.16_177,26,55,3,3,2,5,9,2,0,5,0,0,6,frac+sup+sub+sqrt+env+accent,662,85,0,0,False,154,69,1,41,50,26,215,79,25,2,0
20250912-0723-5526-e880-1638d5001195_%e4%ba%8c.17_114,24,39,2,8,2,2,11,0,0,0,0,2,5,frac+sup+sub+sqrt+textcircled,648,69,2,2,True,48,201,0,16,87,52,149,74,21,0,0
20250912-0723-5526-e880-1638d5001195_%e4%ba%8c.17_141,5,11,2,4,0,0,3,2,0,0,0,0,3,frac+sqrt+env,202,38,0,0,False,15,67,0,0,30,18,55,8,7,2,0
20250912-0723-5526-e880-1638d5001195_%e4%ba%8c.17_163,24,18,2,5,4,3,4,0,0,0,0,0,4,frac+sup+sub+sqrt,439,69,4,4,True,40,114,0,17,45,46,70,97,10,0,0
20250912-0723-5526-e880-1638d5001195_%e4%ba%8c.17_80,23,15,2,4,1,1,3,1,0,0,0,2,6,frac+sup+sub+sqrt+env+textcircled,444,73,6,5,True,36,107,0,6,42,22,62,152,16,1,0
20250912-0723-5526-e880-1638d5001195_%e4%ba%8c.19_00,38,69,2,2,19,6,0,0,0,0,0,0,3,frac+sup+sub,869,74,0,0,False,189,117,0,38,146,114,213,45,7,0,0
20250912-0723-5526-e880-1638d5001195_%e4%ba%8c.19_03,21,30,2,6,5,5,0,1,0,0,0,0,4,frac+sup+sub+env,514,70,0,0,False,78,77,5,21,75,80,109,57,11,1,0
20250912-0723-5526-e880-1638d5001195_%e4%ba%8c.19_07,8,4,1,1,2,0,0,0,0,0,0,0,2,frac+sup,154,36,0,0,False,30,26,0,9,29,28,16,13,3,0,0
20250912-0723-5526-e880-1638d5001195_%e4%ba%8c.19_127,24,42,2,9,5,6,0,0,0,0,0,0,3,frac+sup+sub,618,59,0,0,False,104,103,0,44,104,84,148,21,10,0,0
20250912-0723-5526-e880-1638d5001195_%e4%ba%8c.19_146,53,29,2,2,18,2,0,0,0,0,0,0,3,frac+sup+sub,732,79,1,1,True,161,104,0,49,132,104,93,82,7,0,0
20250912-0723-5526-e880-1638d5001195_%e4%ba%8c.19_176,8,7,1,1,2,0,0,1,0,0,0,0,3,frac+sup+env,183,30,0,0,False,36,26,0,8,37,28,40,4,1,3,0
20250912-0723-5526-e880-1638d5001195_%e4%ba%8c.19_198,11,7,1,2,3,0,0,0,0,0,0,0,2,frac+sup,234,34,0,0,False,53,36,0,15,46,46,27,9,2,0,0
20250912-0723-5526-e880-1638d5001195_%e4%ba%8c.19_71,17,27,2,5,4,6,0,1,0,0,0,0,4,frac+sup+sub+env,447,53,0,0,False,73,70,0,24,66,78,98,23,14,1,0
20250913-0821-097b-0e63-d8dfb5016574_%e4%b8%80.16_06,30,44,2,17,6,0,5,0,0,0,0,0,3,frac+sup+sqrt,560,58,0,0,False,1,80,78,71,71,30,184,44,1,0,0
20250913-0821-097b-0e63-d8dfb5016574_%e4%b8%80.16_110,20,53,2,18,6,0,4,0,0,0,0,0,3,frac+sup+sqrt,568,31,0,0,False,2,84,73,47,71,58,233,0,0,0,0
20250913-0821-097b-0e63-d8dfb5016574_%e4%b8%80.16_132,28,61,2,21,8,0,6,0,0,0,0,0,3,frac+sup+sqrt,686,58,0,0,False,5,100,83,75,82,50,261,23,7,0,0
20250913-0821-097b-0e63-d8dfb5016574_%e4%b8%80.16_133,23,54,2,19,6,0,5,0,0,0,0,0,3,frac+sup+sqrt,580,36,0,0,False,2,87,72,52,77,56,232,1,1,0,0
20250913-0821-097b-0e63-d8dfb5016574_%e4%b8%80.16_160,18,29,2,11,4,0,3,0,0,0,0,0,3,frac+sup+sqrt,308,32,0,0,False,2,47,39,29,41,24,123,2,1,0,0
20250913-0821-097b-0e63-d8dfb5016574_%e4%b8%80.16_48,22,48,2,17,5,0,4,0,0,0,0,0,3,frac+sup+sqrt,554,44,0,0,False,3,74,70,66,71,48,212,9,1,0,0
20250913-0821-097b-0e63-d8dfb5016574_%e4%b8%80.16_75,27,108,3,23,11,0,3,0,0,0,0,0,3,frac+sup+sqrt,977,40,0,0,False,2,139,110,95,110,63,444,11,3,0,0
20250913-0821-097b-0e63-d8dfb5016574_%e4%b8%80.16_85,19,49,3,14,8,0,4,0,0,0,0,0,3,frac+sup+sqrt,480,40,0,0,False,2,76,50,50,62,32,199,9,0,0,0
20250913-0821-097b-0e63-d8dfb5016574_%e4%b8%80.17_100,28,15,1,3,0,0,0,1,0,3,0,0,3,frac+env+accent,401,57,1,1,True,53,99,7,18,74,58,60,12,19,1,0
20250913-0821-097b-0e63-d8dfb5016574_%e4%b8%80.17_132,30,41,1,5,0,0,0,2,0,14,0,0,3,frac+env+accent,492,61,1,1,True,80,68,7,24,64,38,157,28,24,2,0
20250913-0821-097b-0e63-d8dfb5016574_%e4%b8%80.17_54,8,8,1,0,0,3,0,0,0,3,0,0,2,sub+accent,95,22,0,0,False,15,20,0,1,20,10,26,1,2,0,0
20250913-0821-097b-0e63-d8dfb5016574_%e4%b8%80.17_73,45,61,3,4,2,3,3,1,0,15,0,0,6,frac+sup+sub+sqrt+env+accent,757,61,1,1,True,136,148,7,28,134,58,219,12,12,3,0
20250915-1217-09f4-78c5-af7146901132_%e4%ba%8c.15_107,8,7,1,2,1,2,0,1,0,0,0,0,4,frac+sup+sub+env,176,64,0,0,False,31,27,0,14,29,12,30,28,4,1,0
20250915-1217-09f4-78c5-af7146901132_%e4%ba%8c.15_134,14,14,2,4,4,1,0,1,0,0,0,0,4,frac+sup+sub+env,260,63,0,0,False,35,49,0,15,43,18,66,26,6,2,0
20250915-1217-09f4-78c5-af7146901132_%e4%ba%8c.15_194,21,24,2,8,7,3,0,0,0,0,0,2,4,frac+sup+sub+textcircled,411,85,6,6,True,68,62,1,33,62,32,90,47,16,0,0
20250915-1217-09f4-78c5-af7146901132_%e4%ba%8c.15_22,19,12,2,4,2,2,0,0,0,0,0,2,4,frac+sup+sub+textcircled,217,54,0,0,False,25,40,1,18,36,20,46,23,8,0,0
20250915-1217-09f4-78c5-af7146901132_%e4%ba%8c.15_34,21,32,2,7,6,4,0,1,0,0,0,6,5,frac+sup+sub+env+textcircled,500,97,7,5,True,67,74,3,21,70,32,123,92,16,2,0
20250915-1217-09f4-78c5-af7146901132_%e4%ba%8c.15_47,18,22,2,4,5,4,2,0,0,0,0,2,5,frac+sup+sub+sqrt+textcircled,398,84,0,0,False,64,58,1,19,60,34,80,71,11,0,0
20250915-1217-09f4-78c5-af7146901132_%e4%ba%8c.15_50,21,18,2,5,3,3,0,0,0,0,0,2,4,frac+sup+sub+textcircled,330,81,2,2,True,52,54,1,24,54,20,70,49,6,0,0
20250915-1217-09f4-78c5-af7146901132_%e4%ba%8c.15_70,23,30,2,8,7,3,2,2,0,0,0,2,6,frac+sup+sub+sqrt+env+textcircled,408,71,0,0,False,72,69,1,28,64,18,123,26,4,3,0
20250916-0658-4889-b9ca-51548b850223_15_178,19,31,2,5,9,2,0,0,0,0,0,0,3,frac+sup+sub,625,56,0,0,False,126,82,0,41,92,72,115,71,26,0,0
20250916-0658-4889-b9ca-51548b850223_15_33,24,41,2,7,10,3,0,2,0,0,0,0,4,frac+sup+sub+env,689,77,1,1,True,98,98,0,39,82,78,165,107,20,2,0
20250916-0658-4889-b9ca-51548b850223_15_70,8,6,1,2,2,0,0,1,0,0,0,0,3,frac+sup+env,130,30,0,0,False,29,21,0,2,22,20,27,4,4,1,0
20250916-0658-4889-b9ca-51548b850223_15_79,20,38,2,10,5,3,0,1,0,0,0,0,4,frac+sup+sub+env,532,56,0,0,False,88,87,0,23,91,52,168,16,5,2,0
20250916-0658-4889-b9ca-51548b850223_16_03,9,14,2,2,6,0,0,2,0,0,0,0,3,frac+sup+env,188,29,0,0,False,36,33,0,6,29,20,58,3,1,2,0
20250916-0658-4889-b9ca-51548b850223_16_05,33,21,1,0,9,2,0,1,0,0,0,3,4,sup+sub+env+textcircled,567,78,2,2,True,89,86,0,34,76,90,68,105,18,1,0
20250916-0658-4889-b9ca-51548b850223_16_119,21,20,2,0,13,0,0,2,0,0,0,0,2,sup+env,526,70,0,0,False,87,81,0,35,82,80,75,76,7,3,0
20250916-0658-4889-b9ca-51548b850223_16_84,17,22,1,2,9,0,0,1,0,0,0,3,4,frac+sup+env+textcircled,411,53,0,0,False,58,98,0,14,82,48,77,29,4,1,0
20250916-0658-4889-b9ca-51548b850223_17_153,29,39,2,9,15,2,0,0,0,0,0,0,3,frac+sup+sub,476,60,1,1,True,92,52,0,19,49,62,141,54,7,0,0
20250916-0658-4889-b9ca-51548b850223_17_164,9,11,2,2,4,1,0,0,0,0,0,0,3,frac+sup+sub,185,41,0,0,False,30,21,0,13,19,30,41,22,9,0,0
20250916-0658-4889-b9ca-51548b850223_17_32,24,60,2,12,15,5,0,0,0,0,0,2,4,frac+sup+sub+textcircled,818,66,0,0,False,147,83,0,50,81,106,222,96,33,0,0
20250916-0658-4889-b9ca-51548b850223_17_57,29,45,2,12,11,5,0,0,0,0,0,0,3,frac+sup+sub,589,62,0,0,False,113,61,0,47,68,65,167,48,20,0,0
20250916-0658-4889-b9ca-51548b850223_18_112,37,57,2,8,19,5,0,0,0,0,0,0,3,frac+sup+sub,731,71,0,0,False,158,73,0,58,109,88,191,47,7,0,0
20250916-0658-4889-b9ca-51548b850223_18_140,10,3,1,0,3,0,0,0,0,0,0,0,1,sup,148,40,0,0,False,36,16,0,18,27,22,9,18,2,0,0
20250916-0658-4889-b9ca-51548b850223_18_172,24,37,1,3,16,5,0,0,0,0,0,0,3,frac+sup+sub,622,61,0,0,False,132,59,0,56,109,74,121,64,7,0,0
20250916-0658-4889-b9ca-51548b850223_18_84,26,43,2,7,17,0,0,0,0,0,0,0,2,frac+sup,564,47,0,0,False,120,64,0,37,92,58,153,26,14,0,0
20250917-0224-5414-c8b8-e7e46c157027_15_02,16,50,2,9,6,8,0,0,0,0,0,0,3,frac+sup+sub,516,76,4,1,True,31,149,1,0,42,18,188,76,11,0,0
20250917-0224-5414-c8b8-e7e46c157027_15_17,17,55,2,11,6,6,0,0,0,0,0,0,3,frac+sup+sub,575,71,2,1,True,41,163,0,5,46,32,215,61,12,0,0
20250917-0224-5414-c8b8-e7e46c157027_15_28,12,16,2,5,2,3,0,0,0,0,0,0,3,frac+sup+sub,305,83,11,4,True,17,79,1,5,21,18,64,83,17,0,0
20250917-0224-5414-c8b8-e7e46c157027_15_30,10,14,2,3,2,3,0,0,0,0,0,0,3,frac+sup+sub,236,73,7,3,True,14,62,2,3,18,10,50,66,11,0,0
20250917-0224-5414-c8b8-e7e46c157027_15_47,11,49,2,8,6,8,0,0,0,0,0,0,3,frac+sup+sub,414,50,1,1,True,30,108,0,0,29,16,181,45,5,0,0
20250917-0224-5414-c8b8-e7e46c157027_15_59,13,49,2,9,6,5,0,0,0,0,0,0,3,frac+sup+sub,432,41,0,0,False,27,141,0,2,33,16,189,16,8,0,0
20250917-0224-5414-c8b8-e7e46c157027_15_65,17,56,2,10,5,3,0,0,0,0,0,0,3,frac+sup+sub,576,82,5,3,True,32,169,0,6,45,20,216,79,9,0,0
20250917-0224-5414-c8b8-e7e46c157027_15_73,17,52,2,10,7,8,0,0,0,0,0,0,3,frac+sup+sub,516,63,0,0,False,35,156,0,3,42,18,196,55,11,0,0
20250917-0224-5414-c8b8-e7e46c157027_16_04,15,23,2,5,0,8,1,1,0,0,3,0,5,frac+sub+sqrt+env+stackrel,350,68,0,0,False,71,54,1,17,25,22,102,34,23,1,0
20250917-0224-5414-c8b8-e7e46c157027_16_11,18,31,3,5,0,10,1,2,0,2,4,0,6,frac+sub+sqrt+env+accent+stackrel,405,70,0,0,False,83,49,1,26,26,18,139,40,21,2,0
20250917-0224-5414-c8b8-e7e46c157027_16_35,26,26,2,4,0,13,1,1,0,1,0,0,5,frac+sub+sqrt+env+accent,405,73,0,0,False,94,51,0,33,23,18,115,51,19,1,0
20250917-0224-5414-c8b8-e7e46c157027_16_51,27,95,3,12,3,23,6,0,0,0,0,0,4,frac+sup+sub+sqrt,769,64,0,0,False,160,124,1,28,67,4,335,42,8,0,0
20250917-0224-5414-c8b8-e7e46c157027_16_57,25,26,2,5,0,13,1,1,0,0,2,0,5,frac+sub+sqrt+env+stackrel,390,64,0,0,False,91,56,2,18,33,22,109,32,26,1,0
20250917-0224-5414-c8b8-e7e46c157027_16_65,29,47,2,7,0,18,2,3,0,1,0,0,5,frac+sub+sqrt+env+accent,656,82,0,0,False,149,80,15,34,36,24,196,89,28,5,0
20250917-0224-5414-c8b8-e7e46c157027_16_68,19,43,2,7,0,12,1,3,0,1,3,0,6,frac+sub+sqrt+env+accent+stackrel,609,92,0,0,False,111,76,2,29,47,22,207,82,27,6,0
20250917-0224-5414-c8b8-e7e46c157027_16_71,29,48,2,12,0,15,3,2,0,0,0,0,4,frac+sub+sqrt+env,624,75,0,0,False,136,98,2,27,43,26,201,57,29,5,0
20250917-0224-5414-c8b8-e7e46c157027_17_01,14,42,2,9,5,1,4,0,0,0,0,0,4,frac+sup+sub+sqrt,448,41,0,0,False,81,86,1,41,51,10,176,1,1,0,0
20250917-0224-5414-c8b8-e7e46c157027_17_10,12,25,2,9,2,0,2,0,0,0,0,0,3,frac+sup+sqrt,278,33,0,0,False,53,36,3,43,24,8,109,1,1,0,0
20250917-0224-5414-c8b8-e7e46c157027_17_63,27,87,3,19,11,0,7,0,0,0,0,0,3,frac+sup+sqrt,763,39,0,0,False,103,179,1,30,89,8,351,1,1,0,0
20250917-0224-5414-c8b8-e7e46c157027_17_71,22,72,3,18,6,0,3,0,0,0,0,0,3,frac+sup+sqrt,638,47,0,0,False,109,110,3,41,65,8,292,9,1,0,0
20250917-0224-5414-c8b8-e7e46c157027_18_01,27,71,2,9,5,13,3,3,0,0,0,0,5,frac+sup+sub+sqrt+env,721,62,0,0,False,151,126,0,27,86,35,264,17,12,3,0
20250917-0224-5414-c8b8-e7e46c157027_18_06,24,75,2,8,6,13,2,3,0,0,0,0,5,frac+sup+sub+sqrt+env,685,58,0,0,False,118,132,0,16,85,32,268,20,11,3,0
20250917-0224-5414-c8b8-e7e46c157027_18_07,20,94,3,8,6,12,2,0,0,0,0,0,4,frac+sup+sub+sqrt,815,62,0,0,False,149,148,2,30,91,51,316,17,11,0,0
20250917-0224-5414-c8b8-e7e46c157027_18_12,29,70,2,8,6,13,5,2,0,0,0,0,5,frac+sup+sub+sqrt+env,757,90,2,1,True,148,119,12,44,91,44,240,42,15,2,0
20250917-0224-5414-c8b8-e7e46c157027_18_13,24,82,3,12,8,11,2,2,0,0,0,0,5,frac+sup+sub+sqrt+env,672,59,0,0,False,119,124,0,8,73,22,294,22,8,2,0
20250917-0224-5414-c8b8-e7e46c157027_18_52,35,84,3,12,11,14,7,4,0,0,0,0,5,frac+sup+sub+sqrt+env,725,64,0,0,False,120,132,0,31,86,28,300,17,7,4,0
20250917-0224-5414-c8b8-e7e46c157027_18_56,21,67,4,7,4,10,3,2,0,0,0,0,5,frac+sup+sub+sqrt+env,569,59,0,0,False,90,108,3,10,72,14,245,16,9,2,0
20250917-0224-5414-c8b8-e7e46c157027_18_59,16,30,2,3,5,6,4,1,0,0,0,0,5,frac+sup+sub+sqrt+env,286,40,0,0,False,45,63,0,3,37,26,101,3,7,1,0
20250917-0850-557e-a7b5-76c773514305_16_18,30,68,2,18,6,0,8,0,0,0,0,3,4,frac+sup+sqrt+textcircled,731,59,0,0,False,59,135,39,36,74,54,288,30,16,0,0
20250917-0850-557e-a7b5-76c773514305_16_197,16,34,2,13,1,0,5,0,0,0,0,0,3,frac+sup+sqrt,434,44,1,1,True,33,73,28,27,41,47,154,21,10,0,0
20250917-0850-557e-a7b5-76c773514305_16_54,6,18,1,5,3,0,3,0,0,0,0,0,3,frac+sup+sqrt,178,34,1,1,True,19,29,5,21,18,10,68,7,1,0,0
20250917-0850-557e-a7b5-76c773514305_16_72,21,60,2,17,2,1,8,1,0,0,0,0,5,frac+sup+sub+sqrt+env,655,51,1,1,True,50,141,32,33,80,26,271,16,5,1,0
20250917-0850-557e-a7b5-76c773514305_17_186,7,8,1,2,0,0,4,0,0,0,0,0,2,frac+sqrt,134,28,0,0,False,26,15,3,26,19,10,32,3,0,0,0
20250917-0850-557e-a7b5-76c773514305_17_192,27,51,2,9,9,4,6,1,0,0,0,0,5,frac+sup+sub+sqrt+env,567,68,0,0,False,92,68,8,46,58,62,186,37,8,2,0
20250917-0850-557e-a7b5-76c773514305_17_196,31,72,2,17,8,0,12,3,0,0,0,0,4,frac+sup+sqrt+env,739,50,0,0,False,111,98,19,63,91,28,295,23,7,4,0
20250917-0850-557e-a7b5-76c773514305_17_58,21,40,2,15,0,0,9,1,0,0,0,0,3,frac+sqrt+env,458,40,0,0,False,50,59,19,51,63,20,185,8,2,1,0
20250917-0850-557e-a7b5-76c773514305_18_114,55,84,4,18,26,15,0,0,0,0,0,0,3,frac+sup+sub,969,75,2,1,True,159,145,0,47,118,120,298,65,17,0,0
20250917-0850-557e-a7b5-76c773514305_18_149,29,78,2,12,24,6,0,0,0,0,0,2,4,frac+sup+sub+textcircled,1009,73,1,1,True,178,142,0,43,122,136,272,99,17,0,0
20250917-0850-557e-a7b5-76c773514305_18_199,19,38,2,8,11,2,0,0,0,0,0,0,3,frac+sup+sub,582,55,2,1,True,100,88,5,22,84,80,144,43,16,0,0
20250917-0850-557e-a7b5-76c773514305_18_61,8,12,1,2,4,2,0,0,0,0,0,0,3,frac+sup+sub,112,25,0,0,False,14,27,0,4,13,8,42,4,0,0,0
20250917-1206-23a2-8f6e-972b5b337375_16_136,5,11,1,0,0,4,0,0,0,0,0,0,1,sub,115,34,0,0,False,19,21,0,4,14,4,33,18,2,0,0
20250917-1206-23a2-8f6e-972b5b337375_16_142,21,85,2,12,8,17,0,0,0,0,0,0,3,frac+sup+sub,621,34,0,0,False,87,98,0,15,80,12,321,7,1,0,0
20250917-1206-23a2-8f6e-972b5b337375_16_169,29,106,3,14,7,18,0,1,0,0,0,11,5,frac+sup+sub+env+textcircled,738,47,0,0,False,78,135,0,13,80,16,401,11,3,1,0
20250917-1206-23a2-8f6e-972b5b337375_16_28,20,137,2,18,8,19,0,0,0,0,0,3,4,frac+sup+sub+textcircled,952,55,1,1,True,111,155,0,12,91,16,535,29,3,0,0
20250918-0139-1634-a8b1-30a529526108_15_108,4,2,1,2,0,0,0,0,0,0,0,0,1,frac,51,22,0,0,False,13,7,1,8,5,2,10,4,1,0,0
20250918-0139-1634-a8b1-30a529526108_15_198,21,28,2,8,1,3,6,0,0,0,0,0,4,frac+sup+sub+sqrt,361,52,0,0,False,74,50,6,38,51,18,104,18,2,0,0
20250918-0139-1634-a8b1-30a529526108_15_22,34,50,3,16,2,4,9,0,0,0,0,0,4,frac+sup+sub+sqrt,589,50,0,0,False,95,91,9,55,81,20,204,25,9,0,0
20250918-0139-1634-a8b1-30a529526108_15_64,43,80,3,19,11,1,19,0,0,0,0,0,4,frac+sup+sub+sqrt,822,58,1,1,True,120,138,4,70,107,14,318,39,12,0,0
20250918-0139-1634-a8b1-30a529526108_16_105,13,41,2,6,4,4,0,0,0,0,0,0,3,frac+sup+sub,452,51,4,3,True,26,146,0,5,38,24,157,36,20,0,0
20250918-0139-1634-a8b1-30a529526108_16_121,11,30,2,6,3,3,0,0,0,0,0,0,3,frac+sup+sub,327,48,0,0,False,18,113,0,2,24,16,114,24,16,0,0
20250918-0139-1634-a8b1-30a529526108_16_129,16,50,2,9,4,4,0,0,0,0,0,0,3,frac+sup+sub,542,56,2,1,True,25,184,0,4,51,24,202,33,19,0,0
20250918-0139-1634-a8b1-30a529526108_16_138,12,42,2,6,4,4,0,0,0,0,0,0,3,frac+sup+sub,399,53,2,2,True,25,127,0,0,29,14,162,35,7,0,0
20250918-0139-1634-a8b1-30a529526108_16_144,6,3,1,1,0,0,0,0,0,0,0,0,1,frac,103,27,1,1,True,3,42,0,2,13,14,15,7,7,0,0
20250918-0139-1634-a8b1-30a529526108_16_158,3,1,1,1,0,0,0,0,0,0,0,0,1,frac,86,30,1,1,True,2,37,0,1,13,10,5,9,9,0,0
20250918-0139-1634-a8b1-30a529526108_16_35,12,33,2,5,3,3,0,0,0,0,0,0,3,frac+sup+sub,390,59,6,2,True,22,130,0,1,29,24,125,42,17,0,0
20250918-0139-1634-a8b1-30a529526108_16_42,9,40,2,6,4,4,0,0,0,0,0,0,3,frac+sup+sub,394,42,1,1,True,24,130,0,0,37,20,156,15,12,0,0
20250918-0139-1634-a8b1-30a529526108_19_114,32,127,2,14,20,15,0,0,0,0,0,0,3,frac+sup+sub,994,73,7,5,True,149,160,0,32,94,88,425,40,6,0,0
20250918-0139-1634-a8b1-30a529526108_19_138,5,8,2,3,3,0,0,0,0,0,0,0,2,frac+sup,122,46,0,0,False,22,16,0,6,11,16,30,18,3,0,0
20250918-0139-1634-a8b1-30a529526108_19_159,12,30,2,7,7,0,0,0,0,0,0,0,2,frac+sup,395,43,0,0,False,91,41,0,16,50,70,112,12,3,0,0
20250918-0139-1634-a8b1-30a529526108_19_53,25,65,2,10,15,0,0,1,0,0,0,0,3,frac+sup+env,876,79,3,3,True,175,104,0,33,104,122,234,80,23,1,0
20250919-0513-32c0-d6b9-b851f6035002_%e4%b8%80.16_30,28,49,1,15,11,0,2,0,0,0,0,0,3,frac+sup+sqrt,597,70,1,1,True,61,117,0,18,68,64,216,49,4,0,0
20250919-0513-32c0-d6b9-b851f6035002_%e4%b8%80.16_39,18,43,2,11,10,5,0,2,0,0,0,0,4,frac+sup+sub+env,457,55,0,0,False,60,73,0,19,41,52,178,21,7,6,0
20250919-0513-32c0-d6b9-b851f6035002_%e4%b8%80.16_59,15,20,2,4,3,3,5,1,0,0,0,0,5,frac+sup+sub+sqrt+env,250,49,1,1,True,40,51,0,11,27,20,75,20,5,1,0
20250919-0513-32c0-d6b9-b851f6035002_%e4%b8%80.16_72,24,56,2,15,10,1,5,2,0,0,0,0,5,frac+sup+sub+sqrt+env,658,75,2,1,True,63,108,0,35,63,74,232,67,14,2,0
20250919-0513-32c0-d6b9-b851f6035002_%e4%b8%80.18_198,18,58,2,5,4,7,0,0,0,0,0,3,4,frac+sup+sub+textcircled,549,48,0,0,False,91,84,0,17,53,81,194,22,7,0,0
20250919-0513-32c0-d6b9-b851f6035002_%e4%b8%80.18_21,6,0,0,0,0,0,0,0,0,0,0,0,0,,57,22,0,0,False,16,6,0,3,6,20,0,5,1,0,0
20250919-0513-32c0-d6b9-b851f6035002_%e4%b8%80.18_39,15,3,1,0,3,0,0,0,0,0,0,0,1,sup,287,53,1,1,True,65,37,0,28,39,70,9,30,9,0,0
20250919-0513-32c0-d6b9-b851f6035002_%e4%b8%80.18_63,27,87,2,9,5,12,0,1,0,0,0,0,4,frac+sup+sub+env,807,60,2,1,True,131,117,0,20,69,118,306,36,9,1,0
20250921-1152-3270-2243-37534b172423_16_02,28,61,3,11,10,9,2,1,0,0,0,4,6,frac+sup+sub+sqrt+env+textcircled,737,53,0,0,False,106,169,1,11,115,54,229,30,19,3,0
20250921-1152-3270-2243-37534b172423_16_18,9,8,1,0,6,0,0,2,0,0,0,0,2,sup+env,223,48,0,0,False,44,54,0,4,47,14,34,22,2,2,0
20250921-1152-3270-2243-37534b172423_16_181,33,27,1,14,4,0,0,1,0,0,0,5,4,frac+sup+env+textcircled,517,55,0,0,False,62,99,1,6,85,56,123,67,16,2,0
20250921-1152-3270-2243-37534b172423_16_73,30,26,2,14,1,0,0,1,0,0,0,5,4,frac+sup+env+textcircled,479,57,3,3,True,77,77,0,7,80,42,130,47,17,2,0
20250921-1152-3270-2243-37534b172423_17_124,14,53,2,5,13,10,0,0,0,0,0,0,3,frac+sup+sub,449,40,0,0,False,63,83,0,15,82,16,173,14,3,0,0
20250921-1152-3270-2243-37534b172423_17_130,21,83,2,8,19,11,0,0,0,0,0,0,3,frac+sup+sub,744,42,0,0,False,89,167,0,10,138,52,273,13,2,0,0
20250921-1152-3270-2243-37534b172423_17_153,11,39,2,4,10,8,0,0,0,0,0,3,4,frac+sup+sub+textcircled,332,37,0,0,False,45,59,0,14,57,12,127,15,3,0,0
20250921-1152-3270-2243-37534b172423_17_19,8,27,1,0,8,8,0,0,0,0,0,0,2,sup+sub,232,25,0,0,False,40,45,0,7,47,10,81,1,1,0,0
20250921-1152-3270-2243-37534b172423_17_196,11,37,2,3,11,9,0,0,0,0,0,0,3,frac+sup+sub,301,24,0,0,False,43,61,0,10,58,8,119,1,1,0,0
20250922-1146-07f8-fe84-d27ab8974168_17_07,18,35,2,9,6,5,0,0,0,0,0,0,3,frac+sup+sub,477,83,3,3,True,36,140,2,3,50,34,137,64,11,0,0
20250922-1146-07f8-fe84-d27ab8974168_17_08,9,10,2,3,1,0,0,0,0,0,0,0,2,frac+sup,172,56,2,2,True,2,55,1,5,18,8,48,30,5,0,0
20250922-1146-07f8-fe84-d27ab8974168_17_33,2,5,2,2,1,0,0,0,0,0,0,0,2,frac+sup,95,23,0,0,False,1,45,0,0,10,16,21,1,1,0,0
20250922-1146-07f8-fe84-d27ab8974168_17_42,12,8,2,4,1,1,0,0,0,0,0,0,3,frac+sup+sub,232,68,6,4,True,7,75,2,4,23,12,36,65,8,0,0
20250923-0044-33bb-bcb2-ec539b608487_%e4%b8%80.17_04,15,41,3,4,7,5,1,1,0,0,0,0,5,frac+sup+sub+sqrt+env,366,56,0,0,False,50,77,0,18,33,16,144,21,6,1,0
20250923-0044-33bb-bcb2-ec539b608487_%e4%b8%80.17_17,2,7,2,1,1,0,1,0,0,0,0,0,3,frac+sup+sqrt,50,26,0,0,False,5,8,0,0,2,2,25,6,2,0,0
20250923-0044-33bb-bcb2-ec539b608487_%e4%b8%80.17_199,16,94,3,11,5,9,1,2,0,0,0,0,5,frac+sup+sub+sqrt+env,737,65,0,0,False,111,119,1,27,65,36,339,23,11,5,0
20250923-0044-33bb-bcb2-ec539b608487_%e4%b8%80.17_20,20,88,3,10,7,11,1,1,0,0,0,0,5,frac+sup+sub+sqrt+env,661,65,0,0,False,108,115,1,22,57,26,303,18,10,1,0
20250924-0149-1937-4298-dae6af069156_17_104,23,122,3,13,9,17,3,2,0,0,0,0,5,frac+sup+sub+sqrt+env,920,71,0,0,False,145,159,1,42,92,22,430,23,4,2,0
20250924-0149-1937-4298-dae6af069156_17_148,18,59,3,12,7,6,0,2,0,0,0,0,4,frac+sup+sub+env,485,50,0,0,False,61,98,0,15,40,20,231,9,9,2,0
20250924-0149-1937-4298-dae6af069156_17_52,5,18,3,2,2,1,2,1,0,0,0,0,5,frac+sup+sub+sqrt+env,163,49,0,0,False,16,25,0,7,12,4,72,19,4,4,0
20250924-0149-1937-4298-dae6af069156_17_75,21,107,3,10,9,14,1,1,0,0,0,0,5,frac+sup+sub+sqrt+env,889,74,0,0,False,140,158,0,64,77,26,370,37,16,1,0
20250924-0247-5099-e682-6d078a188993_15_07,23,103,2,12,13,16,2,0,0,0,0,0,4,frac+sup+sub+sqrt,753,35,1,1,True,99,126,0,24,97,34,365,7,1,0,0
20250924-0247-5099-e682-6d078a188993_15_134,17,94,2,5,10,14,2,0,0,0,0,0,4,frac+sup+sub+sqrt,674,40,0,0,False,91,110,0,19,89,33,320,10,2,0,0
20250924-0247-5099-e682-6d078a188993_15_138,27,137,2,14,15,21,2,0,0,0,0,0,4,frac+sup+sub+sqrt,1029,60,0,0,False,111,190,0,29,130,34,503,29,3,0,0
20250924-0247-5099-e682-6d078a188993_15_17,4,12,2,1,0,4,0,0,0,0,0,0,2,frac+sub,88,17,0,0,False,19,12,0,0,8,6,40,2,1,0,0
20250924-0247-5099-e682-6d078a188993_15_69,5,32,2,4,0,5,1,0,0,0,0,0,3,frac+sub+sqrt,210,22,0,0,False,39,26,0,0,18,4,112,7,4,0,0
20250924-0247-5099-e682-6d078a188993_15_77,5,19,2,1,0,5,0,0,0,0,0,0,2,frac+sub,150,29,0,0,False,31,17,0,4,13,12,61,11,1,0,0
20250924-0247-5099-e682-6d078a188993_15_91,13,96,2,10,2,12,0,0,0,0,0,0,3,frac+sup+sub,624,21,1,1,True,100,90,0,6,60,6,360,1,1,0,0
20250924-0247-5099-e682-6d078a188993_15_92,5,20,2,3,0,5,0,0,0,0,0,0,2,frac+sub,136,18,0,0,False,38,8,0,3,15,4,66,1,1,0,0
20250924-0247-5099-e682-6d078a188993_16_106,17,67,2,15,5,4,0,0,0,7,0,0,4,frac+sup+sub+accent,648,60,0,0,False,43,197,0,5,81,18,267,32,5,0,0
20250924-0247-5099-e682-6d078a188993_16_128,15,77,3,13,4,5,0,0,2,7,0,0,5,frac+sup+sub+bigop+accent,568,52,7,2,True,63,129,0,6,68,14,269,15,4,0,0
20250924-0247-5099-e682-6d078a188993_16_154,9,29,2,5,1,1,0,0,1,4,0,0,5,frac+sup+sub+bigop+accent,218,46,6,2,True,26,47,0,4,19,4,101,13,4,0,0
20250924-0247-5099-e682-6d078a188993_16_168,25,95,3,19,6,6,0,0,1,12,0,0,5,frac+sup+sub+bigop+accent,921,63,7,1,True,74,276,0,6,132,28,361,34,10,0,0
20250924-0247-5099-e682-6d078a188993_19_151,19,21,3,4,6,1,0,0,0,0,0,0,3,frac+sup+sub,307,75,1,1,True,45,44,0,20,29,26,73,60,10,0,0
20250924-0247-5099-e682-6d078a188993_19_162,6,6,2,1,1,1,0,0,0,0,0,0,3,frac+sup+sub,67,27,0,0,False,11,15,0,3,7,6,22,1,2,0,0
20250924-0247-5099-e682-6d078a188993_19_180,26,112,4,15,14,16,5,1,0,0,0,0,5,frac+sup+sub+sqrt+env,947,85,0,0,False,115,155,16,34,93,44,425,49,15,1,0
20250924-0247-5099-e682-6d078a188993_19_63,30,37,3,5,9,4,2,1,0,0,0,5,6,frac+sup+sub+sqrt+env+textcircled,484,101,5,4,True,55,82,17,30,52,22,139,75,11,1,0
20250924-0513-024d-6953-9cddf7171325_16_04,27,18,2,1,9,1,0,1,0,0,0,3,5,frac+sup+sub+env+textcircled,536,62,0,0,False,84,90,0,38,81,78,63,84,17,1,0
20250924-0513-024d-6953-9cddf7171325_16_110,8,5,1,0,5,0,0,0,0,0,0,0,1,sup,132,35,0,0,False,30,17,0,7,20,26,15,15,2,0,0
20250924-0513-024d-6953-9cddf7171325_16_114,17,16,2,1,7,3,0,1,0,0,0,3,5,frac+sup+sub+env+textcircled,292,52,0,0,False,59,57,1,10,51,36,55,18,4,1,0
20250924-0513-024d-6953-9cddf7171325_16_149,16,13,2,0,5,3,0,1,0,0,0,3,4,sup+sub+env+textcircled,405,72,1,1,True,73,66,0,12,60,64,44,58,27,1,0
20250924-0513-024d-6953-9cddf7171325_16_198,21,32,2,7,7,0,0,1,0,0,0,4,4,frac+sup+env+textcircled,593,84,0,0,False,87,101,0,20,77,64,135,98,10,1,0
20250924-0513-024d-6953-9cddf7171325_16_58,34,36,2,1,18,6,0,1,0,0,0,5,5,frac+sup+sub+env+textcircled,689,59,0,0,False,134,114,0,24,118,106,117,66,9,1,0
20250924-0513-024d-6953-9cddf7171325_16_62,17,10,2,0,7,1,0,1,0,0,0,0,3,sup+sub+env,256,53,0,0,False,54,41,0,12,42,36,35,30,5,1,0
20250924-0513-024d-6953-9cddf7171325_16_94,7,5,2,0,3,0,0,1,0,0,0,0,2,sup+env,145,54,0,0,False,28,18,0,9,18,18,20,30,3,1,0
20250924-0513-024d-6953-9cddf7171325_17_117,27,48,3,6,15,0,4,6,0,0,0,0,4,frac+sup+sqrt+env,702,41,0,0,False,182,92,0,10,124,58,198,24,2,12,0
20250924-0513-024d-6953-9cddf7171325_17_145,20,34,2,5,12,0,2,2,0,0,0,3,5,frac+sup+sqrt+env+textcircled,485,42,0,0,False,101,84,0,18,80,52,128,13,5,4,0
20250924-0513-024d-6953-9cddf7171325_17_172,18,26,2,5,12,0,2,2,0,0,0,0,4,frac+sup+sqrt+env,446,38,0,0,False,104,63,0,10,76,68,106,11,5,3,0
20250924-0513-024d-6953-9cddf7171325_17_18,5,9,1,0,2,0,3,0,0,0,0,0,2,sup+sqrt,125,26,0,0,False,31,17,0,4,23,18,27,4,1,0,0
20250924-0513-024d-6953-9cddf7171325_17_184,17,23,2,4,10,0,1,2,0,0,0,0,4,frac+sup+sqrt+env,376,35,0,0,False,79,59,0,9,62,54,100,6,2,5,0
20250924-0513-024d-6953-9cddf7171325_17_25,6,9,1,0,5,0,0,1,0,0,0,0,2,sup+env,173,32,0,0,False,42,30,0,8,30,20,32,7,2,2,0
20250924-0513-024d-6953-9cddf7171325_17_55,13,20,1,5,4,0,0,2,0,0,0,3,4,frac+sup+env+textcircled,319,39,0,0,False,64,51,0,10,47,44,86,11,3,3,0
20250924-0513-024d-6953-9cddf7171325_17_97,20,14,1,0,12,0,1,0,0,0,0,0,2,sup+sqrt,288,25,0,0,False,69,61,0,3,65,44,42,3,1,0,0
20250924-2229-55b2-270a-a4d6f0216854_15_100,26,35,3,13,6,0,4,0,0,0,0,0,3,frac+sup+sqrt,536,54,0,0,False,90,105,0,35,102,28,141,25,10,0,0
20250924-2229-55b2-270a-a4d6f0216854_15_110,9,8,1,0,1,0,6,0,0,0,0,0,2,sup+sqrt,133,38,0,0,False,33,21,0,6,23,8,24,14,4,0,0
20250924-2229-55b2-270a-a4d6f0216854_15_178,16,13,2,6,2,0,5,0,0,0,0,0,3,frac+sup+sqrt,255,50,0,0,False,46,45,0,21,45,10,51,35,2,0,0
20250924-2229-55b2-270a-a4d6f0216854_15_193,20,14,2,7,1,0,3,0,0,0,0,0,3,frac+sup+sqrt,320,49,0,0,False,62,66,0,10,68,16,62,31,5,0,0
20250924-2229-55b2-270a-a4d6f0216854_17_159,19,26,2,7,10,0,0,0,0,0,0,0,2,frac+sup,360,45,0,0,False,47,56,0,21,62,48,96,25,5,0,0
20250924-2229-55b2-270a-a4d6f0216854_17_16,16,37,3,7,11,0,0,0,0,0,0,0,2,frac+sup,461,58,0,0,False,72,67,0,22,67,62,135,33,3,0,0
20250924-2229-55b2-270a-a4d6f0216854_17_53,21,88,3,10,13,10,0,0,0,0,0,0,3,frac+sup+sub,724,43,0,0,False,73,138,0,19,95,66,318,13,2,0,0
20250924-2229-55b2-270a-a4d6f0216854_17_68,6,7,2,2,2,0,0,0,0,0,0,0,2,frac+sup,125,30,0,0,False,16,19,0,2,21,22,27,16,2,0,0
20250924-2229-55b2-270a-a4d6f0216854_19_163,42,43,2,12,16,5,0,0,0,0,0,2,4,frac+sup+sub+textcircled,546,70,1,1,True,75,87,0,32,63,58,157,64,10,0,0
20250924-2229-55b2-270a-a4d6f0216854_19_190,33,74,3,22,19,2,0,2,0,0,0,0,4,frac+sup+sub+env,957,80,1,1,True,117,159,0,32,121,117,308,83,18,2,0
20250924-2229-55b2-270a-a4d6f0216854_19_49,31,30,2,8,12,0,5,0,0,0,0,0,3,frac+sup+sqrt,471,78,0,0,False,75,83,1,10,70,50,112,65,5,0,0
20250924-2229-55b2-270a-a4d6f0216854_19_92,8,17,3,4,3,1,2,2,0,0,0,0,5,frac+sup+sub+sqrt+env,171,35,0,0,False,19,34,0,4,16,15,73,7,0,3,0
20250925-0232-42f2-b523-a5d15b420018_15_05,21,12,1,0,0,5,0,2,0,0,0,2,3,sub+env+textcircled,269,48,0,0,False,56,35,0,26,61,30,46,8,5,2,0
20250925-0232-42f2-b523-a5d15b420018_15_139,13,4,1,0,2,1,0,1,0,0,0,0,3,sup+sub+env,159,45,2,2,True,32,28,2,16,40,14,17,7,1,2,0
20250925-0232-42f2-b523-a5d15b420018_15_40,10,6,1,0,0,3,0,1,0,0,0,0,2,sub+env,201,45,0,0,False,36,35,0,15,47,24,23,4,13,4,0
20250925-0232-42f2-b523-a5d15b420018_15_74,7,2,1,0,0,1,0,1,0,0,0,0,2,sub+env,133,49,0,0,False,27,22,0,10,33,16,11,10,2,2,0
20250925-0232-42f2-b523-a5d15b420018_16_11,16,53,2,15,3,0,9,0,0,0,0,0,3,frac+sup+sqrt,465,33,0,0,False,0,81,44,31,48,30,223,2,6,0,0
20250925-0232-42f2-b523-a5d15b420018_16_127,10,25,3,9,1,0,5,2,0,0,0,0,4,frac+sup+sqrt+env,259,35,0,0,False,0,35,33,28,24,16,115,2,4,2,0
20250925-0232-42f2-b523-a5d15b420018_16_155,33,82,2,30,0,0,20,0,0,0,0,3,3,frac+sqrt+textcircled,728,35,0,0,False,0,131,67,58,65,44,342,8,13,0,0
20250925-0232-42f2-b523-a5d15b420018_16_168,15,44,2,14,0,0,7,0,0,0,0,0,2,frac+sqrt,394,26,0,0,False,0,71,39,25,36,26,192,0,5,0,0
20250925-0232-42f2-b523-a5d15b420018_16_179,14,44,2,13,0,0,9,0,0,0,0,0,2,frac+sqrt,385,28,0,0,False,0,72,34,24,36,24,188,2,5,0,0
20250925-0232-42f2-b523-a5d15b420018_16_196,19,47,3,17,2,0,11,1,0,0,0,0,4,frac+sup+sqrt+env,414,37,0,0,False,0,68,42,32,37,26,196,6,6,1,0
20250925-0232-42f2-b523-a5d15b420018_16_74,12,37,2,10,0,0,5,0,0,0,0,0,2,frac+sqrt,340,31,0,0,False,0,62,35,14,31,26,161,3,8,0,0
20250925-0232-42f2-b523-a5d15b420018_16_96,12,35,2,10,0,0,7,0,0,0,0,0,2,frac+sqrt,293,33,0,0,False,1,57,21,16,26,18,147,3,4,0,0
20250925-0232-42f2-b523-a5d15b420018_17_13,14,39,2,5,7,9,0,0,0,0,0,0,3,frac+sup+sub,380,46,0,0,False,52,74,0,10,51,22,153,15,3,0,0
20250925-0232-42f2-b523-a5d15b420018_17_170,16,58,2,6,3,11,0,1,0,0,0,4,5,frac+sup+sub+env+textcircled,496,44,0,0,False,62,107,0,7,59,20,219,11,10,1,0
20250925-0232-42f2-b523-a5d15b420018_17_77,27,75,1,12,7,18,0,0,0,0,0,0,3,frac+sup+sub,705,42,0,0,False,83,151,0,8,96,42,305,17,3,0,0
20250925-0232-42f2-b523-a5d15b420018_17_88,16,33,1,6,3,10,0,0,0,0,0,0,3,frac+sup+sub,344,38,0,0,False,35,83,0,8,47,18,141,10,2,0,0
